time,node_id,observed_arrival_rate,smoothed_arrival_rate,waiting_queue_size,idle,predicted_queue_size,proactive_queue_threshold,proactive_risk
0.000,0,0.000,0.000,0,true,0.000,9.600,false
0.000,1,3.000,3.000,1,false,30.476,16.800,true
0.000,2,3.000,3.000,1,false,30.476,25.200,true
0.000,3,3.000,3.000,2,false,30.476,36.000,false
0.000,4,3.000,3.000,2,false,30.476,48.000,false
1.000,0,1.000,0.300,2,false,3.476,9.600,false
1.000,1,1.000,2.400,2,false,24.476,16.800,true
1.000,2,3.000,3.000,4,false,32.476,25.200,true
1.000,3,2.000,2.700,4,false,29.476,36.000,false
1.000,4,5.000,3.600,7,false,41.476,48.000,false
2.000,0,0.000,0.210,2,false,2.576,9.600,false
2.000,1,3.000,2.580,5,false,29.276,16.800,true
2.000,2,2.000,2.700,6,false,31.476,25.200,true
2.000,3,3.000,2.790,7,false,33.376,36.000,false
2.000,4,5.000,4.020,12,false,50.676,48.000,false
3.000,0,1.000,0.447,3,false,5.946,9.600,false
3.000,1,1.000,2.106,6,false,25.536,16.800,true
3.000,2,3.000,2.790,9,false,35.376,25.200,true
3.000,3,2.000,2.553,9,false,33.006,36.000,false
3.000,4,0.000,2.814,12,false,38.616,48.000,false
4.000,0,2.000,0.913,5,false,12.605,9.600,false
4.000,1,3.000,2.374,9,false,31.218,16.800,true
4.000,2,2.000,2.553,11,false,35.006,25.200,true
4.000,3,2.000,2.387,11,false,33.347,36.000,false
4.000,4,10.000,4.970,13,false,70.174,48.000,true
5.000,0,0.000,0.639,9,false,13.866,9.600,false
5.000,1,0.000,1.662,12,false,27.096,16.800,false
5.000,2,5.000,3.287,16,false,47.347,25.200,true
5.000,3,4.000,2.871,15,false,42.186,36.000,false
5.000,4,4.000,4.679,17,false,62.265,48.000,false
6.000,0,0.000,0.447,9,false,11.949,9.600,false
6.000,1,0.000,1.163,12,false,22.110,16.800,false
6.000,2,1.000,2.601,17,false,41.486,25.200,true
6.000,3,3.000,2.910,18,false,45.573,36.000,false
6.000,4,1.000,3.575,17,false,51.228,48.000,false
7.000,0,2.000,0.913,11,false,18.607,9.600,false
7.000,1,2.000,1.414,14,false,26.620,16.800,false
7.000,2,2.000,2.421,19,false,41.683,25.200,false
7.000,3,2.000,2.637,20,false,44.844,36.000,false
7.000,4,2.000,3.103,19,false,48.503,48.000,false
8.000,0,1.000,0.939,12,false,19.868,9.600,false
8.000,1,1.000,1.290,14,false,25.377,16.800,false
8.000,2,3.000,2.594,22,false,46.421,25.200,true
8.000,3,2.000,2.446,22,false,44.934,36.000,false
8.000,4,5.000,3.672,24,false,59.195,48.000,false
9.000,0,1.000,0.957,13,false,21.051,9.600,false
9.000,1,2.000,1.503,16,false,29.507,16.800,false
9.000,2,4.000,3.016,26,false,54.638,25.200,true
9.000,3,2.000,2.312,24,false,45.596,36.000,false
9.000,4,4.000,3.770,28,false,64.179,48.000,false
10.000,0,0.000,0.670,13,false,18.178,9.600,false
10.000,1,2.000,1.652,18,false,32.997,16.800,false
10.000,2,1.000,2.411,27,false,49.589,25.200,false
10.000,3,2.000,2.218,26,false,46.660,36.000,false
10.000,4,5.000,4.139,33,false,72.868,48.000,false
11.000,0,2.000,1.069,15,false,24.168,9.600,true
11.000,1,3.000,2.056,21,false,40.041,16.800,true
11.000,2,4.000,2.888,31,false,58.355,25.200,true
11.000,3,8.000,3.953,24,false,72.005,36.000,true
11.000,4,3.000,3.797,35,false,71.451,48.000,false
12.000,0,1.000,1.048,24,false,32.960,9.600,true
12.000,1,2.000,2.040,25,false,43.872,16.800,true
12.000,2,1.000,2.322,32,false,53.692,25.200,false
12.000,3,6.000,4.567,30,false,74.146,36.000,true
12.000,4,6.000,4.458,41,false,84.058,48.000,false
13.000,0,2.000,1.334,26,false,37.815,9.600,true
13.000,1,0.000,1.428,25,false,37.753,16.800,false
13.000,2,3.000,2.525,35,false,58.727,25.200,true
13.000,3,1.000,3.497,31,false,64.445,36.000,false
13.000,4,4.000,4.321,45,false,86.684,48.000,false
14.000,0,2.000,1.534,28,false,41.813,9.600,true
14.000,1,1.000,1.299,26,false,37.470,16.800,false
14.000,2,1.000,2.068,36,false,55.152,25.200,false
14.000,3,5.000,3.948,35,false,72.955,36.000,true
14.000,4,9.000,5.725,54,false,109.721,48.000,true
15.000,0,0.000,1.074,28,false,37.212,9.600,true
15.000,1,2.000,1.510,28,false,41.572,16.800,false
15.000,2,3.000,2.347,39,false,60.949,25.200,false
15.000,3,3.000,3.663,38,false,73.111,36.000,true
15.000,4,7.000,6.107,60,false,119.548,48.000,true
16.000,0,2.000,1.352,30,false,41.991,9.600,true
16.000,1,2.000,1.657,30,false,45.043,16.800,false
16.000,2,1.000,1.943,40,false,57.907,25.200,false
16.000,3,1.000,2.864,39,false,66.121,36.000,false
16.000,4,3.000,5.175,63,false,113.226,48.000,true
17.000,0,0.000,0.946,29,false,36.937,9.600,false
17.000,1,2.000,1.760,32,false,48.073,16.800,true
17.000,2,2.000,1.960,42,false,60.078,25.200,false
17.000,3,1.000,2.305,40,false,61.527,36.000,false
17.000,4,4.000,4.823,67,false,113.701,48.000,true
18.000,0,0.000,0.662,29,false,34.099,9.600,false
18.000,1,3.000,2.132,35,false,54.794,16.800,true
18.000,2,2.000,1.972,44,false,62.197,25.200,false
18.000,3,1.000,1.914,41,false,58.612,36.000,false
18.000,4,8.000,5.776,75,false,131.234,48.000,true
19.000,0,1.000,0.764,30,false,36.112,9.600,false
19.000,1,3.000,2.392,38,false,60.399,16.800,true
19.000,2,3.000,2.280,47,false,68.281,25.200,false
19.000,3,7.000,3.440,48,false,80.871,36.000,false
19.000,4,6.000,5.843,81,false,137.906,48.000,true
20.000,0,3.000,1.435,33,false,45.821,9.600,true
20.000,1,1.000,1.975,39,false,57.222,16.800,true
20.000,2,3.000,2.496,49,false,72.440,25.200,false
20.000,3,6.000,4.208,54,false,94.553,36.000,true
20.000,4,5.000,5.590,86,false,140.377,48.000,true
21.000,0,1.000,1.304,34,false,45.518,9.600,true
21.000,1,1.000,1.682,40,false,55.298,16.800,true
21.000,2,4.000,2.947,53,false,80.951,25.200,true
21.000,3,2.000,3.545,55,false,88.930,36.000,false
21.000,4,2.000,4.513,88,false,131.607,48.000,false
22.000,0,1.000,1.213,35,false,45.605,9.600,true
22.000,1,1.000,1.478,40,false,53.252,16.800,false
22.000,2,5.000,3.563,57,false,91.108,25.200,true
22.000,3,1.000,2.782,56,false,82.294,36.000,false
22.000,4,3.000,4.059,91,false,130.068,48.000,false
23.000,0,0.000,0.849,35,false,41.967,9.600,false
23.000,1,3.000,1.934,43,false,60.819,16.800,true
23.000,2,2.000,3.094,59,false,88.419,25.200,true
23.000,3,1.000,2.247,57,false,77.948,36.000,false
23.000,4,3.000,3.741,94,false,129.890,48.000,false
24.000,0,1.000,0.894,35,false,42.419,9.600,false
24.000,1,1.000,1.654,44,false,59.016,16.800,false
24.000,2,3.000,3.066,62,false,91.136,25.200,true
24.000,3,2.000,2.173,59,false,79.207,36.000,false
24.000,4,2.000,3.219,96,false,126.666,48.000,false
25.000,0,0.000,0.626,35,false,39.736,9.600,false
25.000,1,0.000,1.158,44,false,54.054,16.800,false
25.000,2,4.000,3.346,65,false,96.938,25.200,true
25.000,3,4.000,2.721,63,false,88.688,36.000,false
25.000,4,1.000,2.553,97,false,121.009,48.000,false
26.000,0,1.000,0.738,36,false,41.858,9.600,false
26.000,1,4.000,2.010,48,false,66.581,16.800,true
26.000,2,3.000,3.242,68,false,98.899,25.200,true
26.000,3,3.000,2.805,65,false,91.524,36.000,false
26.000,4,3.000,2.687,100,false,125.349,48.000,false
27.000,0,1.000,0.817,37,false,43.644,9.600,false
27.000,1,1.000,1.707,48,false,63.549,16.800,true
27.000,2,1.000,2.570,69,false,93.172,25.200,true
27.000,3,2.000,2.563,67,false,91.110,36.000,false
27.000,4,4.000,3.081,104,false,133.287,48.000,false
28.000,0,0.000,0.572,37,false,41.193,9.600,false
28.000,1,0.000,1.195,48,false,58.427,16.800,false
28.000,2,3.000,2.699,72,false,97.464,25.200,true
28.000,3,9.000,4.494,76,false,119.420,36.000,true
28.000,4,7.000,4.257,110,false,151.044,48.000,false
29.000,0,1.000,0.700,38,false,43.478,9.600,false
29.000,1,2.000,1.437,50,false,62.842,16.800,false
29.000,2,2.000,2.489,73,false,96.367,25.200,false
29.000,3,4.000,4.346,80,false,121.937,36.000,true
29.000,4,0.000,2.980,110,false,138.274,48.000,false
30.000,0,1.000,0.790,39,false,45.378,9.600,false
30.000,1,1.000,1.306,51,false,62.532,16.800,false
30.000,2,4.000,2.942,77,false,104.900,25.200,true
30.000,3,2.000,3.642,82,false,116.899,36.000,true
30.000,4,3.000,2.986,113,false,141.334,48.000,false
31.000,0,0.000,0.553,39,false,43.007,9.600,false
31.000,1,0.000,0.914,51,false,58.615,16.800,false
31.000,2,1.000,2.360,78,false,100.073,25.200,false
31.000,3,4.000,3.750,86,false,121.972,36.000,true
31.000,4,3.000,2.990,116,false,144.377,48.000,false
32.000,0,1.000,0.687,40,false,45.348,9.600,false
32.000,1,0.000,0.640,51,false,55.874,16.800,false
32.000,2,2.000,2.252,80,false,100.994,25.200,false
32.000,3,5.000,4.125,91,false,130.723,36.000,true
32.000,4,3.000,2.993,119,false,147.407,48.000,false
33.000,0,1.000,0.781,41,false,47.286,9.600,false
33.000,1,2.000,1.048,53,false,61.954,16.800,false
33.000,2,2.000,2.176,82,false,102.239,25.200,false
33.000,3,6.000,4.687,96,false,141.349,36.000,true
33.000,4,4.000,3.295,123,false,154.428,48.000,false
34.000,0,1.000,0.847,42,false,48.943,9.600,false
34.000,1,2.000,1.333,55,false,66.811,16.800,false
34.000,2,3.000,2.423,85,false,107.710,25.200,false
34.000,3,4.000,4.481,100,false,143.287,36.000,true
34.000,4,5.000,3.807,127,false,163.542,48.000,false
35.000,0,1.000,0.893,43,false,50.403,9.600,false
35.000,1,3.000,1.833,57,false,73.811,16.800,true
35.000,2,1.000,1.996,86,false,104.440,25.200,false
35.000,3,5.000,4.637,105,false,149.844,36.000,true
35.000,4,4.000,3.865,131,false,168.122,48.000,false
36.000,0,0.000,0.625,43,false,47.725,9.600,false
36.000,1,3.000,2.183,60,false,80.310,16.800,true
36.000,2,1.000,1.697,87,false,102.451,25.200,false
36.000,3,4.000,4.446,109,false,151.934,36.000,true
36.000,4,6.000,4.505,136,false,179.529,48.000,false
37.000,0,0.000,0.437,43,false,45.850,9.600,false
37.000,1,1.000,1.828,61,false,77.760,16.800,true
37.000,2,2.000,1.788,89,false,105.358,25.200,false
37.000,3,4.000,4.312,112,false,153.596,36.000,true
37.000,4,3.000,4.054,139,false,178.013,48.000,false
38.000,0,2.000,0.906,45,false,52.538,9.600,false
38.000,1,0.000,1.280,61,false,72.275,16.800,false
38.000,2,1.000,1.552,90,false,103.994,25.200,false
38.000,3,5.000,4.518,117,false,160.660,36.000,true
38.000,4,4.000,4.038,143,false,181.852,48.000,false
39.000,0,0.000,0.634,45,false,49.820,9.600,false
39.000,1,2.000,1.496,63,false,76.435,16.800,false
39.000,2,3.000,1.986,93,false,111.338,25.200,false
39.000,3,4.000,4.363,121,false,163.105,36.000,true
39.000,4,5.000,4.326,148,false,189.739,48.000,false
40.000,0,1.000,0.744,46,false,51.917,9.600,false
40.000,1,2.000,1.647,65,false,79.948,16.800,false
40.000,2,4.000,2.590,87,false,121.380,25.200,true
40.000,3,1.000,3.354,122,false,154.016,36.000,false
40.000,4,6.000,4.828,153,false,199.760,48.000,true
41.000,0,0.000,0.521,56,false,59.684,9.600,false
41.000,1,3.000,2.053,58,false,87.006,16.800,true
41.000,2,3.000,2.713,90,false,115.609,25.200,true
41.000,3,5.000,3.848,127,false,163.954,36.000,true
41.000,4,1.000,3.680,154,false,189.275,48.000,false
42.000,0,0.000,0.365,65,false,67.122,9.600,false
42.000,1,2.000,2.037,59,false,77.847,16.800,true
42.000,2,1.000,2.199,90,false,110.469,25.200,false
42.000,3,5.000,4.193,132,false,172.411,36.000,true
42.000,4,3.000,3.476,157,false,190.235,48.000,false
43.000,0,1.000,0.555,66,false,70.028,9.600,false
43.000,1,1.000,1.726,60,false,75.736,16.800,true
43.000,2,2.000,2.139,92,false,111.871,25.200,false
43.000,3,4.000,4.135,136,false,175.830,36.000,true
43.000,4,5.000,3.933,162,false,199.808,48.000,false
44.000,0,0.000,0.389,66,false,68.363,9.600,false
44.000,1,3.000,2.108,63,false,82.558,16.800,true
44.000,2,3.000,2.398,95,false,117.453,25.200,false
44.000,3,3.000,3.795,139,false,175.424,36.000,true
44.000,4,4.000,3.953,166,false,204.008,48.000,false
45.000,0,0.000,0.272,66,false,67.197,9.600,false
45.000,1,1.000,1.776,64,false,80.233,16.800,true
45.000,2,1.000,1.978,96,false,114.260,25.200,false
45.000,3,3.000,3.556,141,false,175.040,36.000,false
45.000,4,5.000,4.267,170,false,211.149,48.000,false
46.000,0,2.000,0.790,68,false,74.381,9.600,false
46.000,1,2.000,1.843,66,false,82.906,16.800,true
46.000,2,4.000,2.585,100,false,124.325,25.200,true
46.000,3,3.000,3.389,144,false,176.371,36.000,false
46.000,4,4.000,4.187,174,false,214.347,48.000,false
47.000,0,1.000,0.853,69,false,76.009,9.600,false
47.000,1,2.000,1.890,68,false,85.377,16.800,true
47.000,2,0.000,1.809,100,false,116.570,25.200,false
47.000,3,2.000,2.973,146,false,174.202,36.000,false
47.000,4,0.000,2.931,174,false,201.786,48.000,false
48.000,0,1.000,0.897,59,false,66.449,9.600,false
48.000,1,0.000,1.323,78,false,89.707,16.800,false
48.000,2,2.000,1.867,102,false,119.142,25.200,false
48.000,3,0.000,2.081,146,false,165.285,36.000,false
48.000,4,2.000,2.652,176,false,200.993,48.000,false
49.000,0,1.000,0.928,60,false,67.757,9.600,false
49.000,1,2.000,1.526,79,false,92.738,16.800,false
49.000,2,3.000,2.207,105,false,125.542,25.200,false
49.000,3,2.000,2.057,148,false,167.042,36.000,false
49.000,4,6.000,3.656,182,false,217.038,48.000,false
50.000,0,1.000,0.950,71,false,78.973,9.600,false
50.000,1,0.000,1.068,79,false,88.159,16.800,false
50.000,2,3.000,2.445,107,false,129.922,25.200,false
50.000,3,5.000,2.940,152,false,179.872,36.000,false
50.000,4,8.000,4.959,179,false,227.069,48.000,true
51.000,0,2.000,1.265,73,false,84.124,9.600,true
51.000,1,2.000,1.348,81,false,92.954,16.800,false
51.000,2,4.000,2.911,111,false,138.589,25.200,true
51.000,3,4.000,3.258,156,false,187.053,36.000,false
51.000,4,1.000,3.772,180,false,216.191,48.000,false
52.000,0,2.000,1.485,75,false,88.330,9.600,true
52.000,1,3.000,1.843,84,false,100.911,16.800,true
52.000,2,1.000,2.338,112,false,133.855,25.200,false
52.000,3,2.000,2.880,158,false,185.280,36.000,false
52.000,4,7.000,4.740,187,false,232.877,48.000,false
53.000,0,0.000,1.040,75,false,83.874,9.600,true
53.000,1,1.000,1.590,85,false,99.380,16.800,false
53.000,2,1.000,1.937,112,false,129.841,25.200,false
53.000,3,2.000,2.616,160,false,184.639,36.000,false
53.000,4,4.000,4.518,191,false,234.657,48.000,false
54.000,0,1.000,1.028,76,false,84.754,9.600,true
54.000,1,2.000,1.713,86,false,101.609,16.800,true
54.000,2,3.000,2.256,115,false,136.032,25.200,false
54.000,3,3.000,2.731,163,false,188.790,36.000,false
54.000,4,3.000,4.063,193,false,232.103,48.000,false
55.000,0,1.000,1.019,77,false,85.671,9.600,true
55.000,1,0.000,1.199,86,false,96.469,16.800,false
55.000,2,1.000,1.879,116,false,133.265,25.200,false
55.000,3,0.000,1.912,163,false,180.596,36.000,false
55.000,4,2.000,3.444,195,false,227.915,48.000,false
56.000,0,0.000,0.714,77,false,82.613,9.600,false
56.000,1,1.000,1.140,87,false,96.871,16.800,false
56.000,2,6.000,3.115,122,false,151.628,25.200,true
56.000,3,0.000,1.338,163,false,174.860,36.000,false
56.000,4,6.000,4.211,201,false,241.583,48.000,false
57.000,0,1.000,0.800,77,false,83.472,9.600,false
57.000,1,0.000,0.798,86,false,92.453,16.800,false
57.000,2,1.000,2.481,123,false,146.283,25.200,false
57.000,3,3.000,1.837,166,false,182.845,36.000,false
57.000,4,3.000,3.847,204,false,240.951,48.000,false
58.000,0,2.000,1.160,79,false,89.073,9.600,true
58.000,1,3.000,1.458,89,false,102.060,16.800,false
58.000,2,2.000,2.336,124,false,145.841,25.200,false
58.000,3,2.000,1.886,167,false,184.334,36.000,false
58.000,4,0.000,2.693,204,false,229.409,48.000,false
59.000,0,0.000,0.812,79,false,85.594,9.600,false
59.000,1,1.000,1.321,89,false,100.685,16.800,false
59.000,2,2.000,2.236,126,false,146.831,25.200,false
59.000,3,7.000,3.420,174,false,206.677,36.000,false
59.000,4,2.000,2.485,205,false,228.329,48.000,false
60.000,0,3.000,1.468,82,false,95.159,9.600,true
60.000,1,3.000,1.825,92,false,108.722,16.800,true
60.000,2,2.000,2.165,128,false,148.125,25.200,false
60.000,3,2.000,2.994,176,false,204.417,36.000,false
60.000,4,4.000,2.940,209,false,236.873,48.000,false
61.000,0,1.000,1.328,83,false,94.754,9.600,true
61.000,1,1.000,1.577,93,false,107.248,16.800,false
61.000,2,0.000,1.515,128,false,141.630,25.200,false
61.000,3,4.000,3.296,180,false,211.435,36.000,false
61.000,4,4.000,3.258,212,false,243.054,48.000,false
62.000,0,0.000,0.929,83,false,90.771,9.600,false
62.000,1,1.000,1.404,94,false,106.517,16.800,false
62.000,2,4.000,2.261,132,false,153.084,25.200,false
62.000,3,2.000,2.907,182,false,209.547,36.000,false
62.000,4,4.000,3.480,216,false,249.281,48.000,false
63.000,0,1.000,0.951,84,false,91.982,9.600,false
63.000,1,1.000,1.283,95,false,106.305,16.800,false
63.000,2,3.000,2.483,135,false,158.302,25.200,false
63.000,3,3.000,2.935,184,false,211.826,36.000,false
63.000,4,6.000,4.236,222,false,262.839,48.000,false
64.000,0,1.000,0.965,84,false,92.130,9.600,true
64.000,1,1.000,1.198,96,false,106.456,16.800,false
64.000,2,1.000,2.038,136,false,154.854,25.200,false
64.000,3,2.000,2.654,186,false,211.021,36.000,false
64.000,4,3.000,3.865,225,false,262.130,48.000,false
65.000,0,0.000,0.676,84,false,89.234,9.600,false
65.000,1,1.000,1.139,97,false,106.862,16.800,false
65.000,2,2.000,2.026,137,false,155.741,25.200,false
65.000,3,3.000,2.758,189,false,215.057,36.000,false
65.000,4,6.000,4.506,231,false,274.534,48.000,false
66.000,0,0.000,0.473,84,false,87.207,9.600,false
66.000,1,7.000,2.897,103,false,130.446,16.800,true
66.000,2,3.000,2.319,140,false,161.661,25.200,false
66.000,3,4.000,3.131,192,false,221.783,36.000,false
66.000,4,5.000,4.654,236,false,281.017,48.000,false
67.000,0,2.000,0.931,86,false,93.788,9.600,false
67.000,1,1.000,2.328,104,false,125.755,16.800,true
67.000,2,2.000,2.223,142,false,162.706,25.200,false
67.000,3,6.000,3.991,188,false,236.391,36.000,true
67.000,4,4.000,4.458,240,false,283.055,48.000,false
68.000,0,0.000,0.652,96,false,100.994,9.600,false
68.000,1,1.000,1.930,105,false,122.772,16.800,true
68.000,2,2.000,2.156,144,false,164.037,25.200,false
68.000,3,6.000,4.594,193,false,237.417,36.000,true
68.000,4,3.000,4.020,242,false,280.681,48.000,false
69.000,0,0.000,0.456,96,false,99.039,9.600,false
69.000,1,2.000,1.951,107,false,124.983,16.800,true
69.000,2,1.000,1.809,144,false,160.569,25.200,false
69.000,3,4.000,4.416,197,false,239.634,36.000,true
69.000,4,1.000,3.114,243,false,272.620,48.000,false
70.000,0,0.000,0.319,96,false,97.670,9.600,false
70.000,1,1.000,1.665,108,false,123.131,16.800,false
70.000,2,1.000,1.566,145,false,159.141,25.200,false
70.000,3,1.000,3.391,198,false,230.387,36.000,false
70.000,4,1.000,2.480,244,false,267.277,48.000,false
71.000,0,1.000,0.524,97,false,100.712,9.600,false
71.000,1,4.000,2.366,112,false,134.135,16.800,true
71.000,2,1.000,1.397,146,false,158.442,25.200,false
71.000,3,2.000,2.974,200,false,228.214,36.000,false
71.000,4,3.000,2.636,246,false,270.836,48.000,false
72.000,0,1.000,0.666,98,false,103.141,9.600,false
72.000,1,1.000,1.956,113,false,131.037,16.800,true
72.000,2,2.000,1.578,148,false,162.252,25.200,false
72.000,3,6.000,3.882,206,false,243.292,36.000,true
72.000,4,3.000,2.745,249,false,274.928,48.000,false
73.000,0,0.000,0.467,98,false,101.142,9.600,false
73.000,1,1.000,1.669,113,false,128.169,16.800,false
73.000,2,1.000,1.404,149,false,161.519,25.200,false
73.000,3,4.000,3.917,210,false,247.648,36.000,true
73.000,4,1.000,2.222,250,false,270.693,48.000,false
74.000,0,0.000,0.327,98,false,99.742,9.600,false
74.000,1,1.000,1.468,114,false,127.161,16.800,false
74.000,2,1.000,1.283,150,false,161.306,25.200,false
74.000,3,6.000,4.542,216,false,259.896,36.000,true
74.000,4,4.000,2.755,254,false,280.028,48.000,false
75.000,0,0.000,0.229,98,false,98.762,9.600,false
75.000,1,2.000,1.628,116,false,130.756,16.800,false
75.000,2,2.000,1.498,152,false,165.457,25.200,false
75.000,3,3.000,4.079,219,false,258.270,36.000,true
75.000,4,5.000,3.429,259,false,291.762,48.000,false
76.000,0,1.000,0.460,99,false,102.076,9.600,false
76.000,1,3.000,2.040,118,false,136.872,16.800,true
76.000,2,0.000,1.049,151,false,159.963,25.200,false
76.000,3,2.000,3.456,220,false,253.032,36.000,false
76.000,4,5.000,3.900,263,false,300.476,48.000,false
77.000,0,0.000,0.322,98,false,99.696,9.600,false
77.000,1,4.000,2.628,122,false,146.753,16.800,true
77.000,2,4.000,1.934,155,false,172.817,25.200,false
77.000,3,3.000,3.319,223,false,254.665,36.000,false
77.000,4,3.000,3.630,266,false,300.776,48.000,false
78.000,0,2.000,0.825,100,false,106.730,9.600,false
78.000,1,0.000,1.839,122,false,138.870,16.800,true
78.000,2,5.000,2.854,160,false,187.015,25.200,true
78.000,3,1.000,2.623,224,false,248.709,36.000,false
78.000,4,4.000,3.741,270,false,305.886,48.000,false
79.000,0,0.000,0.578,100,false,104.254,9.600,false
79.000,1,2.000,1.888,123,false,140.352,16.800,true
79.000,2,3.000,2.898,163,false,190.453,25.200,true
79.000,3,3.000,2.736,227,false,252.839,36.000,false
79.000,4,5.000,4.119,275,false,314.663,48.000,false
80.000,0,2.000,1.004,102,false,110.521,9.600,true
80.000,1,2.000,1.921,125,false,142.689,16.800,true
80.000,2,3.000,2.928,156,false,193.760,25.200,true
80.000,3,3.000,2.815,230,false,256.630,36.000,false
80.000,4,4.000,4.083,279,false,318.307,48.000,false
81.000,0,0.000,0.703,112,false,117.507,9.600,false
81.000,1,1.000,1.645,125,false,139.925,16.800,false
81.000,2,2.000,2.650,157,false,181.975,25.200,true
81.000,3,2.000,2.571,232,false,256.184,36.000,false
81.000,4,4.000,4.058,283,false,322.058,48.000,false
82.000,0,0.000,0.492,112,false,115.398,9.600,false
82.000,1,4.000,2.351,119,false,150.991,16.800,true
82.000,2,3.000,2.755,160,false,186.025,25.200,true
82.000,3,4.000,3.000,236,false,264.472,36.000,false
82.000,4,5.000,4.341,288,false,329.883,48.000,false
83.000,0,1.000,0.645,123,false,127.921,9.600,false
83.000,1,3.000,2.546,122,false,145.936,16.800,true
83.000,2,1.000,2.228,161,false,181.761,25.200,false
83.000,3,2.000,2.700,237,false,262.473,36.000,false
83.000,4,5.000,4.539,293,false,336.861,48.000,false
84.000,0,1.000,0.751,124,false,129.988,9.600,false
84.000,1,0.000,1.782,122,false,138.298,16.800,true
84.000,2,1.000,1.860,162,false,179.075,25.200,false
84.000,3,0.000,1.890,237,false,254.374,36.000,false
84.000,4,4.000,4.377,297,false,339.246,48.000,false
85.000,0,0.000,0.526,124,false,127.734,9.600,false
85.000,1,2.000,1.848,124,false,140.952,16.800,true
85.000,2,4.000,2.502,166,false,189.496,25.200,false
85.000,3,3.000,2.223,240,false,260.705,36.000,false
85.000,4,8.000,5.464,304,false,357.115,48.000,true
86.000,0,1.000,0.668,125,false,130.157,9.600,false
86.000,1,1.000,1.593,125,false,139.409,16.800,false
86.000,2,4.000,2.951,170,false,197.990,25.200,true
86.000,3,2.000,2.156,242,false,262.036,36.000,false
86.000,4,3.000,4.725,307,false,352.723,48.000,false
87.000,0,0.000,0.468,125,false,128.153,9.600,false
87.000,1,2.000,1.715,127,false,142.629,16.800,true
87.000,2,2.000,2.666,172,false,197.136,25.200,true
87.000,3,1.000,1.809,243,false,259.568,36.000,false
87.000,4,2.000,3.907,309,false,346.549,48.000,false
88.000,0,1.000,0.627,125,false,129.750,9.600,false
88.000,1,1.000,1.501,127,false,140.483,16.800,false
88.000,2,4.000,3.066,175,false,204.138,25.200,true
88.000,3,3.000,2.166,246,false,266.141,36.000,false
88.000,4,3.000,3.635,312,false,346.827,48.000,false
89.000,0,1.000,0.739,126,false,131.868,9.600,false
89.000,1,2.000,1.650,129,false,143.981,16.800,false
89.000,2,0.000,2.146,175,false,194.939,25.200,false
89.000,3,4.000,2.717,250,false,275.641,36.000,false
89.000,4,2.000,3.145,314,false,343.922,48.000,false
90.000,0,0.000,0.517,126,false,129.650,9.600,false
90.000,1,1.000,1.455,130,false,143.030,16.800,false
90.000,2,3.000,2.402,178,false,200.500,25.200,false
90.000,3,2.000,2.502,251,false,274.492,36.000,false
90.000,4,2.000,2.801,316,false,342.488,48.000,false
91.000,0,2.000,0.962,118,false,136.098,9.600,true
91.000,1,2.000,1.619,142,false,156.664,16.800,false
91.000,2,1.000,1.982,179,false,197.293,25.200,false
91.000,3,3.000,2.651,254,false,278.987,36.000,false
91.000,4,5.000,3.461,321,false,354.085,48.000,false
92.000,0,0.000,0.674,118,false,123.211,9.600,false
92.000,1,3.000,2.033,144,false,162.807,16.800,true
92.000,2,2.000,1.987,181,false,199.348,25.200,false
92.000,3,4.000,3.056,258,false,287.034,36.000,false
92.000,4,2.000,3.023,322,false,350.702,48.000,false
93.000,0,1.000,0.771,118,false,124.191,9.600,false
93.000,1,2.000,2.023,146,false,164.708,16.800,true
93.000,2,1.000,1.691,182,false,197.386,25.200,false
93.000,3,2.000,2.739,260,false,285.867,36.000,false
93.000,4,10.000,5.116,322,false,381.634,48.000,true
94.000,0,0.000,0.540,128,false,131.876,9.600,false
94.000,1,1.000,1.716,147,false,162.638,16.800,true
94.000,2,1.000,1.484,182,false,195.313,25.200,false
94.000,3,5.000,3.417,265,false,297.649,36.000,false
94.000,4,6.000,5.381,328,false,380.287,48.000,true
95.000,0,0.000,0.378,128,false,130.256,9.600,false
95.000,1,1.000,1.501,148,false,161.490,16.800,false
95.000,2,2.000,1.639,184,false,198.862,25.200,false
95.000,3,0.000,2.392,264,false,286.397,36.000,false
95.000,4,6.000,5.567,334,false,388.144,48.000,true
96.000,0,1.000,0.565,129,false,133.122,9.600,false
96.000,1,0.000,1.051,148,false,156.986,16.800,false
96.000,2,0.000,1.147,184,false,193.946,25.200,false
96.000,3,2.000,2.274,266,false,287.221,36.000,false
96.000,4,4.000,5.097,338,false,387.443,48.000,true
97.000,0,2.000,0.995,131,false,139.428,9.600,true
97.000,1,2.000,1.336,150,false,161.833,16.800,false
97.000,2,2.000,1.403,186,false,198.505,25.200,false
97.000,3,1.000,1.892,267,false,284.398,36.000,false
97.000,4,2.000,4.168,340,false,380.153,48.000,false
98.000,0,0.000,0.697,131,false,136.443,9.600,false
98.000,1,0.000,0.935,150,false,157.826,16.800,false
98.000,2,0.000,0.982,185,false,193.297,25.200,false
98.000,3,3.000,2.224,270,false,290.721,36.000,false
98.000,4,2.000,3.517,342,false,375.650,48.000,false
99.000,0,1.000,0.788,132,false,138.353,9.600,false
99.000,1,1.000,0.954,151,false,159.021,16.800,false
99.000,2,5.000,2.187,190,false,210.350,25.200,false
99.000,3,4.000,2.757,273,false,299.048,36.000,false
99.000,4,5.000,3.962,347,false,385.098,48.000,false
100.000,0,0.000,0.551,131,false,134.990,9.600,false
100.000,1,2.000,1.268,152,false,163.158,16.800,false
100.000,2,3.000,2.431,193,false,215.788,25.200,false
100.000,3,2.000,2.530,275,false,298.776,36.000,false
100.000,4,8.000,5.174,354,false,404.211,48.000,true
101.000,0,0.000,0.386,131,false,133.336,9.600,false
101.000,1,1.000,1.188,153,false,163.353,16.800,false
101.000,2,6.000,3.502,199,false,232.495,25.200,true
101.000,3,3.000,2.671,278,false,303.186,36.000,false
101.000,4,4.000,4.821,358,false,404.691,48.000,true
102.000,0,1.000,0.570,132,false,136.178,9.600,false
102.000,1,3.000,1.731,156,false,171.790,16.800,true
102.000,2,3.000,3.351,202,false,233.989,25.200,true
102.000,3,2.000,2.470,280,false,303.173,36.000,false
102.000,4,3.000,4.275,361,false,402.226,48.000,false
103.000,0,0.000,0.399,132,false,134.467,9.600,false
103.000,1,0.000,1.212,155,false,165.596,16.800,false
103.000,2,2.000,2.946,204,false,231.935,25.200,true
103.000,3,2.000,2.329,282,false,303.764,36.000,false
103.000,4,5.000,4.493,366,false,409.401,48.000,false
104.000,0,1.000,0.579,132,false,136.270,9.600,false
104.000,1,1.000,1.148,156,false,165.960,16.800,false
104.000,2,0.000,2.062,204,false,223.098,25.200,false
104.000,3,2.000,2.230,284,false,304.778,36.000,false
104.000,4,6.000,4.945,371,false,418.924,48.000,true
105.000,0,1.000,0.706,133,false,138.532,9.600,false
105.000,1,0.000,0.804,155,false,161.515,16.800,false
105.000,2,0.000,1.443,204,false,216.911,25.200,false
105.000,3,5.000,3.061,289,false,318.087,36.000,false
105.000,4,3.000,4.361,374,false,416.090,48.000,false
106.000,0,0.000,0.494,133,false,136.415,9.600,false
106.000,1,2.000,1.163,157,false,167.103,16.800,false
106.000,2,2.000,1.610,205,false,219.581,25.200,false
106.000,3,4.000,3.343,293,false,324.904,36.000,false
106.000,4,3.000,3.953,377,false,415.006,48.000,false
107.000,0,0.000,0.346,133,false,134.933,9.600,false
107.000,1,2.000,1.414,159,false,171.615,16.800,false
107.000,2,3.000,2.027,208,false,226.749,25.200,false
107.000,3,3.000,3.240,295,false,325.876,36.000,false
107.000,4,5.000,4.267,382,false,423.147,48.000,false
108.000,0,1.000,0.542,134,false,137.896,9.600,false
108.000,1,2.000,1.590,160,false,174.373,16.800,false
108.000,2,2.000,2.019,210,false,228.667,25.200,false
108.000,3,3.000,3.168,298,false,328.156,36.000,false
108.000,4,7.000,5.087,389,false,438.346,48.000,true
109.000,0,0.000,0.379,134,false,136.270,9.600,false
109.000,1,2.000,1.713,162,false,177.604,16.800,true
109.000,2,1.000,1.713,211,false,226.610,25.200,false
109.000,3,3.000,3.118,300,false,329.652,36.000,false
109.000,4,3.000,4.461,391,false,434.085,48.000,false
110.000,0,0.000,0.266,134,false,135.132,9.600,false
110.000,1,0.000,1.199,162,false,172.466,16.800,false
110.000,2,3.000,2.099,214,false,233.470,25.200,false
110.000,3,1.000,2.482,301,false,324.299,36.000,false
110.000,4,7.000,5.223,398,false,448.702,48.000,true
111.000,0,1.000,0.486,135,false,138.335,9.600,false
111.000,1,1.000,1.139,162,false,171.869,16.800,false
111.000,2,4.000,2.670,218,false,243.172,25.200,true
111.000,3,0.000,1.738,301,false,316.852,36.000,false
111.000,4,8.000,6.056,406,false,465.034,48.000,true
112.000,0,0.000,0.340,135,false,136.878,9.600,false
112.000,1,2.000,1.397,164,false,176.451,16.800,false
112.000,2,1.000,2.169,219,false,239.163,25.200,false
112.000,3,2.000,1.816,303,false,319.639,36.000,false
112.000,4,4.000,5.439,410,false,462.867,48.000,true
113.000,0,0.000,0.238,135,false,135.857,9.600,false
113.000,1,1.000,1.278,165,false,176.259,16.800,false
113.000,2,1.000,1.818,219,false,235.657,25.200,false
113.000,3,3.000,2.171,306,false,326.190,36.000,false
113.000,4,4.000,5.007,414,false,462.550,48.000,true
114.000,0,0.000,0.167,135,false,135.143,9.600,false
114.000,1,1.000,1.195,166,false,176.424,16.800,false
114.000,2,6.000,3.073,225,false,254.203,25.200,true
114.000,3,3.000,2.420,308,false,330.676,36.000,false
114.000,4,1.000,3.805,414,false,450.528,48.000,false
115.000,0,1.000,0.417,136,false,138.643,9.600,false
115.000,1,3.000,1.736,169,false,184.840,16.800,true
115.000,2,1.000,2.451,226,false,248.985,25.200,false
115.000,3,4.000,2.894,312,false,339.416,36.000,false
115.000,4,2.000,3.264,416,false,447.112,48.000,false
116.000,0,0.000,0.292,136,false,137.393,9.600,false
116.000,1,2.000,1.815,171,false,187.631,16.800,true
116.000,2,2.000,2.316,228,false,249.632,25.200,false
116.000,3,1.000,2.326,313,false,334.734,36.000,false
116.000,4,3.000,3.185,419,false,449.321,48.000,false
117.000,0,2.000,0.804,138,false,144.518,9.600,false
117.000,1,4.000,2.471,175,false,198.184,16.800,true
117.000,2,0.000,1.621,228,false,242.685,25.200,false
117.000,3,4.000,2.828,317,false,343.757,36.000,false
117.000,4,5.000,3.729,424,false,459.768,48.000,false
118.000,0,0.000,0.563,138,false,142.105,9.600,false
118.000,1,1.000,2.030,175,false,193.772,16.800,true
118.000,2,2.000,1.735,230,false,245.823,25.200,false
118.000,3,4.000,3.180,321,false,351.273,36.000,false
118.000,4,9.000,5.310,433,false,484.580,48.000,true
119.000,0,0.000,0.394,138,false,140.417,9.600,false
119.000,1,1.000,1.721,176,false,191.683,16.800,true
119.000,2,0.000,1.214,229,false,239.619,25.200,false
119.000,3,4.000,3.426,325,false,357.734,36.000,false
119.000,4,3.000,4.617,436,false,480.649,48.000,false
120.000,0,0.000,0.276,138,false,139.234,9.600,false
120.000,1,1.000,1.504,177,false,190.521,16.800,false
120.000,2,1.000,1.150,230,false,239.976,25.200,false
120.000,3,4.000,3.598,329,false,363.456,36.000,false
120.000,4,4.000,4.432,440,false,482.797,48.000,false
121.000,0,0.000,0.193,147,false,147.407,9.600,false
121.000,1,1.000,1.353,178,false,190.008,16.800,false
121.000,2,2.000,1.405,232,false,244.526,25.200,false
121.000,3,1.000,2.819,319,false,345.662,36.000,false
121.000,4,6.000,4.902,445,false,492.501,48.000,true
122.000,0,0.000,0.135,147,false,146.828,9.600,false
122.000,1,1.000,1.247,179,false,189.948,16.800,false
122.000,2,1.000,1.283,233,false,244.311,25.200,false
122.000,3,3.000,2.873,322,false,349.207,36.000,false
122.000,4,3.000,4.332,448,false,489.793,48.000,false
123.000,0,0.000,0.095,147,false,146.422,9.600,false
123.000,1,0.000,0.873,179,false,186.207,16.800,false
123.000,2,2.000,1.498,235,false,248.461,25.200,false
123.000,3,2.000,2.611,324,false,348.587,36.000,false
123.000,4,2.000,3.632,450,false,484.798,48.000,false
124.000,0,1.000,0.366,148,false,150.138,9.600,false
124.000,1,1.000,0.911,180,false,187.587,16.800,false
124.000,2,2.000,1.649,237,false,251.965,25.200,false
124.000,3,1.000,2.128,325,false,344.754,36.000,false
124.000,4,4.000,3.743,454,false,489.902,48.000,false
125.000,0,0.000,0.256,148,false,149.040,9.600,false
125.000,1,2.000,1.238,182,false,192.854,16.800,false
125.000,2,1.000,1.454,238,false,251.019,25.200,false
125.000,3,2.000,2.089,327,false,346.371,36.000,false
125.000,4,5.000,4.120,459,false,498.674,48.000,false
126.000,0,0.000,0.179,148,false,148.271,9.600,false
126.000,1,0.000,0.866,182,false,189.141,16.800,false
126.000,2,3.000,1.918,240,false,257.656,25.200,false
126.000,3,2.000,2.063,329,false,348.102,36.000,false
126.000,4,3.000,3.784,462,false,498.315,48.000,false
127.000,0,2.000,0.726,149,false,154.732,9.600,false
127.000,1,1.000,0.907,183,false,190.541,16.800,false
127.000,2,2.000,1.943,242,false,259.902,25.200,false
127.000,3,3.000,2.344,332,false,353.914,36.000,false
127.000,4,4.000,3.849,466,false,502.963,48.000,false
128.000,0,2.000,1.108,151,false,160.556,9.600,true
128.000,1,2.000,1.235,185,false,195.822,16.800,false
128.000,2,5.000,2.860,237,false,274.074,25.200,true
128.000,3,6.000,3.441,338,false,370.883,36.000,false
128.000,4,5.000,4.194,471,false,511.417,48.000,false
129.000,0,1.000,1.076,162,false,171.232,9.600,true
129.000,1,0.000,0.864,185,false,192.118,16.800,false
129.000,2,2.000,2.602,239,false,263.495,25.200,true
129.000,3,3.000,3.308,341,false,372.561,36.000,false
129.000,4,3.000,3.836,473,false,509.835,48.000,false
130.000,0,0.000,0.753,162,false,168.005,9.600,false
130.000,1,2.000,1.205,187,false,197.526,16.800,false
130.000,2,1.000,2.121,240,false,259.689,25.200,false
130.000,3,6.000,4.116,346,false,385.636,36.000,true
130.000,4,6.000,4.485,479,false,522.327,48.000,false
131.000,0,0.000,0.527,162,false,165.746,9.600,false
131.000,1,2.000,1.443,189,false,201.911,16.800,false
131.000,2,2.000,2.085,242,false,261.325,25.200,false
131.000,3,2.000,3.481,348,false,381.288,36.000,false
131.000,4,5.000,4.640,484,false,528.872,48.000,false
132.000,0,1.000,0.669,162,false,167.165,9.600,false
132.000,1,0.000,1.010,189,false,197.580,16.800,false
132.000,2,3.000,2.359,245,false,267.071,25.200,false
132.000,3,8.000,4.837,355,false,401.844,36.000,true
132.000,4,1.000,3.548,485,false,518.953,48.000,false
133.000,0,1.000,0.768,163,false,169.159,9.600,false
133.000,1,1.000,1.007,189,false,197.549,16.800,false
133.000,2,3.000,2.552,248,false,271.992,25.200,true
133.000,3,2.000,3.986,357,false,395.334,36.000,true
133.000,4,1.000,2.783,486,false,512.310,48.000,false
134.000,0,2.000,1.138,155,false,174.854,9.600,true
134.000,1,1.000,1.005,200,false,208.527,16.800,false
134.000,2,1.000,2.086,248,false,267.337,25.200,false
134.000,3,4.000,3.990,361,false,399.377,36.000,true
134.000,4,7.000,4.048,493,false,531.960,48.000,false
135.000,0,3.000,1.696,158,false,173.441,9.600,true
135.000,1,2.000,1.304,202,false,213.512,16.800,false
135.000,2,2.000,2.060,250,false,269.079,25.200,false
135.000,3,0.000,2.793,361,false,387.406,36.000,false
135.000,4,2.000,3.434,495,false,527.815,48.000,false
136.000,0,2.000,1.788,160,false,176.351,9.600,true
136.000,1,1.000,1.213,203,false,213.601,16.800,false
136.000,2,0.000,1.442,249,false,261.898,25.200,false
136.000,3,2.000,2.555,363,false,387.027,36.000,false
136.000,4,2.000,3.004,497,false,525.513,48.000,false
137.000,0,1.000,1.551,160,false,173.989,9.600,true
137.000,1,1.000,1.149,204,false,213.964,16.800,false
137.000,2,1.000,1.310,250,false,261.572,25.200,false
137.000,3,4.000,2.989,367,false,395.362,36.000,false
137.000,4,1.000,2.403,498,false,520.502,48.000,false
138.000,0,1.000,1.386,161,false,173.335,9.600,true
138.000,1,2.000,1.404,206,false,218.517,16.800,false
138.000,2,4.000,2.117,254,false,273.643,25.200,false
138.000,3,2.000,2.692,369,false,394.396,36.000,false
138.000,4,1.000,1.982,498,false,516.294,48.000,false
139.000,0,2.000,1.570,163,false,177.177,9.600,true
139.000,1,2.000,1.583,208,false,222.305,16.800,false
139.000,2,3.000,2.382,257,false,279.293,25.200,false
139.000,3,1.000,2.184,370,false,390.320,36.000,false
139.000,4,6.000,3.187,504,false,534.349,48.000,false
140.000,0,2.000,1.699,164,false,179.467,9.600,true
140.000,1,4.000,2.308,202,false,233.556,16.800,true
140.000,2,1.000,1.967,258,false,276.148,25.200,false
140.000,3,3.000,2.429,373,false,395.767,36.000,false
140.000,4,1.000,2.531,505,false,528.787,48.000,false
141.000,0,1.000,1.489,175,false,188.370,9.600,true
141.000,1,0.000,1.616,202,false,216.632,16.800,false
141.000,2,2.000,1.977,260,false,278.246,25.200,false
141.000,3,2.000,2.300,375,false,396.480,36.000,false
141.000,4,1.000,2.072,506,false,525.194,48.000,false
142.000,0,0.000,1.043,175,false,183.902,9.600,true
142.000,1,0.000,1.131,202,false,211.785,16.800,false
142.000,2,1.000,1.684,260,false,275.315,25.200,false
142.000,3,5.000,3.110,380,false,409.579,36.000,false
142.000,4,6.000,3.250,512,false,542.979,48.000,false
143.000,0,2.000,1.330,176,false,187.774,9.600,true
143.000,1,0.000,0.792,201,false,207.393,16.800,false
143.000,2,0.000,1.179,260,false,270.264,25.200,false
143.000,3,5.000,3.677,384,false,419.248,36.000,true
143.000,4,3.000,3.175,515,false,545.228,48.000,false
144.000,0,0.000,0.931,176,false,183.785,9.600,false
144.000,1,2.000,1.154,203,false,213.018,16.800,false
144.000,2,0.000,0.825,260,false,266.727,25.200,false
144.000,3,2.000,3.174,386,false,416.216,36.000,false
144.000,4,3.000,3.123,517,false,546.702,48.000,false
145.000,0,1.000,0.952,177,false,184.992,9.600,false
145.000,1,2.000,1.408,205,false,217.555,16.800,false
145.000,2,1.000,0.878,261,false,268.252,25.200,false
145.000,3,4.000,3.422,390,false,422.694,36.000,false
145.000,4,3.000,3.086,520,false,549.334,48.000,false
146.000,0,0.000,0.666,177,false,182.137,9.600,false
146.000,1,0.000,0.986,205,false,213.332,16.800,false
146.000,2,4.000,1.814,264,false,280.619,25.200,false
146.000,3,3.000,3.295,393,false,424.429,36.000,false
146.000,4,1.000,2.460,521,false,544.077,48.000,false
147.000,0,1.000,0.766,178,false,184.139,9.600,false
147.000,1,1.000,0.990,206,false,214.375,16.800,false
147.000,2,2.000,1.870,266,false,283.176,25.200,false
147.000,3,2.000,2.907,395,false,422.543,36.000,false
147.000,4,2.000,2.322,523,false,544.697,48.000,false
148.000,0,2.000,1.136,180,false,189.840,9.600,true
148.000,1,1.000,0.993,207,false,215.405,16.800,false
148.000,2,2.000,1.909,268,false,285.566,25.200,false
148.000,3,5.000,3.535,400,false,433.823,36.000,false
148.000,4,1.000,1.925,524,false,541.731,48.000,false
149.000,0,0.000,0.795,180,false,186.431,9.600,false
149.000,1,2.000,1.295,209,false,220.427,16.800,false
149.000,2,1.000,1.636,269,false,283.839,25.200,false
149.000,3,1.000,2.774,401,false,427.219,36.000,false
149.000,4,5.000,2.848,529,false,555.954,48.000,false
150.000,0,1.000,0.857,181,false,188.045,9.600,false
150.000,1,1.000,1.207,210,false,220.541,16.800,false
150.000,2,4.000,2.345,273,false,294.930,25.200,false
150.000,3,4.000,3.142,405,false,434.896,36.000,false
150.000,4,4.000,3.193,533,false,563.411,48.000,false
151.000,0,0.000,0.600,181,false,185.474,9.600,false
151.000,1,0.000,0.845,210,false,216.922,16.800,false
151.000,2,2.000,2.242,275,false,295.894,25.200,false
151.000,3,1.000,2.499,406,false,429.470,36.000,false
151.000,4,9.000,4.935,532,false,589.830,48.000,true
152.000,0,0.000,0.420,191,false,193.675,9.600,false
152.000,1,1.000,0.891,211,false,218.388,16.800,false
152.000,2,4.000,2.769,278,false,304.169,25.200,true
152.000,3,4.000,2.950,410,false,437.972,36.000,false
152.000,4,2.000,4.055,533,false,572.024,48.000,false
153.000,0,0.000,0.294,191,false,192.415,9.600,false
153.000,1,1.000,0.924,212,false,219.715,16.800,false
153.000,2,0.000,1.938,278,false,295.861,25.200,false
153.000,3,6.000,3.865,415,false,452.123,36.000,true
153.000,4,5.000,4.338,538,false,579.860,48.000,false
154.000,0,0.000,0.206,191,false,191.533,9.600,false
154.000,1,0.000,0.647,212,false,216.943,16.800,false
154.000,2,5.000,2.857,283,false,310.046,25.200,true
154.000,3,4.000,3.905,419,false,456.529,36.000,true
154.000,4,3.000,3.937,541,false,578.845,48.000,false
155.000,0,1.000,0.444,192,false,194.916,9.600,false
155.000,1,3.000,1.353,215,false,227.003,16.800,false
155.000,2,4.000,3.200,287,false,317.475,25.200,true
155.000,3,3.000,3.634,421,false,455.813,36.000,true
155.000,4,7.000,4.856,548,false,595.034,48.000,true
156.000,0,1.000,0.611,193,false,197.584,9.600,false
156.000,1,1.000,1.247,216,false,226.945,16.800,false
156.000,2,1.000,2.540,288,false,311.875,25.200,true
156.000,3,3.000,3.444,424,false,456.912,36.000,false
156.000,4,7.000,5.499,554,false,607.467,48.000,true
157.000,0,0.000,0.428,192,false,194.752,9.600,false
157.000,1,2.000,1.473,218,false,231.204,16.800,false
157.000,2,2.000,2.378,290,false,312.255,25.200,false
157.000,3,3.000,3.311,427,false,458.581,36.000,false
157.000,4,4.000,5.049,558,false,606.970,48.000,true
158.000,0,0.000,0.299,192,false,193.469,9.600,false
158.000,1,1.000,1.331,219,false,230.786,16.800,false
158.000,2,2.000,2.265,291,false,312.122,25.200,false
158.000,3,5.000,3.817,432,false,468.650,36.000,true
158.000,4,4.000,4.735,562,false,607.822,48.000,false
159.000,0,1.000,0.510,193,false,196.571,9.600,false
159.000,1,1.000,1.232,220,false,230.793,16.800,false
159.000,2,2.000,2.185,293,false,313.328,25.200,false
159.000,3,2.000,3.272,433,false,464.198,36.000,false
159.000,4,7.000,5.414,569,false,621.618,48.000,true
160.000,0,0.000,0.357,193,false,195.043,9.600,false
160.000,1,3.000,1.762,222,false,238.098,16.800,true
160.000,2,1.000,1.830,294,false,310.772,25.200,false
160.000,3,5.000,3.791,438,false,474.381,36.000,true
160.000,4,5.000,5.290,574,false,625.375,48.000,true
161.000,0,1.000,0.550,194,false,197.973,9.600,false
161.000,1,3.000,2.134,225,false,244.811,16.800,true
161.000,2,0.000,1.281,294,false,305.284,25.200,false
161.000,3,0.000,2.653,438,false,463.010,36.000,false
161.000,4,4.000,4.903,577,false,624.506,48.000,true
162.000,0,0.000,0.385,194,false,196.324,9.600,false
162.000,1,2.000,2.093,227,false,246.411,16.800,true
162.000,2,4.000,2.097,298,false,317.441,25.200,false
162.000,3,5.000,3.357,443,false,475.050,36.000,false
162.000,4,4.000,4.632,581,false,625.797,48.000,false
163.000,0,1.000,0.569,194,false,198.170,9.600,false
163.000,1,2.000,2.065,229,false,248.130,16.800,true
163.000,2,2.000,2.068,299,false,318.152,25.200,false
163.000,3,5.000,3.850,438,false,484.978,36.000,true
163.000,4,3.000,4.142,584,false,623.901,48.000,false
164.000,0,1.000,0.699,205,false,210.462,9.600,false
164.000,1,0.000,1.446,229,false,241.934,16.800,false
164.000,2,2.000,2.047,301,false,319.949,25.200,false
164.000,3,0.000,2.695,438,false,463.427,36.000,false
164.000,4,2.000,3.500,586,false,619.473,48.000,false
165.000,0,1.000,0.789,206,false,212.366,9.600,false
165.000,1,4.000,2.212,233,false,253.597,16.800,true
165.000,2,3.000,2.333,304,false,325.807,25.200,false
165.000,3,2.000,2.487,440,false,463.342,36.000,false
165.000,4,6.000,4.250,592,false,632.974,48.000,false
166.000,0,0.000,0.552,205,false,208.999,9.600,false
166.000,1,0.000,1.548,233,false,246.961,16.800,false
166.000,2,0.000,1.633,304,false,318.808,25.200,false
166.000,3,2.000,2.341,441,false,462.882,36.000,false
166.000,4,2.000,3.575,594,false,628.225,48.000,false
167.000,0,0.000,0.387,205,false,207.342,9.600,false
167.000,1,0.000,1.084,233,false,242.315,16.800,false
167.000,2,3.000,2.043,307,false,325.908,25.200,false
167.000,3,1.000,1.938,442,false,459.860,36.000,false
167.000,4,5.000,4.002,599,false,637.500,48.000,false
168.000,0,0.000,0.271,205,false,206.182,9.600,false
168.000,1,1.000,1.059,234,false,243.064,16.800,false
168.000,2,3.000,2.330,310,false,331.779,25.200,false
168.000,3,3.000,2.257,445,false,466.045,36.000,false
168.000,4,6.000,4.602,605,false,649.493,48.000,false
169.000,0,1.000,0.489,206,false,209.371,9.600,false
169.000,1,1.000,1.041,235,false,243.887,16.800,false
169.000,2,1.000,1.931,311,false,328.788,25.200,false
169.000,3,3.000,2.480,448,false,471.274,36.000,false
169.000,4,5.000,4.721,609,false,654.688,48.000,false
170.000,0,1.000,0.643,207,false,211.902,9.600,false
170.000,1,1.000,1.029,236,false,244.764,16.800,false
170.000,2,2.000,1.952,313,false,330.994,25.200,false
170.000,3,5.000,3.236,453,false,483.835,36.000,false
170.000,4,8.000,5.705,617,false,672.524,48.000,true
171.000,0,0.000,0.450,206,false,208.974,9.600,false
171.000,1,1.000,1.020,237,false,245.678,16.800,false
171.000,2,0.000,1.366,313,false,325.139,25.200,false
171.000,3,3.000,3.165,456,false,486.127,36.000,false
171.000,4,3.000,4.893,620,false,667.410,48.000,true
172.000,0,1.000,0.615,207,false,211.625,9.600,false
172.000,1,2.000,1.314,238,false,249.617,16.800,false
172.000,2,1.000,1.256,314,false,325.040,25.200,false
172.000,3,2.000,2.816,458,false,484.632,36.000,false
172.000,4,2.000,4.025,622,false,660.730,48.000,false
173.000,0,1.000,0.730,208,false,213.780,9.600,false
173.000,1,3.000,1.820,241,false,257.675,16.800,true
173.000,2,2.000,1.479,316,false,329.271,25.200,false
173.000,3,1.000,2.271,459,false,480.185,36.000,false
173.000,4,6.000,4.618,628,false,672.654,48.000,false
174.000,0,0.000,0.511,208,false,211.589,9.600,false
174.000,1,2.000,1.874,242,false,259.215,16.800,true
174.000,2,1.000,1.336,317,false,328.833,25.200,false
174.000,3,1.000,1.890,460,false,477.373,36.000,false
174.000,4,4.000,4.432,632,false,674.800,48.000,false
175.000,0,2.000,0.958,210,false,218.055,9.600,false
175.000,1,1.000,1.612,243,false,257.594,16.800,false
175.000,2,3.000,1.835,320,false,336.826,25.200,false
175.000,3,7.000,3.423,467,false,499.704,36.000,false
175.000,4,5.000,4.603,636,false,680.503,48.000,false
176.000,0,0.000,0.671,210,false,215.182,9.600,false
176.000,1,0.000,1.128,243,false,252.758,16.800,false
176.000,2,3.000,2.184,322,false,342.321,25.200,false
176.000,3,5.000,3.896,472,false,509.435,36.000,true
176.000,4,5.000,4.722,641,false,686.695,48.000,false
177.000,0,0.000,0.469,209,false,212.170,9.600,false
177.000,1,2.000,1.390,244,false,256.374,16.800,false
177.000,2,4.000,2.729,316,false,351.767,25.200,true
177.000,3,3.000,3.627,475,false,509.748,36.000,true
177.000,4,2.000,3.905,643,false,680.529,48.000,false
178.000,0,0.000,0.329,219,false,220.762,9.600,false
178.000,1,4.000,2.173,248,false,268.204,16.800,true
178.000,2,1.000,2.210,317,false,337.580,25.200,false
178.000,3,5.000,4.039,480,false,518.866,36.000,true
178.000,4,1.000,3.034,644,false,672.813,48.000,false
179.000,0,3.000,1.130,212,false,231.776,9.600,true
179.000,1,0.000,1.521,258,false,271.686,16.800,false
179.000,2,0.000,1.547,317,false,330.949,25.200,false
179.000,3,4.000,4.027,484,false,522.749,36.000,true
179.000,4,4.000,3.324,648,false,679.712,48.000,false
180.000,0,0.000,0.791,212,false,218.386,9.600,false
180.000,1,1.000,1.365,259,false,271.123,16.800,false
180.000,2,1.000,1.383,318,false,330.307,25.200,false
180.000,3,5.000,4.319,489,false,530.667,36.000,true
180.000,4,8.000,4.727,656,false,701.741,48.000,false
181.000,0,1.000,0.854,213,false,220.013,9.600,false
181.000,1,2.000,1.555,261,false,275.029,16.800,false
181.000,2,5.000,2.468,322,false,345.158,25.200,false
181.000,3,2.000,3.623,491,false,525.710,36.000,true
181.000,4,5.000,4.809,661,false,707.562,48.000,true
182.000,0,0.000,0.598,212,false,216.452,9.600,false
182.000,1,2.000,1.689,253,false,278.363,16.800,true
182.000,2,2.000,2.328,324,false,345.753,25.200,false
182.000,3,4.000,3.736,495,false,530.840,36.000,true
182.000,4,3.000,4.266,664,false,705.136,48.000,false
183.000,0,1.000,0.718,223,false,228.659,9.600,false
183.000,1,1.000,1.482,254,false,267.297,16.800,false
183.000,2,2.000,2.229,326,false,346.770,25.200,false
183.000,3,2.000,3.215,496,false,526.631,36.000,false
183.000,4,7.000,5.086,670,false,719.338,48.000,true
184.000,0,1.000,0.803,224,false,230.504,9.600,false
184.000,1,0.000,1.037,253,false,261.851,16.800,false
184.000,2,2.000,2.161,328,false,348.082,25.200,false
184.000,3,1.000,2.551,497,false,520.984,36.000,false
184.000,4,0.000,3.560,670,false,704.080,48.000,false
185.000,0,0.000,0.562,224,false,228.096,9.600,false
185.000,1,2.000,1.326,255,false,266.738,16.800,false
185.000,2,1.000,1.812,329,false,345.600,25.200,false
185.000,3,5.000,3.286,501,false,532.332,36.000,false
185.000,4,7.000,4.592,677,false,721.399,48.000,false
186.000,0,0.000,0.393,224,false,226.410,9.600,false
186.000,1,3.000,1.828,258,false,274.760,16.800,true
186.000,2,3.000,2.169,332,false,352.163,25.200,false
186.000,3,2.000,2.900,503,false,530.475,36.000,false
186.000,4,2.000,3.815,679,false,715.622,48.000,false
187.000,0,0.000,0.275,224,false,225.230,9.600,false
187.000,1,2.000,1.880,259,false,276.275,16.800,true
187.000,2,1.000,1.818,333,false,349.657,25.200,false
187.000,3,0.000,2.030,503,false,521.775,36.000,false
187.000,4,0.000,2.670,678,false,703.178,48.000,false
188.000,0,1.000,0.493,224,false,227.404,9.600,false
188.000,1,2.000,1.916,261,false,278.635,16.800,true
188.000,2,2.000,1.873,335,false,352.203,25.200,false
188.000,3,3.000,2.321,505,false,526.686,36.000,false
188.000,4,3.000,2.769,681,false,707.168,48.000,false
189.000,0,1.000,0.645,225,false,229.925,9.600,false
189.000,1,2.000,1.941,263,false,280.887,16.800,true
189.000,2,2.000,1.911,337,false,354.585,25.200,false
189.000,3,2.000,2.225,507,false,527.723,36.000,false
189.000,4,3.000,2.838,684,false,710.860,48.000,false
190.000,0,0.000,0.451,225,false,227.991,9.600,false
190.000,1,1.000,1.659,264,false,279.064,16.800,false
190.000,2,1.000,1.638,338,false,352.852,25.200,false
190.000,3,5.000,3.057,512,false,541.049,36.000,false
190.000,4,4.000,3.187,687,false,717.345,48.000,false
191.000,0,1.000,0.616,226,false,230.636,9.600,false
191.000,1,1.000,1.461,265,false,278.088,16.800,false
191.000,2,1.000,1.446,339,false,351.939,25.200,false
191.000,3,3.000,3.040,515,false,543.877,36.000,false
191.000,4,5.000,3.731,692,false,727.784,48.000,false
192.000,0,0.000,0.431,226,false,228.788,9.600,false
192.000,1,0.000,1.023,265,false,273.704,16.800,false
192.000,2,2.000,1.612,341,false,355.600,25.200,false
192.000,3,2.000,2.728,517,false,542.757,36.000,false
192.000,4,5.000,4.112,697,false,736.592,48.000,false
193.000,0,1.000,0.602,227,false,231.495,9.600,false
193.000,1,2.000,1.316,267,false,278.636,16.800,false
193.000,2,1.000,1.429,341,false,353.763,25.200,false
193.000,3,5.000,3.410,522,false,554.573,36.000,false
193.000,4,3.000,3.778,700,false,736.257,48.000,false
194.000,0,0.000,0.421,227,false,229.689,9.600,false
194.000,1,1.000,1.221,267,false,277.688,16.800,false
194.000,2,1.000,1.300,342,false,353.477,25.200,false
194.000,3,6.000,4.187,528,false,568.344,36.000,true
194.000,4,1.000,2.945,700,false,727.923,48.000,false
195.000,0,2.000,0.895,228,false,235.425,9.600,false
195.000,1,3.000,1.755,270,false,286.024,16.800,true
195.000,2,2.000,1.510,344,false,357.577,25.200,false
195.000,3,4.000,4.131,532,false,571.783,36.000,true
195.000,4,5.000,3.561,705,false,739.089,48.000,false
196.000,0,1.000,0.926,229,false,236.741,9.600,false
196.000,1,6.000,3.028,275,false,303.760,16.800,true
196.000,2,3.000,1.957,347,false,365.047,25.200,false
196.000,3,1.000,3.192,532,false,562.391,36.000,false
196.000,4,1.000,2.793,706,false,732.405,48.000,false
197.000,0,1.000,0.949,230,false,237.961,9.600,false
197.000,1,1.000,2.420,276,false,298.675,16.800,true
197.000,2,0.000,1.370,346,false,358.175,25.200,false
197.000,3,2.000,2.834,534,false,560.817,36.000,false
197.000,4,4.000,3.155,709,false,739.026,48.000,false
198.000,0,0.000,0.664,230,false,235.116,9.600,false
198.000,1,1.000,1.994,277,false,295.415,16.800,true
198.000,2,3.000,1.859,349,false,366.066,25.200,false
198.000,3,1.000,2.284,535,false,556.315,36.000,false
198.000,4,6.000,4.009,715,false,753.561,48.000,false
199.000,0,0.000,0.465,230,false,233.124,9.600,false
199.000,1,3.000,2.296,280,false,301.434,16.800,true
199.000,2,3.000,2.201,352,false,372.489,25.200,false
199.000,3,2.000,2.199,536,false,556.463,36.000,false
199.000,4,5.000,4.306,720,false,761.536,48.000,false
200.000,0,2.000,0.925,231,false,238.730,9.600,false
200.000,1,2.000,2.207,281,false,301.546,16.800,true
200.000,2,3.000,2.441,355,false,377.885,25.200,false
200.000,3,1.000,1.839,537,false,553.867,36.000,false
200.000,4,10.000,6.014,720,false,788.618,48.000,true
201.000,0,1.000,0.948,242,false,249.954,9.600,false
201.000,1,0.000,1.545,281,false,294.925,16.800,false
201.000,2,1.000,2.009,356,false,374.562,25.200,false
201.000,3,1.000,1.587,537,false,551.350,36.000,false
201.000,4,6.000,6.010,726,false,784.575,48.000,true
202.000,0,1.000,0.963,243,false,251.110,9.600,true
202.000,1,1.000,1.381,282,false,294.291,16.800,false
202.000,2,3.000,2.306,358,false,379.537,25.200,false
202.000,3,2.000,1.711,539,false,554.588,36.000,false
202.000,4,2.000,4.807,727,false,773.546,48.000,true
203.000,0,0.000,0.674,243,false,248.220,9.600,false
203.000,1,2.000,1.567,283,false,297.146,16.800,false
203.000,2,1.000,1.914,359,false,376.618,25.200,false
203.000,3,3.000,2.098,542,false,561.454,36.000,false
203.000,4,6.000,5.165,733,false,783.125,48.000,true
204.000,0,2.000,1.072,245,false,254.197,9.600,true
204.000,1,0.000,1.097,283,false,292.445,16.800,false
204.000,2,0.000,1.340,359,false,370.876,25.200,false
204.000,3,4.000,2.668,545,false,570.161,36.000,false
204.000,4,2.000,4.215,734,false,774.630,48.000,false
205.000,0,0.000,0.750,245,false,250.981,9.600,false
205.000,1,4.000,1.968,287,false,305.155,16.800,true
205.000,2,1.000,1.238,360,false,370.856,25.200,false
205.000,3,1.000,2.168,546,false,566.155,36.000,false
205.000,4,3.000,3.851,737,false,773.984,48.000,false
206.000,0,1.000,0.825,246,false,252.729,9.600,false
206.000,1,3.000,2.277,290,false,311.251,16.800,true
206.000,2,2.000,1.467,362,false,375.142,25.200,false
206.000,3,1.000,1.818,547,false,563.652,36.000,false
206.000,4,2.000,3.296,738,false,769.432,48.000,false
207.000,0,0.000,0.578,245,false,249.253,9.600,false
207.000,1,0.000,1.594,290,false,304.419,16.800,false
207.000,2,3.000,1.927,365,false,382.742,25.200,false
207.000,3,2.000,1.872,549,false,566.199,36.000,false
207.000,4,4.000,3.507,742,false,775.545,48.000,false
208.000,0,0.000,0.404,245,false,247.520,9.600,false
208.000,1,4.000,2.316,294,false,315.636,16.800,true
208.000,2,2.000,1.949,367,false,384.962,25.200,false
208.000,3,4.000,2.511,553,false,576.582,36.000,false
208.000,4,5.000,3.955,747,false,785.024,48.000,false
209.000,0,1.000,0.583,246,false,250.307,9.600,false
209.000,1,5.000,3.121,299,false,328.688,16.800,true
209.000,2,0.000,1.364,367,false,379.117,25.200,false
209.000,3,1.000,2.057,553,false,572.050,36.000,false
209.000,4,6.000,4.568,753,false,797.160,48.000,false
210.000,0,0.000,0.408,246,false,248.558,9.600,false
210.000,1,0.000,2.185,298,false,318.324,16.800,true
210.000,2,1.000,1.255,368,false,379.024,25.200,false
210.000,3,3.000,2.340,556,false,577.878,36.000,false
210.000,4,5.000,4.698,758,false,803.455,48.000,false
211.000,0,2.000,0.886,248,false,255.333,9.600,false
211.000,1,1.000,1.829,299,false,315.770,16.800,true
211.000,2,3.000,1.778,371,false,387.260,25.200,false
211.000,3,3.000,2.538,559,false,582.858,36.000,false
211.000,4,3.000,4.189,761,false,801.361,48.000,false
212.000,0,0.000,0.620,248,false,252.676,9.600,false
212.000,1,0.000,1.281,299,false,310.282,16.800,false
212.000,2,1.000,1.545,372,false,385.925,25.200,false
212.000,3,2.000,2.377,561,false,583.243,36.000,false
212.000,4,2.000,3.532,762,false,795.796,48.000,false
213.000,0,2.000,1.034,249,false,257.816,9.600,true
213.000,1,2.000,1.496,301,false,314.440,16.800,false
213.000,2,1.000,1.381,372,false,384.290,25.200,false
213.000,3,5.000,3.164,566,false,596.113,36.000,false
213.000,4,5.000,3.972,767,false,805.200,48.000,false
214.000,0,1.000,1.024,250,false,258.714,9.600,true
214.000,1,0.000,1.047,301,false,309.951,16.800,false
214.000,2,2.000,1.567,374,false,388.146,25.200,false
214.000,3,3.000,3.115,569,false,598.622,36.000,false
214.000,4,3.000,3.681,770,false,805.283,48.000,false
215.000,0,1.000,1.017,251,false,259.643,9.600,true
215.000,1,1.000,1.033,302,false,310.809,16.800,false
215.000,2,2.000,1.697,376,false,391.445,25.200,false
215.000,3,2.000,2.780,571,false,597.278,36.000,false
215.000,4,3.000,3.476,772,false,805.241,48.000,false
216.000,0,2.000,1.312,253,false,264.593,9.600,true
216.000,1,0.000,0.723,302,false,307.709,16.800,false
216.000,2,4.000,2.388,380,false,402.354,25.200,false
216.000,3,4.000,3.146,574,false,603.938,36.000,false
216.000,4,3.000,3.334,775,false,806.811,48.000,false
217.000,0,1.000,1.218,254,false,264.658,9.600,true
217.000,1,1.000,0.806,303,false,309.539,16.800,false
217.000,2,4.000,2.871,374,false,411.191,25.200,true
217.000,3,5.000,3.702,569,false,614.499,36.000,true
217.000,4,6.000,4.133,781,false,820.811,48.000,false
218.000,0,0.000,0.853,274,false,281.003,9.600,false
218.000,1,3.000,1.464,306,false,319.120,16.800,false
218.000,2,4.000,3.210,378,false,408.577,25.200,true
218.000,3,3.000,3.492,572,false,605.392,36.000,false
218.000,4,6.000,4.693,787,false,832.410,48.000,false
219.000,0,1.000,0.897,275,false,282.445,9.600,false
219.000,1,2.000,1.625,308,false,322.727,16.800,false
219.000,2,2.000,2.847,379,false,405.946,25.200,true
219.000,3,3.000,3.344,574,false,605.917,36.000,false
219.000,4,3.000,4.185,789,false,829.330,48.000,false
220.000,0,1.000,0.928,276,false,283.754,9.600,false
220.000,1,0.000,1.138,308,false,317.852,16.800,false
220.000,2,2.000,2.593,381,false,405.405,25.200,true
220.000,3,2.000,2.941,576,false,603.885,36.000,false
220.000,4,2.000,3.530,791,false,824.774,48.000,false
221.000,0,0.000,0.649,276,false,280.971,9.600,false
221.000,1,2.000,1.396,310,false,322.439,16.800,false
221.000,2,0.000,1.815,381,false,397.627,25.200,false
221.000,3,6.000,3.859,582,false,619.062,36.000,true
221.000,4,0.000,2.471,791,false,814.185,48.000,false
222.000,0,3.000,1.355,269,false,291.023,9.600,true
222.000,1,2.000,1.577,322,false,336.250,16.800,false
222.000,2,2.000,1.871,383,false,400.181,25.200,false
222.000,3,0.000,2.701,582,false,607.487,36.000,false
222.000,4,2.000,2.330,793,false,814.772,48.000,false
223.000,0,1.000,1.248,270,false,280.959,9.600,true
223.000,1,2.000,1.704,314,false,339.518,16.800,true
223.000,2,5.000,2.809,387,false,413.570,25.200,true
223.000,3,1.000,2.191,583,false,603.383,36.000,false
223.000,4,3.000,2.531,796,false,819.783,48.000,false
224.000,0,0.000,0.874,280,false,287.214,9.600,false
224.000,1,1.000,1.493,314,false,327.405,16.800,false
224.000,2,0.000,1.967,387,false,405.142,25.200,false
224.000,3,5.000,3.034,588,false,616.811,36.000,false
224.000,4,3.000,2.671,799,false,824.191,48.000,false
225.000,0,0.000,0.612,280,false,284.593,9.600,false
225.000,1,3.000,1.945,317,false,334.927,16.800,true
225.000,2,2.000,1.977,389,false,407.242,25.200,false
225.000,3,3.000,3.023,590,false,618.711,36.000,false
225.000,4,2.000,2.470,800,false,823.177,48.000,false
226.000,0,2.000,1.028,282,false,290.758,9.600,true
226.000,1,1.000,1.662,317,false,332.092,16.800,false
226.000,2,4.000,2.584,393,false,417.312,25.200,true
226.000,3,2.000,2.716,592,false,617.640,36.000,false
226.000,4,6.000,3.529,806,false,839.767,48.000,false
227.000,0,0.000,0.720,282,false,287.673,9.600,false
227.000,1,1.000,1.463,318,false,331.107,16.800,false
227.000,2,3.000,2.709,396,false,421.561,25.200,true
227.000,3,4.000,3.101,596,false,625.491,36.000,false
227.000,4,3.000,3.370,809,false,841.179,48.000,false
228.000,0,3.000,1.404,285,false,297.514,9.600,true
228.000,1,5.000,2.524,323,false,346.718,16.800,true
228.000,2,2.000,2.496,398,false,421.436,25.200,false
228.000,3,3.000,3.071,599,false,628.187,36.000,false
228.000,4,2.000,2.959,810,false,838.068,48.000,false
229.000,0,2.000,1.583,286,false,300.303,9.600,true
229.000,1,1.000,2.067,324,false,343.145,16.800,true
229.000,2,0.000,1.747,398,false,413.948,25.200,false
229.000,3,2.000,2.750,601,false,626.974,36.000,false
229.000,4,4.000,3.271,814,false,845.191,48.000,false
230.000,0,0.000,1.108,286,false,295.555,9.600,true
230.000,1,1.000,1.747,324,false,339.945,16.800,true
230.000,2,2.000,1.823,400,false,416.706,25.200,false
230.000,3,2.000,2.525,603,false,626.724,36.000,false
230.000,4,8.000,4.690,822,false,867.376,48.000,false
231.000,0,0.000,0.776,286,false,292.231,9.600,false
231.000,1,1.000,1.523,325,false,338.704,16.800,false
231.000,2,3.000,2.176,403,false,423.237,25.200,false
231.000,3,3.000,2.667,605,false,630.150,36.000,false
231.000,4,3.000,4.183,825,false,865.306,48.000,false
232.000,0,1.000,0.843,286,false,292.905,9.600,false
232.000,1,1.000,1.366,326,false,338.136,16.800,false
232.000,2,3.000,2.423,406,false,428.709,25.200,false
232.000,3,2.000,2.467,607,false,630.148,36.000,false
232.000,4,2.000,3.528,827,false,860.757,48.000,false
233.000,0,1.000,0.890,287,false,294.376,9.600,false
233.000,1,4.000,2.156,330,false,350.038,16.800,true
233.000,2,0.000,1.696,406,false,421.439,25.200,false
233.000,3,3.000,2.627,610,false,634.746,36.000,false
233.000,4,4.000,3.670,831,false,866.173,48.000,false
234.000,0,0.000,0.623,287,false,291.706,9.600,false
234.000,1,2.000,2.109,331,false,350.569,16.800,true
234.000,2,3.000,2.087,409,false,428.350,25.200,false
234.000,3,5.000,3.339,615,false,646.865,36.000,false
234.000,4,3.000,3.469,834,false,867.164,48.000,false
235.000,0,0.000,0.436,286,false,288.837,9.600,false
235.000,1,1.000,1.777,332,false,348.241,16.800,true
235.000,2,2.000,2.061,411,false,430.088,25.200,false
235.000,3,2.000,2.937,617,false,644.849,36.000,false
235.000,4,2.000,3.028,835,false,863.758,48.000,false
236.000,0,2.000,0.905,288,false,295.529,9.600,false
236.000,1,2.000,1.844,334,false,350.912,16.800,true
236.000,2,0.000,1.443,411,false,423.904,25.200,false
236.000,3,0.000,2.056,617,false,636.037,36.000,false
236.000,4,2.000,2.720,837,false,862.673,48.000,false
237.000,0,0.000,0.634,288,false,292.813,9.600,false
237.000,1,2.000,1.890,336,false,353.381,16.800,true
237.000,2,1.000,1.310,412,false,423.576,25.200,false
237.000,3,4.000,2.639,620,false,644.869,36.000,false
237.000,4,4.000,3.104,841,false,870.514,48.000,false
238.000,0,0.000,0.444,288,false,290.912,9.600,false
238.000,1,1.000,1.623,337,false,351.710,16.800,false
238.000,2,1.000,1.217,413,false,423.646,25.200,false
238.000,3,3.000,2.747,623,false,648.951,36.000,false
238.000,4,4.000,3.373,845,false,877.203,48.000,false
239.000,0,0.000,0.311,287,false,288.581,9.600,false
239.000,1,1.000,1.436,338,false,350.840,16.800,false
239.000,2,3.000,1.752,416,false,431.995,25.200,false
239.000,3,2.000,2.523,625,false,648.708,36.000,false
239.000,4,3.000,3.261,848,false,879.085,48.000,false
240.000,0,1.000,0.517,288,false,291.650,9.600,false
240.000,1,0.000,1.005,338,false,346.531,16.800,false
240.000,2,2.000,1.826,418,false,434.739,25.200,false
240.000,3,4.000,2.966,629,false,657.139,36.000,false
240.000,4,5.000,3.783,853,false,889.302,48.000,false
241.000,0,0.000,0.362,288,false,290.098,9.600,false
241.000,1,0.000,0.704,338,false,343.514,16.800,false
241.000,2,0.000,1.278,418,false,429.260,25.200,false
241.000,3,3.000,2.976,632,false,660.240,36.000,false
241.000,4,3.000,3.548,856,false,889.954,48.000,false
242.000,0,0.000,0.254,288,false,289.011,9.600,false
242.000,1,1.000,0.793,339,false,345.403,16.800,false
242.000,2,1.000,1.195,419,false,429.425,25.200,false
242.000,3,3.000,2.983,634,false,662.311,36.000,false
242.000,4,6.000,4.283,861,false,902.311,48.000,false
243.000,0,2.000,0.777,289,false,295.251,9.600,false
243.000,1,2.000,1.155,341,false,351.025,16.800,false
243.000,2,2.000,1.436,421,false,433.840,25.200,false
243.000,3,3.000,2.988,637,false,665.360,36.000,false
243.000,4,0.000,2.998,861,false,889.461,48.000,false
244.000,0,2.000,1.144,291,false,300.918,9.600,true
244.000,1,1.000,1.108,342,false,351.560,16.800,false
244.000,2,2.000,1.606,423,false,437.531,25.200,false
244.000,3,1.000,2.392,638,false,660.395,36.000,false
244.000,4,4.000,3.299,865,false,896.465,48.000,false
245.000,0,0.000,0.801,291,false,297.486,9.600,false
245.000,1,0.000,0.776,342,false,348.235,16.800,false
245.000,2,1.000,1.424,423,false,435.715,25.200,false
245.000,3,4.000,2.874,642,false,669.219,36.000,false
245.000,4,6.000,4.109,870,false,909.569,48.000,false
246.000,0,2.000,1.161,293,false,303.083,9.600,true
246.000,1,2.000,1.143,344,false,353.907,16.800,false
246.000,2,2.000,1.597,425,false,439.443,25.200,false
246.000,3,0.000,2.012,641,false,659.596,36.000,false
246.000,4,1.000,3.176,871,false,901.241,48.000,false
247.000,0,1.000,1.112,294,false,303.601,9.600,true
247.000,1,0.000,0.800,344,false,350.478,16.800,false
247.000,2,1.000,1.418,426,false,438.653,25.200,false
247.000,3,6.000,3.208,647,false,677.560,36.000,false
247.000,4,6.000,4.024,877,false,915.711,48.000,false
248.000,0,1.000,1.079,295,false,304.263,9.600,true
248.000,1,1.000,0.860,345,false,352.077,16.800,false
248.000,2,2.000,1.592,428,false,442.400,25.200,false
248.000,3,2.000,2.846,649,false,675.935,36.000,false
248.000,4,3.000,3.716,880,false,915.641,48.000,false
249.000,0,1.000,1.055,296,false,305.027,9.600,true
249.000,1,2.000,1.202,347,false,357.497,16.800,false
249.000,2,3.000,2.015,431,false,449.623,25.200,false
249.000,3,4.000,3.192,653,false,683.397,36.000,false
249.000,4,4.000,3.802,883,false,919.491,48.000,false
250.000,0,0.000,0.739,296,false,301.862,9.600,false
250.000,1,3.000,1.741,350,false,365.891,16.800,true
250.000,2,1.000,1.710,432,false,447.579,25.200,false
250.000,3,5.000,3.734,658,false,693.821,36.000,true
250.000,4,4.000,3.861,887,false,924.087,48.000,false
251.000,0,0.000,0.517,296,false,299.646,9.600,false
251.000,1,0.000,1.219,349,false,359.666,16.800,false
251.000,2,0.000,1.197,432,false,442.448,25.200,false
251.000,3,5.000,4.114,662,false,701.618,36.000,true
251.000,4,5.000,4.203,892,false,932.504,48.000,false
252.000,0,1.000,0.662,297,false,302.095,9.600,false
252.000,1,1.000,1.153,350,false,360.009,16.800,false
252.000,2,7.000,2.938,439,false,466.856,25.200,true
252.000,3,1.000,3.180,663,false,693.275,36.000,false
252.000,4,3.000,3.842,895,false,931.895,48.000,false
253.000,0,1.000,0.763,298,false,304.110,9.600,false
253.000,1,0.000,0.807,350,false,356.549,16.800,false
253.000,2,3.000,2.957,442,false,470.042,25.200,true
253.000,3,2.000,2.826,665,false,691.735,36.000,false
253.000,4,4.000,3.889,898,false,935.370,48.000,false
254.000,0,0.000,0.534,298,false,301.820,9.600,false
254.000,1,2.000,1.165,352,false,362.127,16.800,false
254.000,2,6.000,3.870,448,false,485.173,25.200,true
254.000,3,3.000,2.878,668,false,695.258,36.000,false
254.000,4,4.000,3.923,902,false,939.702,48.000,false
255.000,0,1.000,0.674,299,false,304.217,9.600,false
255.000,1,3.000,1.716,355,false,370.632,16.800,true
255.000,2,0.000,2.709,448,false,473.564,25.200,true
255.000,3,1.000,2.315,669,false,690.623,36.000,false
255.000,4,3.000,3.646,905,false,939.934,48.000,false
256.000,0,1.000,0.772,300,false,306.194,9.600,false
256.000,1,3.000,2.101,357,false,376.485,16.800,true
256.000,2,2.000,2.496,450,false,473.437,25.200,false
256.000,3,3.000,2.520,671,false,694.679,36.000,false
256.000,4,3.000,3.452,908,false,940.997,48.000,false
257.000,0,1.000,0.840,301,false,307.879,9.600,false
257.000,1,1.000,1.771,358,false,374.183,16.800,true
257.000,2,3.000,2.647,442,false,476.949,25.200,true
257.000,3,2.000,2.364,673,false,695.118,36.000,false
257.000,4,10.000,5.416,908,false,970.641,48.000,true
258.000,0,0.000,0.588,321,false,325.358,9.600,false
258.000,1,0.000,1.239,358,false,368.871,16.800,false
258.000,2,1.000,2.153,443,false,463.007,25.200,false
258.000,3,2.000,2.255,675,false,696.026,36.000,false
258.000,4,1.000,4.092,909,false,948.391,48.000,false
259.000,0,0.000,0.412,321,false,323.594,9.600,false
259.000,1,4.000,2.068,361,false,380.152,16.800,true
259.000,2,2.000,2.107,445,false,464.548,25.200,false
259.000,3,7.000,3.678,672,false,717.261,36.000,true
259.000,4,8.000,5.264,916,false,967.117,48.000,true
260.000,0,0.000,0.288,331,false,332.358,9.600,false
260.000,1,1.000,1.747,362,false,377.949,16.800,true
260.000,2,4.000,2.675,449,false,474.226,25.200,true
260.000,3,7.000,4.675,678,false,723.225,36.000,true
260.000,4,4.000,4.885,920,false,967.325,48.000,true
261.000,0,0.000,0.202,330,false,330.494,9.600,false
261.000,1,2.000,1.823,364,false,380.707,16.800,true
261.000,2,1.000,2.173,450,false,470.201,25.200,false
261.000,3,4.000,4.472,682,false,725.201,36.000,true
261.000,4,4.000,4.619,924,false,968.670,48.000,false
262.000,0,2.000,0.741,332,false,337.888,9.600,false
262.000,1,2.000,1.876,366,false,383.238,16.800,true
262.000,2,4.000,2.721,454,false,479.684,25.200,true
262.000,3,4.000,4.331,686,false,727.783,36.000,true
262.000,4,6.000,5.034,930,false,978.812,48.000,true
263.000,0,0.000,0.519,332,false,335.665,9.600,false
263.000,1,2.000,1.913,358,false,385.610,16.800,true
263.000,2,1.000,2.205,455,false,475.522,25.200,false
263.000,3,5.000,4.531,691,false,734.791,36.000,true
263.000,4,5.000,5.023,935,false,983.711,48.000,true
264.000,0,0.000,0.363,342,false,344.108,9.600,false
264.000,1,2.000,1.939,359,false,376.870,16.800,true
264.000,2,2.000,2.143,457,false,476.908,25.200,false
264.000,3,3.000,4.072,693,false,732.197,36.000,true
264.000,4,7.000,5.616,942,false,996.641,48.000,true
265.000,0,0.000,0.254,342,false,343.019,9.600,false
265.000,1,1.000,1.658,360,false,375.052,16.800,false
265.000,2,1.000,1.800,458,false,474.478,25.200,false
265.000,3,5.000,4.350,698,false,739.981,36.000,true
265.000,4,5.000,5.432,947,false,999.791,48.000,true
266.000,0,1.000,0.478,343,false,346.256,9.600,false
266.000,1,2.000,1.760,362,false,378.079,16.800,true
266.000,2,4.000,2.460,462,false,485.078,25.200,false
266.000,3,1.000,3.345,699,false,730.929,36.000,false
266.000,4,5.000,5.302,952,false,1003.497,48.000,true
267.000,0,2.000,0.935,345,false,352.822,9.600,false
267.000,1,2.000,1.832,364,false,380.798,16.800,true
267.000,2,1.000,2.022,463,false,481.697,25.200,false
267.000,3,0.000,2.342,698,false,719.893,36.000,false
267.000,4,9.000,6.411,961,false,1023.591,48.000,true
268.000,0,1.000,0.954,345,false,353.018,9.600,false
268.000,1,0.000,1.283,363,false,374.302,16.800,false
268.000,2,1.000,1.715,464,false,479.631,25.200,false
268.000,3,9.000,4.339,707,false,748.868,36.000,true
268.000,4,5.000,5.988,966,false,1024.356,48.000,true
269.000,0,0.000,0.668,345,false,350.156,9.600,false
269.000,1,2.000,1.498,365,false,378.454,16.800,false
269.000,2,1.000,1.501,464,false,477.485,25.200,false
269.000,3,5.000,4.537,712,false,755.851,36.000,true
269.000,4,6.000,5.992,972,false,1030.392,48.000,true
270.000,0,2.000,1.068,337,false,356.152,9.600,true
270.000,1,0.000,1.048,375,false,383.961,16.800,false
270.000,2,5.000,2.551,469,false,492.982,25.200,true
270.000,3,3.000,4.076,715,false,754.238,36.000,true
270.000,4,5.000,5.694,977,false,1032.417,48.000,true
271.000,0,0.000,0.747,337,false,342.949,9.600,false
271.000,1,3.000,1.634,378,false,392.815,16.800,false
271.000,2,2.000,2.385,471,false,493.330,25.200,false
271.000,3,1.000,3.153,715,false,745.010,36.000,false
271.000,4,5.000,5.486,981,false,1034.335,48.000,true
272.000,0,4.000,1.723,341,false,356.707,9.600,true
272.000,1,2.000,1.744,380,false,395.914,16.800,true
272.000,2,2.000,2.270,473,false,494.174,25.200,false
272.000,3,3.000,3.107,718,false,747.550,36.000,false
272.000,4,6.000,5.640,987,false,1041.877,48.000,true
273.000,0,1.000,1.506,342,false,355.538,9.600,true
273.000,1,1.000,1.521,380,false,393.682,16.800,false
273.000,2,3.000,2.489,476,false,499.365,25.200,false
273.000,3,4.000,3.375,722,false,754.228,36.000,false
273.000,4,2.000,4.548,989,false,1032.957,48.000,false
274.000,0,1.000,1.354,343,false,355.019,9.600,true
274.000,1,3.000,1.964,383,false,401.120,16.800,true
274.000,2,2.000,2.342,478,false,499.898,25.200,false
274.000,3,3.000,3.263,725,false,756.102,36.000,false
274.000,4,5.000,4.684,994,false,1039.313,48.000,false
275.000,0,0.000,0.948,342,false,349.956,9.600,false
275.000,1,1.000,1.675,384,false,399.227,16.800,false
275.000,2,1.000,1.940,479,false,496.872,25.200,false
275.000,3,3.000,3.184,728,false,758.314,36.000,false
275.000,4,5.000,4.779,998,false,1044.262,48.000,false
276.000,0,0.000,0.664,342,false,347.112,9.600,false
276.000,1,1.000,1.473,385,false,398.202,16.800,false
276.000,2,3.000,2.258,481,false,502.053,25.200,false
276.000,3,2.000,2.829,730,false,756.763,36.000,false
276.000,4,3.000,4.245,1001,false,1041.926,48.000,false
277.000,0,0.000,0.465,342,false,345.122,9.600,false
277.000,1,2.000,1.631,387,false,401.784,16.800,false
277.000,2,2.000,2.180,483,false,503.280,25.200,false
277.000,3,2.000,2.580,732,false,756.277,36.000,false
277.000,4,3.000,3.871,1004,false,1041.191,48.000,false
278.000,0,1.000,0.625,343,false,347.728,9.600,false
278.000,1,2.000,1.742,389,false,404.892,16.800,true
278.000,2,3.000,2.426,486,false,508.739,25.200,false
278.000,3,0.000,1.806,731,false,747.537,36.000,false
278.000,4,1.000,3.010,1004,false,1032.577,48.000,false
279.000,0,2.000,1.038,345,false,353.852,9.600,true
279.000,1,0.000,1.219,389,false,399.667,16.800,false
279.000,2,3.000,2.598,489,false,513.460,25.200,true
279.000,3,4.000,2.464,735,false,758.119,36.000,false
279.000,4,3.000,3.007,1007,false,1035.547,48.000,false
280.000,0,1.000,1.026,346,false,354.740,9.600,true
280.000,1,1.000,1.153,390,false,400.010,16.800,false
280.000,2,1.000,2.119,490,false,509.665,25.200,false
280.000,3,4.000,2.925,739,false,766.726,36.000,false
280.000,4,2.000,2.705,1009,false,1034.525,48.000,false
281.000,0,2.000,1.318,348,false,359.661,9.600,true
281.000,1,0.000,0.807,390,false,396.550,16.800,false
281.000,2,2.000,2.083,492,false,511.308,25.200,false
281.000,3,4.000,3.247,743,false,773.951,36.000,false
281.000,4,2.000,2.493,1011,false,1034.411,48.000,false
282.000,0,0.000,0.923,348,false,355.705,9.600,false
282.000,1,1.000,0.865,391,false,398.128,16.800,false
282.000,2,0.000,1.458,492,false,505.059,25.200,false
282.000,3,3.000,3.173,746,false,776.209,36.000,false
282.000,4,6.000,3.545,1017,false,1050.930,48.000,false
283.000,0,0.000,0.646,348,false,352.937,9.600,false
283.000,1,1.000,0.906,392,false,399.532,16.800,false
283.000,2,3.000,1.921,494,false,511.684,25.200,false
283.000,3,0.000,2.221,746,false,766.689,36.000,false
283.000,4,4.000,3.682,1021,false,1056.294,48.000,false
284.000,0,2.000,1.052,350,false,358.998,9.600,true
284.000,1,1.000,0.934,393,false,400.815,16.800,false
284.000,2,2.000,1.945,496,false,513.922,25.200,false
284.000,3,4.000,2.755,750,false,776.025,36.000,false
284.000,4,3.000,3.477,1024,false,1057.249,48.000,false
285.000,0,0.000,0.737,350,false,355.842,9.600,false
285.000,1,4.000,1.854,397,false,414.014,16.800,true
285.000,2,0.000,1.361,496,false,508.088,25.200,false
285.000,3,3.000,2.828,753,false,779.760,36.000,false
285.000,4,4.000,3.634,1028,false,1062.817,48.000,false
286.000,0,0.000,0.516,350,false,353.632,9.600,false
286.000,1,2.000,1.898,399,false,416.452,16.800,true
286.000,2,2.000,1.553,498,false,512.004,25.200,false
286.000,3,8.000,4.380,761,false,803.275,36.000,true
286.000,4,8.000,4.944,1036,false,1083.915,48.000,true
287.000,0,0.000,0.361,350,false,352.085,9.600,false
287.000,1,0.000,1.328,399,false,410.760,16.800,false
287.000,2,3.000,1.987,501,false,519.346,25.200,false
287.000,3,6.000,4.866,767,false,814.135,36.000,true
287.000,4,2.000,4.061,1038,false,1077.083,48.000,false
288.000,0,1.000,0.553,351,false,355.003,9.600,false
288.000,1,1.000,1.230,400,false,410.775,16.800,false
288.000,2,1.000,1.691,502,false,517.385,25.200,false
288.000,3,1.000,3.706,768,false,803.538,36.000,true
288.000,4,3.000,3.742,1041,false,1076.901,48.000,false
289.000,0,2.000,0.987,352,false,360.345,9.600,true
289.000,1,2.000,1.461,402,false,415.085,16.800,false
289.000,2,2.000,1.784,504,false,520.312,25.200,false
289.000,3,2.000,3.194,770,false,800.419,36.000,false
289.000,4,1.000,2.920,1042,false,1069.674,48.000,false
290.000,0,3.000,1.591,355,false,369.384,9.600,true
290.000,1,4.000,2.223,406,false,426.702,16.800,true
290.000,2,2.000,1.849,505,false,521.962,25.200,false
290.000,3,3.000,3.136,773,false,802.836,36.000,false
290.000,4,4.000,3.244,1046,false,1076.914,48.000,false
291.000,0,2.000,1.714,357,false,372.612,9.600,true
291.000,1,1.000,1.856,407,false,424.035,16.800,true
291.000,2,0.000,1.294,505,false,516.416,25.200,false
291.000,3,1.000,2.495,774,false,797.428,36.000,false
291.000,4,7.000,4.371,1053,false,1095.183,48.000,false
292.000,0,1.000,1.499,358,false,371.471,9.600,true
292.000,1,4.000,2.499,411,false,434.467,16.800,true
292.000,2,3.000,1.806,508,false,524.534,25.200,false
292.000,3,0.000,1.747,774,false,789.943,36.000,false
292.000,4,1.000,3.359,1054,false,1086.071,48.000,false
293.000,0,1.000,1.350,359,false,370.973,9.600,true
293.000,1,0.000,1.749,411,false,426.970,16.800,true
293.000,2,1.000,1.564,509,false,523.117,25.200,false
293.000,3,2.000,1.823,776,false,792.703,36.000,false
293.000,4,4.000,3.552,1058,false,1091.992,48.000,false
294.000,0,1.000,1.245,360,false,370.924,9.600,true
294.000,1,1.000,1.525,411,false,424.722,16.800,false
294.000,2,4.000,2.295,513,false,534.425,25.200,false
294.000,3,4.000,2.476,780,false,803.235,36.000,false
294.000,4,4.000,3.686,1062,false,1097.338,48.000,false
295.000,0,1.000,1.171,361,false,371.189,9.600,true
295.000,1,4.000,2.267,415,false,436.148,16.800,true
295.000,2,2.000,2.206,514,false,534.540,25.200,false
295.000,3,0.000,1.733,780,false,795.807,36.000,false
295.000,4,7.000,4.680,1069,false,1114.279,48.000,false
296.000,0,1.000,1.120,362,false,371.675,9.600,true
296.000,1,1.000,1.887,416,false,433.346,16.800,true
296.000,2,1.000,1.844,515,false,531.921,25.200,false
296.000,3,4.000,2.413,784,false,806.608,36.000,false
296.000,4,5.000,4.776,1074,false,1120.238,48.000,false
297.000,0,2.000,1.384,363,false,375.316,9.600,true
297.000,1,0.000,1.321,415,false,426.685,16.800,false
297.000,2,1.000,1.591,516,false,530.387,25.200,false
297.000,3,1.000,1.989,784,false,802.368,36.000,false
297.000,4,4.000,4.543,1078,false,1121.910,48.000,false
298.000,0,0.000,0.969,363,false,371.164,9.600,true
298.000,1,0.000,0.925,415,false,422.723,16.800,false
298.000,2,1.000,1.414,517,false,529.614,25.200,false
298.000,3,3.000,2.292,787,false,808.401,36.000,false
298.000,4,2.000,3.780,1080,false,1116.280,48.000,false
299.000,0,1.000,0.978,364,false,372.258,9.600,true
299.000,1,1.000,0.947,416,false,423.949,16.800,false
299.000,2,2.000,1.590,518,false,532.373,25.200,false
299.000,3,3.000,2.505,790,false,813.523,36.000,false
299.000,4,4.000,3.846,1084,false,1120.939,48.000,false
300.000,0,1.000,0.985,365,false,373.323,9.600,true
300.000,1,0.000,0.663,416,false,421.107,16.800,false
300.000,2,2.000,1.713,520,false,535.604,25.200,false
300.000,3,0.000,1.753,790,false,806.009,36.000,false
300.000,4,4.000,3.892,1087,false,1124.400,48.000,false
301.000,0,0.000,0.689,364,false,369.369,9.600,false
301.000,1,3.000,1.364,418,false,430.118,16.800,false
301.000,2,0.000,1.199,520,false,530.465,25.200,false
301.000,3,3.000,2.127,793,false,812.749,36.000,false
301.000,4,3.000,3.625,1090,false,1124.723,48.000,false
302.000,0,0.000,0.483,364,false,367.301,9.600,false
302.000,1,0.000,0.955,418,false,426.025,16.800,false
302.000,2,3.000,1.739,522,false,537.869,25.200,false
302.000,3,1.000,1.789,793,false,809.367,36.000,false
302.000,4,6.000,4.337,1096,false,1137.849,48.000,false
303.000,0,2.000,0.938,366,false,373.854,9.600,false
303.000,1,0.000,0.668,418,false,423.161,16.800,false
303.000,2,1.000,1.517,523,false,536.651,25.200,false
303.000,3,1.000,1.552,794,false,808.000,36.000,false
303.000,4,3.000,3.936,1099,false,1136.837,48.000,false
304.000,0,0.000,0.656,366,false,371.040,9.600,false
304.000,1,2.000,1.068,419,false,428.155,16.800,false
304.000,2,3.000,1.962,526,false,544.099,25.200,false
304.000,3,7.000,3.187,801,false,831.343,36.000,false
304.000,4,5.000,4.255,1104,false,1145.029,48.000,false
305.000,0,2.000,1.059,368,false,377.071,9.600,true
305.000,1,0.000,0.748,419,false,424.952,16.800,false
305.000,2,3.000,2.274,529,false,550.212,25.200,false
305.000,3,4.000,3.431,805,false,837.783,36.000,false
305.000,4,9.000,5.679,1103,false,1168.263,48.000,true
306.000,0,2.000,1.342,380,false,391.893,9.600,true
306.000,1,0.000,0.523,419,false,422.709,16.800,false
306.000,2,2.000,2.191,531,false,551.391,25.200,false
306.000,3,1.000,2.701,805,false,830.491,36.000,false
306.000,4,7.000,6.075,1110,false,1169.227,48.000,true
307.000,0,2.000,1.539,381,false,394.868,9.600,true
307.000,1,2.000,0.966,421,false,429.139,16.800,false
307.000,2,1.000,1.834,532,false,548.817,25.200,false
307.000,3,3.000,2.791,808,false,834.386,36.000,false
307.000,4,1.000,4.553,1111,false,1155.002,48.000,false
308.000,0,2.000,1.677,383,false,398.250,9.600,true
308.000,1,1.000,0.976,422,false,430.240,16.800,false
308.000,2,1.000,1.584,533,false,547.315,25.200,false
308.000,3,2.000,2.554,810,false,834.013,36.000,false
308.000,4,3.000,4.087,1114,false,1153.344,48.000,false
309.000,0,1.000,1.474,384,false,397.218,9.600,true
309.000,1,3.000,1.583,424,false,438.311,16.800,false
309.000,2,8.000,3.509,531,false,574.563,25.200,true
309.000,3,1.000,2.088,810,false,829.352,36.000,false
309.000,4,4.000,4.061,1118,false,1157.084,48.000,false
310.000,0,0.000,1.032,384,false,402.795,9.600,true
310.000,1,1.000,1.408,435,false,447.561,16.800,false
310.000,2,1.000,2.756,531,false,557.037,25.200,true
310.000,3,7.000,3.561,817,false,851.089,36.000,false
310.000,4,3.000,3.743,1120,false,1155.901,48.000,false
311.000,0,2.000,1.322,385,false,396.700,9.600,true
311.000,1,3.000,1.886,428,false,455.335,16.800,true
311.000,2,3.000,2.829,534,false,560.769,25.200,true
311.000,3,7.000,4.593,814,false,868.405,36.000,true
311.000,4,5.000,4.120,1125,false,1164.674,48.000,false
312.000,0,2.000,1.526,407,false,420.733,9.600,true
312.000,1,1.000,1.620,429,false,443.678,16.800,false
312.000,2,0.000,1.980,534,false,552.281,25.200,false
312.000,3,0.000,3.215,814,false,844.627,36.000,false
312.000,4,3.000,3.784,1127,false,1163.315,48.000,false
313.000,0,0.000,1.068,407,false,416.156,9.600,true
313.000,1,0.000,1.134,429,false,438.817,16.800,false
313.000,2,1.000,1.686,535,false,550.340,25.200,false
313.000,3,2.000,2.851,816,false,842.982,36.000,false
313.000,4,3.000,3.549,1130,false,1163.963,48.000,false
314.000,0,1.000,1.048,408,false,416.952,9.600,true
314.000,1,1.000,1.094,430,false,439.415,16.800,false
314.000,2,1.000,1.480,535,false,548.281,25.200,false
314.000,3,5.000,3.495,821,false,854.430,36.000,false
314.000,4,0.000,2.484,1130,false,1153.317,48.000,false
315.000,0,3.000,1.633,411,false,425.809,9.600,true
315.000,1,0.000,0.766,429,false,435.133,16.800,false
315.000,2,3.000,1.936,538,false,555.839,25.200,false
315.000,3,0.000,2.447,821,false,843.944,36.000,false
315.000,4,2.000,2.339,1132,false,1153.865,48.000,false
316.000,0,0.000,1.143,411,false,420.909,9.600,true
316.000,1,2.000,1.136,431,false,440.836,16.800,false
316.000,2,0.000,1.355,538,false,550.030,25.200,false
316.000,3,2.000,2.313,823,false,844.604,36.000,false
316.000,4,2.000,2.237,1134,false,1154.848,48.000,false
317.000,0,0.000,0.800,410,false,416.479,9.600,false
317.000,1,0.000,0.795,431,false,437.428,16.800,false
317.000,2,3.000,1.849,541,false,557.964,25.200,false
317.000,3,4.000,2.819,826,false,852.665,36.000,false
317.000,4,4.000,2.766,1138,false,1164.137,48.000,false
318.000,0,2.000,1.160,412,false,422.078,9.600,true
318.000,1,2.000,1.157,433,false,443.043,16.800,false
318.000,2,1.000,1.594,542,false,556.418,25.200,false
318.000,3,5.000,3.473,831,false,864.209,36.000,false
318.000,4,4.000,3.136,1142,false,1171.838,48.000,false
319.000,0,0.000,0.812,412,false,418.598,9.600,false
319.000,1,0.000,0.810,433,false,439.573,16.800,false
319.000,2,2.000,1.716,544,false,559.635,25.200,false
319.000,3,4.000,3.631,835,false,869.789,36.000,true
319.000,4,1.000,2.495,1143,false,1166.430,48.000,false
320.000,0,2.000,1.169,414,false,424.161,9.600,true
320.000,1,3.000,1.467,436,false,449.144,16.800,false
320.000,2,3.000,2.101,546,false,565.488,25.200,false
320.000,3,1.000,2.842,836,false,862.895,36.000,false
320.000,4,3.000,2.647,1145,false,1169.944,48.000,false
321.000,0,0.000,0.818,413,false,419.656,9.600,false
321.000,1,1.000,1.327,437,false,448.743,16.800,false
321.000,2,1.000,1.771,547,false,563.184,25.200,false
321.000,3,3.000,2.889,839,false,866.369,36.000,false
321.000,4,1.000,2.153,1146,false,1166.003,48.000,false
322.000,0,1.000,0.873,414,false,421.202,9.600,false
322.000,1,0.000,0.929,436,false,443.763,16.800,false
322.000,2,4.000,2.440,551,false,573.872,25.200,false
322.000,3,2.000,2.623,840,false,864.701,36.000,false
322.000,4,4.000,2.707,1149,false,1174.545,48.000,false
323.000,0,1.000,0.911,415,false,422.584,9.600,false
323.000,1,4.000,1.850,440,false,456.977,16.800,true
323.000,2,3.000,2.608,553,false,577.553,25.200,true
323.000,3,2.000,2.436,842,false,864.834,36.000,false
323.000,4,2.000,2.495,1151,false,1174.425,48.000,false
324.000,0,3.000,1.538,418,false,431.852,9.600,true
324.000,1,0.000,1.295,440,false,451.427,16.800,false
324.000,2,1.000,2.125,554,false,573.730,25.200,false
324.000,3,8.000,4.105,850,false,889.527,36.000,true
324.000,4,6.000,3.546,1157,false,1190.940,48.000,false
325.000,0,2.000,1.676,420,false,435.239,9.600,true
325.000,1,0.000,0.907,440,false,447.542,16.800,false
325.000,2,4.000,2.688,558,false,583.354,25.200,true
325.000,3,1.000,3.174,851,false,881.211,36.000,false
325.000,4,2.000,3.082,1159,false,1188.301,48.000,false
326.000,0,0.000,1.173,419,false,429.210,9.600,true
326.000,1,2.000,1.235,442,false,452.822,16.800,false
326.000,2,2.000,2.481,560,false,583.291,25.200,false
326.000,3,0.000,2.221,851,false,871.691,36.000,false
326.000,4,3.000,3.058,1162,false,1191.053,48.000,false
327.000,0,0.000,0.821,419,false,425.690,9.600,false
327.000,1,1.000,1.164,443,false,453.118,16.800,false
327.000,2,2.000,2.337,562,false,583.846,25.200,false
327.000,3,7.000,3.655,858,false,893.026,36.000,true
327.000,4,8.000,4.540,1169,false,1212.880,48.000,false
328.000,0,0.000,0.575,419,false,423.226,9.600,false
328.000,1,2.000,1.415,445,false,457.626,16.800,false
328.000,2,2.000,2.236,564,false,584.835,25.200,false
328.000,3,3.000,3.459,861,false,894.061,36.000,false
328.000,4,4.000,4.378,1173,false,1215.259,48.000,false
329.000,0,1.000,0.702,420,false,425.501,9.600,false
329.000,1,0.000,0.990,445,false,453.381,16.800,false
329.000,2,0.000,1.565,564,false,578.128,25.200,false
329.000,3,3.000,3.321,863,false,894.686,36.000,false
329.000,4,6.000,4.865,1179,false,1226.124,48.000,true
330.000,0,3.000,1.392,423,false,435.394,9.600,true
330.000,1,2.000,1.293,447,false,458.409,16.800,false
330.000,2,4.000,2.296,568,false,589.432,25.200,false
330.000,3,6.000,4.125,869,false,908.723,36.000,true
330.000,4,1.000,3.705,1179,false,1214.530,48.000,false
331.000,0,0.000,0.974,423,false,431.218,9.600,true
331.000,1,2.000,1.505,449,false,462.529,16.800,false
331.000,2,1.000,1.907,569,false,586.545,25.200,false
331.000,3,4.000,4.087,873,false,912.349,36.000,true
331.000,4,3.000,3.494,1182,false,1215.414,48.000,false
332.000,0,3.000,1.582,426,false,440.296,9.600,true
332.000,1,2.000,1.654,451,false,466.013,16.800,false
332.000,2,5.000,2.835,574,false,600.825,25.200,true
332.000,3,4.000,4.061,877,false,916.087,36.000,true
332.000,4,6.000,4.246,1188,false,1228.932,48.000,false
333.000,0,1.000,1.407,426,false,438.550,9.600,true
333.000,1,0.000,1.158,451,false,461.052,16.800,false
333.000,2,1.000,2.284,575,false,596.320,25.200,false
333.000,3,4.000,4.043,881,false,919.904,36.000,true
333.000,4,5.000,4.472,1193,false,1236.196,48.000,false
334.000,0,1.000,1.285,427,false,438.328,9.600,true
334.000,1,3.000,1.710,454,false,469.579,16.800,true
334.000,2,0.000,1.599,574,false,588.467,25.200,false
334.000,3,5.000,4.330,885,false,926.776,36.000,true
334.000,4,3.000,4.030,1196,false,1234.780,48.000,false
335.000,0,1.000,1.200,428,false,438.472,9.600,true
335.000,1,1.000,1.497,454,false,467.448,16.800,false
335.000,2,2.000,1.719,576,false,591.670,25.200,false
335.000,3,2.000,3.631,887,false,921.786,36.000,true
335.000,4,5.000,4.321,1201,false,1242.689,48.000,false
336.000,0,3.000,1.740,431,false,446.873,9.600,true
336.000,1,1.000,1.348,455,false,466.957,16.800,false
336.000,2,1.000,1.504,577,false,590.512,25.200,false
336.000,3,2.000,3.142,889,false,918.893,36.000,false
336.000,4,3.000,3.925,1203,false,1240.725,48.000,false
337.000,0,1.000,1.518,432,false,445.654,9.600,true
337.000,1,2.000,1.544,457,false,470.913,16.800,false
337.000,2,2.000,1.652,579,false,594.001,25.200,false
337.000,3,4.000,3.399,893,false,925.468,36.000,false
337.000,4,4.000,3.947,1207,false,1244.950,48.000,false
338.000,0,0.000,1.062,432,false,441.101,9.600,true
338.000,1,1.000,1.381,458,false,470.282,16.800,false
338.000,2,3.000,2.057,582,false,601.044,25.200,false
338.000,3,2.000,2.979,895,false,923.270,36.000,false
338.000,4,2.000,3.363,1209,false,1241.108,48.000,false
339.000,0,0.000,0.744,432,false,437.913,9.600,false
339.000,1,2.000,1.566,460,false,474.140,16.800,false
339.000,2,0.000,1.440,582,false,594.873,25.200,false
339.000,3,4.000,3.286,899,false,930.332,36.000,false
339.000,4,3.000,3.254,1212,false,1243.019,48.000,false
340.000,0,0.000,0.521,432,false,435.682,9.600,false
340.000,1,4.000,2.296,464,false,485.441,16.800,true
340.000,2,4.000,2.208,586,false,606.554,25.200,false
340.000,3,2.000,2.900,901,false,928.475,36.000,false
340.000,4,9.000,4.978,1221,false,1269.256,48.000,true
341.000,0,1.000,0.664,433,false,438.120,9.600,false
341.000,1,0.000,1.608,464,false,478.551,16.800,false
341.000,2,3.000,2.445,589,false,611.931,25.200,false
341.000,3,2.000,2.630,903,false,927.776,36.000,false
341.000,4,4.000,4.685,1225,false,1270.322,48.000,false
342.000,0,2.000,1.065,435,false,444.127,9.600,true
342.000,1,3.000,2.025,466,false,484.729,16.800,true
342.000,2,1.000,2.012,589,false,607.594,25.200,false
342.000,3,2.000,2.441,905,false,927.886,36.000,false
342.000,4,6.000,5.079,1230,false,1279.268,48.000,true
343.000,0,2.000,1.346,436,false,447.932,9.600,true
343.000,1,0.000,1.418,466,false,478.653,16.800,false
343.000,2,1.000,1.708,590,false,605.559,25.200,false
343.000,3,2.000,2.309,907,false,928.563,36.000,false
343.000,4,5.000,5.055,1235,false,1284.031,48.000,true
344.000,0,1.000,1.242,437,false,447.895,9.600,true
344.000,1,1.000,1.292,467,false,478.400,16.800,false
344.000,2,2.000,1.796,591,false,607.434,25.200,false
344.000,3,1.000,1.916,908,false,925.637,36.000,false
344.000,4,4.000,4.739,1239,false,1284.864,48.000,false
345.000,0,1.000,1.169,438,false,448.169,9.600,true
345.000,1,2.000,1.505,468,false,481.523,16.800,false
345.000,2,3.000,2.157,594,false,614.047,25.200,false
345.000,3,2.000,1.941,909,false,926.889,36.000,false
345.000,4,4.000,4.517,1243,false,1286.648,48.000,false
346.000,0,1.000,1.119,439,false,448.661,9.600,true
346.000,1,1.000,1.353,469,false,481.009,16.800,false
346.000,2,3.000,2.410,597,false,619.576,25.200,false
346.000,3,3.000,2.259,912,false,933.065,36.000,false
346.000,4,3.000,4.062,1246,false,1285.096,48.000,false
347.000,0,3.000,1.683,442,false,457.306,9.600,true
347.000,1,4.000,2.147,473,false,492.949,16.800,true
347.000,2,2.000,2.287,599,false,620.346,25.200,false
347.000,3,0.000,1.581,912,false,926.288,36.000,false
347.000,4,6.000,4.643,1252,false,1296.910,48.000,false
348.000,0,1.000,1.478,443,false,456.257,9.600,true
348.000,1,2.000,2.103,474,false,493.507,16.800,true
348.000,2,2.000,2.201,600,false,620.485,25.200,false
348.000,3,2.000,1.707,914,false,929.545,36.000,false
348.000,4,2.000,3.850,1254,false,1290.980,48.000,false
349.000,0,1.000,1.335,444,false,455.823,9.600,true
349.000,1,1.000,1.772,475,false,491.198,16.800,true
349.000,2,3.000,2.441,603,false,625.882,25.200,false
349.000,3,4.000,2.395,918,false,940.424,36.000,false
349.000,4,1.000,2.995,1255,false,1283.429,48.000,false
350.000,0,2.000,1.534,436,false,459.819,9.600,true
350.000,1,1.000,1.541,486,false,499.881,16.800,false
350.000,2,3.000,2.608,596,false,630.560,25.200,true
350.000,3,4.000,2.876,922,false,949.240,36.000,false
350.000,4,1.000,2.397,1255,false,1277.443,48.000,false
351.000,0,1.000,1.374,446,false,458.216,9.600,true
351.000,1,0.000,1.078,486,false,495.260,16.800,false
351.000,2,2.000,2.426,598,false,620.735,25.200,false
351.000,3,5.000,3.513,927,false,960.611,36.000,false
351.000,4,7.000,3.778,1262,false,1298.253,48.000,false
352.000,0,0.000,0.962,446,false,454.094,9.600,true
352.000,1,1.000,1.055,487,false,496.025,16.800,false
352.000,2,2.000,2.298,600,false,621.457,25.200,false
352.000,3,4.000,3.659,921,false,966.070,36.000,true
352.000,4,4.000,3.844,1266,false,1302.920,48.000,false
353.000,0,0.000,0.673,456,false,461.209,9.600,false
353.000,1,1.000,1.038,487,false,495.860,16.800,false
353.000,2,2.000,2.209,602,false,622.563,25.200,false
353.000,3,1.000,2.862,921,false,948.092,36.000,false
353.000,4,2.000,3.291,1267,false,1298.387,48.000,false
354.000,0,0.000,0.471,455,false,458.189,9.600,false
354.000,1,1.000,1.027,488,false,496.745,16.800,false
354.000,2,2.000,2.146,604,false,623.937,25.200,false
354.000,3,1.000,2.303,922,false,943.507,36.000,false
354.000,4,4.000,3.504,1271,false,1304.514,48.000,false
355.000,0,0.000,0.330,455,false,456.775,9.600,false
355.000,1,1.000,1.019,489,false,497.664,16.800,false
355.000,2,3.000,2.402,606,false,628.499,25.200,false
355.000,3,3.000,2.512,925,false,948.598,36.000,false
355.000,4,0.000,2.453,1271,false,1294.002,48.000,false
356.000,0,0.000,0.231,455,false,455.785,9.600,false
356.000,1,3.000,1.613,492,false,506.608,16.800,false
356.000,2,3.000,2.582,609,false,633.292,25.200,true
356.000,3,4.000,2.959,929,false,957.061,36.000,false
356.000,4,1.000,2.017,1272,false,1290.645,48.000,false
357.000,0,1.000,0.462,456,false,459.093,9.600,false
357.000,1,1.000,1.429,492,false,504.768,16.800,false
357.000,2,4.000,3.007,613,false,641.547,25.200,true
357.000,3,5.000,3.571,934,false,968.186,36.000,false
357.000,4,3.000,2.312,1275,false,1296.594,48.000,false
358.000,0,1.000,0.623,457,false,461.708,9.600,false
358.000,1,4.000,2.200,486,false,516.481,16.800,true
358.000,2,3.000,3.005,616,false,644.526,25.200,true
358.000,3,2.000,3.100,936,false,965.473,36.000,false
358.000,4,4.000,2.818,1279,false,1305.659,48.000,false
359.000,0,0.000,0.436,467,false,469.838,9.600,false
359.000,1,3.000,2.440,489,false,511.879,16.800,true
359.000,2,1.000,2.403,616,false,638.511,25.200,false
359.000,3,1.000,2.470,936,false,959.174,36.000,false
359.000,4,3.000,2.873,1282,false,1309.204,48.000,false
360.000,0,2.000,0.905,469,false,476.530,9.600,false
360.000,1,1.000,2.008,489,false,507.558,16.800,true
360.000,2,5.000,3.182,621,false,651.301,25.200,true
360.000,3,4.000,2.929,940,false,967.765,36.000,false
360.000,4,0.000,2.011,1281,false,1299.586,48.000,false
361.000,0,2.000,1.234,470,false,480.814,9.600,true
361.000,1,0.000,1.406,489,false,501.534,16.800,false
361.000,2,3.000,3.128,624,false,653.753,25.200,true
361.000,3,6.000,3.850,946,false,982.978,36.000,true
361.000,4,2.000,2.008,1283,false,1301.553,48.000,false
362.000,0,0.000,0.864,470,false,477.112,9.600,false
362.000,1,0.000,0.984,489,false,497.316,16.800,false
362.000,2,4.000,3.389,628,false,660.370,25.200,true
362.000,3,3.000,3.595,949,false,983.428,36.000,false
362.000,4,1.000,1.705,1284,false,1299.530,48.000,false
363.000,0,0.000,0.605,469,false,473.522,9.600,false
363.000,1,3.000,1.589,492,false,506.364,16.800,false
363.000,2,3.000,3.273,631,false,662.202,25.200,true
363.000,3,2.000,3.117,951,false,980.642,36.000,false
363.000,4,1.000,1.494,1285,false,1298.414,48.000,false
364.000,0,0.000,0.423,469,false,471.708,9.600,false
364.000,1,0.000,1.112,492,false,501.598,16.800,false
364.000,2,1.000,2.591,632,false,656.384,25.200,true
364.000,3,4.000,3.382,955,false,987.292,36.000,false
364.000,4,0.000,1.046,1285,false,1293.932,48.000,false
365.000,0,1.000,0.596,470,false,474.438,9.600,false
365.000,1,2.000,1.379,494,false,506.261,16.800,false
365.000,2,4.000,3.014,636,false,664.612,25.200,true
365.000,3,8.000,4.767,963,false,1009.147,36.000,true
365.000,4,3.000,1.632,1288,false,1302.796,48.000,false
366.000,0,2.000,1.017,472,false,480.650,9.600,true
366.000,1,0.000,0.965,493,false,501.126,16.800,false
366.000,2,1.000,2.409,636,false,658.571,25.200,false
366.000,3,4.000,4.537,967,false,1010.846,36.000,true
366.000,4,2.000,1.742,1290,false,1305.900,48.000,false
367.000,0,0.000,0.712,472,false,477.598,9.600,false
367.000,1,2.000,1.275,495,false,506.231,16.800,false
367.000,2,1.000,1.987,637,false,655.343,25.200,false
367.000,3,5.000,4.676,972,false,1017.235,36.000,true
367.000,4,6.000,3.020,1296,false,1324.673,48.000,false
368.000,0,0.000,0.499,472,false,475.461,9.600,false
368.000,1,2.000,1.493,497,false,510.405,16.800,false
368.000,2,4.000,2.591,641,false,665.383,25.200,true
368.000,3,2.000,3.873,974,false,1011.207,36.000,true
368.000,4,4.000,3.314,1300,false,1331.614,48.000,false
369.000,0,0.000,0.349,472,false,473.966,9.600,false
369.000,1,3.000,1.945,500,false,517.926,16.800,true
369.000,2,1.000,2.113,642,false,661.611,25.200,false
369.000,3,3.000,3.611,977,false,1011.588,36.000,true
369.000,4,4.000,3.520,1304,false,1337.672,48.000,false
370.000,0,3.000,1.144,475,false,484.919,9.600,true
370.000,1,0.000,1.361,500,false,512.091,16.800,false
370.000,2,2.000,2.079,644,false,663.270,25.200,false
370.000,3,2.000,3.128,979,false,1008.755,36.000,false
370.000,4,2.000,3.064,1306,false,1335.114,48.000,false
371.000,0,0.000,0.801,475,false,481.486,9.600,false
371.000,1,2.000,1.553,502,false,516.007,16.800,false
371.000,2,3.000,2.356,647,false,669.032,25.200,false
371.000,3,3.000,3.089,982,false,1011.371,36.000,false
371.000,4,3.000,3.045,1309,false,1337.922,48.000,false
372.000,0,2.000,1.161,477,false,487.083,9.600,true
372.000,1,3.000,1.987,505,false,523.347,16.800,true
372.000,2,3.000,2.549,650,false,673.965,25.200,true
372.000,3,2.000,2.763,984,false,1010.103,36.000,false
372.000,4,8.000,4.531,1316,false,1359.789,48.000,false
373.000,0,0.000,0.812,476,false,482.601,9.600,false
373.000,1,3.000,2.291,507,false,528.386,16.800,true
373.000,2,2.000,2.384,652,false,674.319,25.200,false
373.000,3,3.000,2.834,987,false,1013.815,36.000,false
373.000,4,4.000,4.372,1320,false,1362.195,48.000,false
374.000,0,1.000,0.869,477,false,484.164,9.600,false
374.000,1,2.000,2.204,509,false,529.513,16.800,true
374.000,2,1.000,1.969,653,false,671.166,25.200,false
374.000,3,1.000,2.284,987,false,1008.313,36.000,false
374.000,4,1.000,3.360,1321,false,1353.079,48.000,false
375.000,0,0.000,0.608,477,false,481.557,9.600,false
375.000,1,3.000,2.443,512,false,534.902,16.800,true
375.000,2,0.000,1.378,652,false,664.259,25.200,false
375.000,3,5.000,3.099,992,false,1021.462,36.000,false
375.000,4,2.000,2.952,1322,false,1349.998,48.000,false
376.000,0,0.000,0.426,477,false,479.733,9.600,false
376.000,1,1.000,2.010,512,false,530.574,16.800,true
376.000,2,8.000,3.365,660,false,692.124,25.200,true
376.000,3,2.000,2.769,994,false,1020.166,36.000,false
376.000,4,6.000,3.867,1328,false,1365.142,48.000,false
377.000,0,2.000,0.898,479,false,486.456,9.600,false
377.000,1,1.000,1.707,513,false,528.545,16.800,true
377.000,2,2.000,2.955,662,false,690.030,25.200,true
377.000,3,2.000,2.538,996,false,1019.859,36.000,false
377.000,4,7.000,4.807,1325,false,1381.542,48.000,true
378.000,0,2.000,1.229,491,false,501.762,9.600,true
378.000,1,7.000,3.295,519,false,550.424,16.800,true
378.000,2,3.000,2.969,664,false,692.164,25.200,true
378.000,3,1.000,2.077,996,false,1015.244,36.000,false
378.000,4,5.000,4.865,1330,false,1377.122,48.000,true
379.000,0,0.000,0.860,491,false,498.076,9.600,false
379.000,1,4.000,3.506,523,false,556.540,16.800,true
379.000,2,0.000,2.078,664,false,683.257,25.200,false
379.000,3,9.000,4.154,1005,false,1045.014,36.000,true
379.000,4,4.000,4.605,1334,false,1378.528,48.000,false
380.000,0,0.000,0.602,491,false,495.496,9.600,false
380.000,1,2.000,3.054,525,false,554.021,16.800,true
380.000,2,2.000,2.055,666,false,685.023,25.200,false
380.000,3,1.000,3.208,1006,false,1036.553,36.000,false
380.000,4,5.000,4.724,1339,false,1384.713,48.000,false
381.000,0,1.000,0.721,492,false,497.690,9.600,false
381.000,1,1.000,2.438,526,false,548.857,16.800,true
381.000,2,1.000,1.738,666,false,681.859,25.200,false
381.000,3,2.000,2.845,1008,false,1034.930,36.000,false
381.000,4,7.000,5.407,1346,false,1398.542,48.000,true
382.000,0,0.000,0.505,492,false,495.526,9.600,false
382.000,1,1.000,2.007,527,false,545.543,16.800,true
382.000,2,0.000,1.217,666,false,676.644,25.200,false
382.000,3,3.000,2.892,1011,false,1038.394,36.000,false
382.000,4,8.000,6.185,1354,false,1414.322,48.000,true
383.000,0,0.000,0.353,492,false,494.011,9.600,false
383.000,1,0.000,1.405,527,false,539.523,16.800,false
383.000,2,5.000,2.352,671,false,692.994,25.200,false
383.000,3,6.000,3.824,1016,false,1052.718,36.000,true
383.000,4,5.000,5.829,1359,false,1415.768,48.000,true
384.000,0,1.000,0.547,493,false,496.951,9.600,false
384.000,1,2.000,1.583,528,false,542.309,16.800,false
384.000,2,2.000,2.246,673,false,693.938,25.200,false
384.000,3,4.000,3.877,1020,false,1057.246,36.000,true
384.000,4,3.000,4.980,1362,false,1410.281,48.000,true
385.000,0,1.000,0.683,494,false,499.308,9.600,false
385.000,1,2.000,1.708,530,false,545.559,16.800,true
385.000,2,3.000,2.472,676,false,699.200,25.200,false
385.000,3,2.000,3.314,1022,false,1053.615,36.000,false
385.000,4,3.000,4.386,1364,false,1406.339,48.000,false
386.000,0,0.000,0.478,494,false,497.259,9.600,false
386.000,1,3.000,2.096,533,false,552.434,16.800,true
386.000,2,2.000,2.331,678,false,699.783,25.200,false
386.000,3,1.000,2.620,1023,false,1047.673,36.000,false
386.000,4,1.000,3.370,1365,false,1397.180,48.000,false
387.000,0,0.000,0.335,494,false,495.824,9.600,false
387.000,1,1.000,1.767,534,false,550.147,16.800,true
387.000,2,3.000,2.531,681,false,704.791,25.200,true
387.000,3,4.000,3.034,1026,false,1054.814,36.000,false
387.000,4,4.000,3.559,1369,false,1403.069,48.000,false
388.000,0,1.000,0.534,495,false,498.820,9.600,false
388.000,1,4.000,2.437,538,false,560.846,16.800,true
388.000,2,2.000,2.372,683,false,705.196,25.200,false
388.000,3,2.000,2.724,1028,false,1053.713,36.000,false
388.000,4,5.000,3.992,1374,false,1412.391,48.000,false
389.000,0,2.000,0.974,497,false,505.217,9.600,true
389.000,1,1.000,2.006,539,false,557.535,16.800,true
389.000,2,3.000,2.560,686,false,710.080,25.200,true
389.000,3,3.000,2.807,1031,false,1057.542,36.000,false
389.000,4,6.000,4.594,1380,false,1424.417,48.000,false
390.000,0,2.000,1.282,489,false,510.294,9.600,true
390.000,1,1.000,1.704,550,false,565.517,16.800,true
390.000,2,4.000,2.992,680,false,718.399,25.200,true
390.000,3,3.000,2.865,1034,false,1061.122,36.000,false
390.000,4,3.000,4.116,1383,false,1422.635,48.000,false
391.000,0,0.000,0.897,499,false,506.449,9.600,false
391.000,1,0.000,1.193,550,false,560.405,16.800,false
391.000,2,1.000,2.395,681,false,703.422,25.200,false
391.000,3,4.000,3.205,1038,false,1068.528,36.000,false
391.000,4,4.000,4.081,1387,false,1426.287,48.000,false
392.000,0,0.000,0.628,498,false,502.757,9.600,false
392.000,1,1.000,1.135,551,false,560.826,16.800,false
392.000,2,1.000,1.976,681,false,699.238,25.200,false
392.000,3,6.000,4.044,1034,false,1082.913,36.000,true
392.000,4,4.000,4.057,1391,false,1430.044,48.000,false
393.000,0,1.000,0.740,509,false,514.873,9.600,false
393.000,1,0.000,0.795,551,false,557.421,16.800,false
393.000,2,4.000,2.583,685,false,709.310,25.200,true
393.000,3,4.000,4.031,1038,false,1076.782,36.000,true
393.000,4,4.000,4.040,1395,false,1433.874,48.000,false
394.000,0,0.000,0.518,509,false,512.654,9.600,false
394.000,1,2.000,1.156,553,false,563.038,16.800,false
394.000,2,1.000,2.108,686,false,705.560,25.200,false
394.000,3,4.000,4.021,1042,false,1080.690,36.000,true
394.000,4,4.000,4.028,1399,false,1437.754,48.000,false
395.000,0,1.000,0.662,509,false,514.101,9.600,false
395.000,1,2.000,1.409,555,false,567.569,16.800,false
395.000,2,2.000,2.076,688,false,707.235,25.200,false
395.000,3,1.000,3.115,1043,false,1072.626,36.000,false
395.000,4,7.000,4.919,1405,false,1452.671,48.000,true
396.000,0,0.000,0.464,509,false,512.113,9.600,false
396.000,1,0.000,0.987,555,false,563.341,16.800,false
396.000,2,8.000,3.853,696,false,733.007,25.200,true
396.000,3,4.000,3.380,1047,false,1079.281,36.000,false
396.000,4,8.000,5.844,1413,false,1469.912,48.000,true
397.000,0,2.000,0.925,511,false,518.722,9.600,false
397.000,1,0.000,0.691,555,false,560.382,16.800,false
397.000,2,4.000,3.897,700,false,737.448,25.200,true
397.000,3,0.000,2.366,1047,false,1069.140,36.000,false
397.000,4,5.000,5.591,1418,false,1472.382,48.000,true
398.000,0,1.000,0.947,512,false,519.948,9.600,false
398.000,1,0.000,0.483,555,false,558.310,16.800,false
398.000,2,2.000,3.328,702,false,733.756,25.200,true
398.000,3,4.000,2.856,1051,false,1078.041,36.000,false
398.000,4,6.000,5.713,1424,false,1479.610,48.000,true
399.000,0,1.000,0.963,513,false,521.107,9.600,true
399.000,1,1.000,0.638,556,false,560.860,16.800,false
399.000,2,2.000,2.930,704,false,731.772,25.200,true
399.000,3,6.000,3.800,1057,false,1093.471,36.000,true
399.000,4,2.000,4.599,1426,false,1470.470,48.000,false
400.000,0,0.000,0.674,513,false,518.218,9.600,false
400.000,1,0.000,0.447,556,false,558.945,16.800,false
400.000,2,2.000,2.651,705,false,729.983,25.200,true
400.000,3,6.000,4.460,1063,false,1106.073,36.000,true
400.000,4,4.000,4.420,1430,false,1472.672,48.000,false
401.000,0,2.000,1.072,515,false,524.195,9.600,true
401.000,1,5.000,1.813,551,false,577.604,16.800,true
401.000,2,4.000,3.056,709,false,738.031,25.200,true
401.000,3,3.000,4.022,1065,false,1103.694,36.000,true
401.000,4,7.000,5.194,1437,false,1487.413,48.000,true
402.000,0,1.000,1.050,526,false,534.979,9.600,true
402.000,1,2.000,1.869,552,false,569.166,16.800,true
402.000,2,4.000,3.339,713,false,744.865,25.200,true
402.000,3,1.000,3.115,1066,false,1095.628,36.000,false
402.000,4,6.000,5.436,1443,false,1495.832,48.000,true
403.000,0,0.000,0.735,525,false,530.828,9.600,false
403.000,1,2.000,1.908,554,false,571.559,16.800,true
403.000,2,2.000,2.937,715,false,742.848,25.200,true
403.000,3,1.000,2.481,1067,false,1090.283,36.000,false
403.000,4,5.000,5.305,1448,false,1499.525,48.000,true
404.000,0,0.000,0.515,525,false,528.623,9.600,false
404.000,1,2.000,1.936,556,false,573.834,16.800,true
404.000,2,0.000,2.056,714,false,733.037,25.200,false
404.000,3,7.000,3.836,1074,false,1110.841,36.000,true
404.000,4,4.000,4.913,1451,false,1498.611,48.000,true
405.000,0,0.000,0.360,525,false,527.079,9.600,false
405.000,1,2.000,1.955,557,false,575.027,16.800,true
405.000,2,6.000,3.239,720,false,750.868,25.200,true
405.000,3,4.000,3.886,1078,false,1115.331,36.000,true
405.000,4,4.000,4.639,1455,false,1499.870,48.000,false
406.000,0,2.000,0.852,527,false,533.998,9.600,false
406.000,1,1.000,1.669,558,false,573.162,16.800,false
406.000,2,4.000,3.467,724,false,757.151,25.200,true
406.000,3,3.000,3.620,1081,false,1115.675,36.000,true
406.000,4,1.000,3.548,1456,false,1489.952,48.000,false
407.000,0,0.000,0.597,527,false,531.441,9.600,false
407.000,1,1.000,1.468,559,false,572.156,16.800,false
407.000,2,2.000,3.027,726,false,754.748,25.200,true
407.000,3,2.000,3.134,1083,false,1112.815,36.000,false
407.000,4,1.000,2.783,1457,false,1483.309,48.000,false
408.000,0,0.000,0.418,527,false,529.652,9.600,false
408.000,1,1.000,1.328,560,false,571.752,16.800,false
408.000,2,2.000,2.719,728,false,753.667,25.200,true
408.000,3,3.000,3.094,1086,false,1115.414,36.000,false
408.000,4,2.000,2.548,1458,false,1481.959,48.000,false
409.000,0,1.000,0.592,528,false,532.399,9.600,false
409.000,1,1.000,1.229,561,false,571.769,16.800,false
409.000,2,4.000,3.103,732,false,761.510,25.200,true
409.000,3,3.000,3.066,1089,false,1118.132,36.000,false
409.000,4,3.000,2.684,1461,false,1486.314,48.000,false
410.000,0,0.000,0.415,528,false,530.622,9.600,false
410.000,1,2.000,1.461,562,false,575.081,16.800,false
410.000,2,1.000,2.472,733,false,756.200,25.200,false
410.000,3,2.000,2.746,1091,false,1116.935,36.000,false
410.000,4,2.000,2.479,1462,false,1485.263,48.000,false
411.000,0,0.000,0.290,527,false,528.378,9.600,false
411.000,1,0.000,1.022,562,false,570.700,16.800,false
411.000,2,4.000,2.931,737,false,764.783,25.200,true
411.000,3,3.000,2.822,1094,false,1120.698,36.000,false
411.000,4,2.000,2.335,1464,false,1485.827,48.000,false
412.000,0,3.000,1.103,530,false,539.508,9.600,true
412.000,1,2.000,1.316,564,false,575.633,16.800,false
412.000,2,1.000,2.351,738,false,759.991,25.200,false
412.000,3,6.000,3.776,1100,false,1136.231,36.000,true
412.000,4,4.000,2.835,1468,false,1494.822,48.000,false
413.000,0,1.000,1.072,531,false,540.198,9.600,true
413.000,1,4.000,2.121,568,false,587.686,16.800,true
413.000,2,1.000,1.946,739,false,756.936,25.200,false
413.000,3,2.000,3.243,1102,false,1132.905,36.000,false
413.000,4,7.000,4.084,1474,false,1513.318,48.000,false
414.000,0,0.000,0.751,531,false,536.982,9.600,false
414.000,1,0.000,1.485,568,false,581.323,16.800,false
414.000,2,2.000,1.962,741,false,759.098,25.200,false
414.000,3,4.000,3.470,1106,false,1139.176,36.000,false
414.000,4,5.000,4.359,1479,false,1521.065,48.000,false
415.000,0,0.000,0.525,531,false,534.730,9.600,false
415.000,1,0.000,1.039,568,false,576.869,16.800,false
415.000,2,1.000,1.674,742,false,757.212,25.200,false
415.000,3,1.000,2.729,1106,false,1131.766,36.000,false
415.000,4,3.000,3.951,1482,false,1519.989,48.000,false
416.000,0,2.000,0.968,533,false,541.154,9.600,true
416.000,1,3.000,1.627,571,false,585.751,16.800,false
416.000,2,4.000,2.371,746,false,768.191,25.200,false
416.000,3,1.000,2.210,1107,false,1127.579,36.000,false
416.000,4,8.000,5.166,1489,false,1539.135,48.000,true
417.000,0,1.000,0.977,534,false,542.251,9.600,true
417.000,1,5.000,2.639,575,false,599.869,16.800,true
417.000,2,2.000,2.260,748,false,769.077,25.200,false
417.000,3,1.000,1.847,1108,false,1124.948,36.000,false
417.000,4,8.000,6.016,1487,false,1555.637,48.000,true
418.000,0,3.000,1.584,547,false,561.318,9.600,true
418.000,1,3.000,2.747,578,false,603.951,16.800,true
418.000,2,3.000,2.482,751,false,774.296,25.200,false
418.000,3,3.000,2.193,1110,false,1130.407,36.000,false
418.000,4,8.000,6.611,1495,false,1559.589,48.000,true
419.000,0,0.000,1.109,547,false,556.566,9.600,true
419.000,1,1.000,2.223,578,false,598.708,16.800,true
419.000,2,1.000,2.037,751,false,769.850,25.200,false
419.000,3,3.000,2.435,1113,false,1135.828,36.000,false
419.000,4,1.000,4.928,1496,false,1543.755,48.000,true
420.000,0,1.000,1.076,548,false,557.239,9.600,true
420.000,1,0.000,1.556,578,false,592.039,16.800,false
420.000,2,2.000,2.026,753,false,771.738,25.200,false
420.000,3,4.000,2.905,1117,false,1144.522,36.000,false
420.000,4,2.000,4.050,1498,false,1536.971,48.000,false
421.000,0,0.000,0.753,548,false,554.010,9.600,false
421.000,1,4.000,2.289,582,false,603.370,16.800,true
421.000,2,3.000,2.318,756,false,777.660,25.200,false
421.000,3,1.000,2.333,1118,false,1139.808,36.000,false
421.000,4,3.000,3.735,1501,false,1536.823,48.000,false
422.000,0,1.000,0.827,549,false,555.750,9.600,false
422.000,1,1.000,1.903,583,false,600.502,16.800,true
422.000,2,1.000,1.923,757,false,774.705,25.200,false
422.000,3,1.000,1.933,1119,false,1136.809,36.000,false
422.000,4,3.000,3.514,1503,false,1536.619,48.000,false
423.000,0,0.000,0.579,549,false,553.268,9.600,false
423.000,1,2.000,1.932,584,false,601.794,16.800,true
423.000,2,3.000,2.246,760,false,780.936,25.200,false
423.000,3,3.000,2.253,1122,false,1143.009,36.000,false
423.000,4,1.000,2.760,1504,false,1530.076,48.000,false
424.000,0,1.000,0.705,550,false,555.530,9.600,false
424.000,1,4.000,2.552,588,false,611.999,16.800,true
424.000,2,3.000,2.472,763,false,786.198,25.200,false
424.000,3,4.000,2.777,1125,false,1151.249,36.000,false
424.000,4,3.000,2.832,1507,false,1533.796,48.000,false
425.000,0,1.000,0.794,551,false,557.414,9.600,false
425.000,1,1.000,2.087,589,false,608.342,16.800,true
425.000,2,0.000,1.731,763,false,778.782,25.200,false
425.000,3,3.000,2.844,1128,false,1154.917,36.000,false
425.000,4,8.000,4.382,1515,false,1557.300,48.000,false
426.000,0,4.000,1.756,555,false,571.033,9.600,true
426.000,1,2.000,2.061,591,false,610.082,16.800,true
426.000,2,1.000,1.511,763,false,776.590,25.200,false
426.000,3,3.000,2.891,1131,false,1158.385,36.000,false
426.000,4,0.000,3.068,1515,false,1544.153,48.000,false
427.000,0,0.000,1.229,554,false,564.766,9.600,true
427.000,1,1.000,1.742,592,false,607.900,16.800,true
427.000,2,3.000,1.958,766,false,784.056,25.200,false
427.000,3,4.000,3.224,1135,false,1165.712,36.000,false
427.000,4,0.000,2.147,1515,false,1534.950,48.000,false
428.000,0,0.000,0.860,554,false,561.079,9.600,false
428.000,1,3.000,2.120,595,false,614.673,16.800,true
428.000,2,0.000,1.371,766,false,778.182,25.200,false
428.000,3,3.000,3.157,1138,false,1168.041,36.000,false
428.000,4,4.000,2.703,1518,false,1543.508,48.000,false
429.000,0,2.000,1.202,556,false,566.498,9.600,true
429.000,1,1.000,1.784,596,false,612.314,16.800,true
429.000,2,1.000,1.259,767,false,778.070,25.200,false
429.000,3,2.000,2.810,1139,false,1165.572,36.000,false
429.000,4,5.000,3.392,1523,false,1555.398,48.000,false
430.000,0,1.000,1.142,547,false,566.892,9.600,true
430.000,1,0.000,1.249,606,false,616.963,16.800,false
430.000,2,3.000,1.782,769,false,785.292,25.200,false
430.000,3,1.000,2.267,1140,false,1161.143,36.000,false
430.000,4,3.000,3.275,1526,false,1557.222,48.000,false
431.000,0,1.000,1.099,548,false,557.467,9.600,true
431.000,1,2.000,1.474,608,false,621.217,16.800,false
431.000,2,3.000,2.147,772,false,791.947,25.200,false
431.000,3,2.000,2.187,1142,false,1162.343,36.000,false
431.000,4,3.000,3.192,1528,false,1558.398,48.000,false
432.000,0,0.000,0.769,548,false,554.170,9.600,false
432.000,1,0.000,1.032,608,false,616.795,16.800,false
432.000,2,3.000,2.403,775,false,797.506,25.200,false
432.000,3,3.000,2.431,1145,false,1167.783,36.000,false
432.000,4,5.000,3.735,1533,false,1568.821,48.000,false
433.000,0,1.000,0.839,549,false,555.862,9.600,false
433.000,1,1.000,1.022,609,false,617.699,16.800,false
433.000,2,2.000,2.282,776,false,797.297,25.200,false
433.000,3,0.000,1.701,1145,false,1160.491,36.000,false
433.000,4,4.000,3.814,1536,false,1572.618,48.000,false
434.000,0,0.000,0.587,549,false,553.346,9.600,false
434.000,1,0.000,0.716,609,false,614.632,16.800,false
434.000,2,4.000,2.797,770,false,806.451,25.200,true
434.000,3,4.000,2.391,1149,false,1171.387,36.000,false
434.000,4,4.000,3.870,1540,false,1577.175,48.000,false
435.000,0,0.000,0.411,559,false,561.585,9.600,false
435.000,1,0.000,0.501,609,false,612.485,16.800,false
435.000,2,1.000,2.258,771,false,792.058,25.200,false
435.000,3,2.000,2.274,1151,false,1172.213,36.000,false
435.000,4,2.000,3.309,1542,false,1573.566,48.000,false
436.000,0,0.000,0.288,559,false,560.352,9.600,false
436.000,1,2.000,0.951,611,false,618.983,16.800,false
436.000,2,1.000,1.881,772,false,789.284,25.200,false
436.000,3,5.000,3.092,1156,false,1185.392,36.000,false
436.000,4,4.000,3.516,1546,false,1579.639,48.000,false
437.000,0,1.000,0.501,560,false,563.490,9.600,false
437.000,1,2.000,1.265,613,false,624.131,16.800,false
437.000,2,7.000,3.417,779,false,811.641,25.200,true
437.000,3,2.000,2.764,1158,false,1184.117,36.000,false
437.000,4,5.000,3.961,1551,false,1589.090,48.000,false
438.000,0,0.000,0.351,560,false,561.986,9.600,false
438.000,1,0.000,0.886,613,false,620.334,16.800,false
438.000,2,4.000,3.592,783,false,817.392,25.200,true
438.000,3,2.000,2.535,1159,false,1182.825,36.000,false
438.000,4,4.000,3.973,1555,false,1593.206,48.000,false
439.000,0,1.000,0.546,561,false,564.933,9.600,false
439.000,1,4.000,1.820,616,false,632.677,16.800,true
439.000,2,0.000,2.514,783,false,806.617,25.200,false
439.000,3,1.000,2.074,1160,false,1179.220,36.000,false
439.000,4,6.000,4.581,1561,false,1605.287,48.000,false
440.000,0,0.000,0.382,561,false,563.296,9.600,false
440.000,1,0.000,1.274,616,false,627.217,16.800,false
440.000,2,2.000,2.360,784,false,806.075,25.200,false
440.000,3,2.000,2.052,1162,false,1180.997,36.000,false
440.000,4,4.000,4.407,1564,false,1606.544,48.000,false
441.000,0,0.000,0.267,561,false,562.150,9.600,false
441.000,1,0.000,0.892,616,false,623.395,16.800,false
441.000,2,1.000,1.952,785,false,802.995,25.200,false
441.000,3,4.000,2.636,1166,false,1190.841,36.000,false
441.000,4,2.000,3.685,1566,false,1601.323,48.000,false
442.000,0,2.000,0.787,563,false,569.348,9.600,false
442.000,1,0.000,0.624,616,false,620.719,16.800,false
442.000,2,1.000,1.666,786,false,801.140,25.200,false
442.000,3,1.000,2.146,1167,false,1186.931,36.000,false
442.000,4,5.000,4.079,1571,false,1610.269,48.000,false
443.000,0,0.000,0.551,563,false,566.986,9.600,false
443.000,1,1.000,0.737,617,false,622.846,16.800,false
443.000,2,0.000,1.166,786,false,796.141,25.200,false
443.000,3,0.000,1.502,1167,false,1180.495,36.000,false
443.000,4,3.000,3.756,1574,false,1610.031,48.000,false
444.000,0,0.000,0.386,563,false,565.333,9.600,false
444.000,1,1.000,0.816,618,false,624.635,16.800,false
444.000,2,1.000,1.117,786,false,795.641,25.200,false
444.000,3,3.000,1.951,1170,false,1187.989,36.000,false
444.000,4,2.000,3.229,1576,false,1606.765,48.000,false
445.000,0,1.000,0.570,563,false,567.176,9.600,false
445.000,1,1.000,0.871,618,false,625.187,16.800,false
445.000,2,1.000,1.082,787,false,796.292,25.200,false
445.000,3,2.000,1.966,1172,false,1190.135,36.000,false
445.000,4,6.000,4.060,1582,false,1621.078,48.000,false
446.000,0,3.000,1.299,566,false,577.466,9.600,true
446.000,1,0.000,0.610,618,false,622.574,16.800,false
446.000,2,3.000,1.657,790,false,805.047,25.200,false
446.000,3,6.000,3.176,1177,false,1207.238,36.000,false
446.000,4,8.000,5.242,1590,false,1640.898,48.000,true
447.000,0,2.000,1.509,568,false,581.569,9.600,true
447.000,1,1.000,0.727,619,false,624.745,16.800,false
447.000,2,2.000,1.760,792,false,808.076,25.200,false
447.000,3,4.000,3.423,1181,false,1213.709,36.000,false
447.000,4,3.000,4.569,1593,false,1637.171,48.000,false
448.000,0,0.000,1.057,568,false,577.041,9.600,true
448.000,1,2.000,1.109,621,false,630.564,16.800,false
448.000,2,2.000,1.832,794,false,810.796,25.200,false
448.000,3,1.000,2.696,1182,false,1207.439,36.000,false
448.000,4,3.000,4.099,1596,false,1635.463,48.000,false
449.000,0,0.000,0.740,568,false,573.872,9.600,false
449.000,1,4.000,1.976,615,false,643.238,16.800,true
449.000,2,0.000,1.282,794,false,805.300,25.200,false
449.000,3,3.000,2.787,1185,false,1211.350,36.000,false
449.000,4,5.000,4.369,1600,false,1642.167,48.000,false
450.000,0,1.000,0.818,579,false,585.653,9.600,false
450.000,1,3.000,2.283,618,false,639.309,16.800,true
450.000,2,1.000,1.198,794,false,804.453,25.200,false
450.000,3,2.000,2.551,1187,false,1210.988,36.000,false
450.000,4,4.000,4.258,1604,false,1645.060,48.000,false
451.000,0,1.000,0.872,580,false,587.200,9.600,false
451.000,1,1.000,1.898,619,false,636.459,16.800,true
451.000,2,2.000,1.438,796,false,808.860,25.200,false
451.000,3,3.000,2.686,1190,false,1215.335,36.000,false
451.000,4,3.000,3.881,1607,false,1644.285,48.000,false
452.000,0,2.000,1.211,581,false,591.583,9.600,true
452.000,1,2.000,1.929,621,false,638.764,16.800,true
452.000,2,4.000,2.207,800,false,820.545,25.200,false
452.000,3,0.000,1.880,1190,false,1207.277,36.000,false
452.000,4,7.000,4.817,1614,false,1660.642,48.000,true
453.000,0,1.000,1.147,582,false,591.951,9.600,true
453.000,1,0.000,1.350,621,false,632.978,16.800,false
453.000,2,1.000,1.845,801,false,817.924,25.200,false
453.000,3,0.000,1.316,1189,false,1200.637,36.000,false
453.000,4,4.000,4.572,1618,false,1662.192,48.000,false
454.000,0,0.000,0.803,582,false,588.508,9.600,false
454.000,1,3.000,1.845,624,false,640.927,16.800,true
454.000,2,1.000,1.591,802,false,816.390,25.200,false
454.000,3,2.000,1.521,1191,false,1204.689,36.000,false
454.000,4,3.000,4.100,1621,false,1660.477,48.000,false
455.000,0,1.000,0.862,583,false,590.099,9.600,false
455.000,1,0.000,1.292,624,false,635.392,16.800,false
455.000,2,0.000,1.114,801,false,810.616,25.200,false
455.000,3,1.000,1.365,1192,false,1204.125,36.000,false
455.000,4,6.000,4.670,1627,false,1672.177,48.000,false
456.000,0,0.000,0.604,583,false,587.512,9.600,false
456.000,1,0.000,0.904,624,false,631.517,16.800,false
456.000,2,1.000,1.080,802,false,811.274,25.200,false
456.000,3,2.000,1.555,1194,false,1208.030,36.000,false
456.000,4,4.000,4.469,1631,false,1674.167,48.000,false
457.000,0,0.000,0.423,582,false,584.701,9.600,false
457.000,1,2.000,1.233,626,false,636.805,16.800,false
457.000,2,3.000,1.656,804,false,819.035,25.200,false
457.000,3,2.000,1.689,1196,false,1211.364,36.000,false
457.000,4,4.000,4.328,1635,false,1676.760,48.000,false
458.000,0,1.000,0.596,583,false,587.434,9.600,false
458.000,1,2.000,1.463,628,false,641.106,16.800,false
458.000,2,3.000,2.059,807,false,826.067,25.200,false
458.000,3,2.000,1.782,1198,false,1214.298,36.000,false
458.000,4,4.000,4.230,1639,false,1679.775,48.000,false
459.000,0,1.000,0.717,584,false,589.646,9.600,false
459.000,1,3.000,1.924,631,false,648.717,16.800,true
459.000,2,3.000,2.341,810,false,831.890,25.200,false
459.000,3,4.000,2.448,1202,false,1224.951,36.000,false
459.000,4,3.000,3.861,1642,false,1679.085,48.000,false
460.000,0,2.000,1.102,586,false,595.495,9.600,true
460.000,1,4.000,2.547,635,false,658.945,16.800,true
460.000,2,2.000,2.239,812,false,832.866,25.200,false
460.000,3,8.000,4.113,1200,false,1249.609,36.000,true
460.000,4,1.000,3.003,1643,false,1671.502,48.000,false
461.000,0,0.000,0.771,596,false,602.190,9.600,false
461.000,1,1.000,2.083,636,false,655.304,16.800,true
461.000,2,3.000,2.467,815,false,838.149,25.200,false
461.000,3,4.000,4.079,1203,false,1242.269,36.000,true
461.000,4,6.000,3.902,1649,false,1686.495,48.000,false
462.000,0,1.000,0.840,597,false,603.876,9.600,false
462.000,1,0.000,1.458,636,false,649.056,16.800,false
462.000,2,1.000,2.027,816,false,834.747,25.200,false
462.000,3,4.000,4.055,1207,false,1246.031,36.000,true
462.000,4,6.000,4.531,1655,false,1698.789,48.000,false
463.000,0,1.000,0.888,598,false,605.356,9.600,false
463.000,1,1.000,1.321,637,false,648.682,16.800,false
463.000,2,2.000,2.019,818,false,836.666,25.200,false
463.000,3,2.000,3.439,1209,false,1241.865,36.000,false
463.000,4,1.000,3.472,1656,false,1689.195,48.000,false
464.000,0,0.000,0.622,598,false,602.692,9.600,false
464.000,1,1.000,1.224,638,false,648.720,16.800,false
464.000,2,0.000,1.413,818,false,830.609,25.200,false
464.000,3,4.000,3.607,1213,false,1247.548,36.000,true
464.000,4,5.000,3.930,1661,false,1698.779,48.000,false
465.000,0,0.000,0.435,608,false,610.827,9.600,false
465.000,1,1.000,1.157,639,false,649.047,16.800,false
465.000,2,2.000,1.589,819,false,833.369,25.200,false
465.000,3,3.000,3.425,1216,false,1248.727,36.000,false
465.000,4,4.000,3.951,1654,false,1691.988,48.000,false
466.000,0,1.000,0.605,609,false,613.522,9.600,false
466.000,1,3.000,1.710,642,false,657.576,16.800,true
466.000,2,2.000,1.713,821,false,836.601,25.200,false
466.000,3,2.000,2.998,1217,false,1245.451,36.000,false
466.000,4,3.000,3.666,1657,false,1692.135,48.000,false
467.000,0,0.000,0.423,609,false,611.708,9.600,false
467.000,1,2.000,1.797,643,false,659.446,16.800,true
467.000,2,2.000,1.799,823,false,839.464,25.200,false
467.000,3,4.000,3.298,1221,false,1252.459,36.000,false
467.000,4,4.000,3.766,1661,false,1697.137,48.000,false
468.000,0,0.000,0.296,608,false,609.439,9.600,false
468.000,1,2.000,1.858,645,false,662.055,16.800,true
468.000,2,2.000,1.859,825,false,842.067,25.200,false
468.000,3,4.000,3.509,1225,false,1258.564,36.000,false
468.000,4,5.000,4.136,1666,false,1705.839,48.000,false
469.000,0,1.000,0.507,609,false,612.550,9.600,false
469.000,1,0.000,1.301,645,false,656.481,16.800,false
469.000,2,2.000,1.901,827,false,844.490,25.200,false
469.000,3,2.000,3.056,1227,false,1256.038,36.000,false
469.000,4,3.000,3.795,1668,false,1704.430,48.000,false
470.000,0,0.000,0.355,609,false,611.028,9.600,false
470.000,1,1.000,1.210,646,false,656.580,16.800,false
470.000,2,1.000,1.631,828,false,842.786,25.200,false
470.000,3,1.000,2.439,1228,false,1250.869,36.000,false
470.000,4,3.000,3.557,1671,false,1705.044,48.000,false
471.000,0,0.000,0.249,609,false,609.962,9.600,false
471.000,1,1.000,1.147,647,false,656.949,16.800,false
471.000,2,5.000,2.642,833,false,857.893,25.200,true
471.000,3,4.000,2.908,1231,false,1258.551,36.000,false
471.000,4,2.000,3.090,1673,false,1702.374,48.000,false
472.000,0,0.000,0.174,609,false,609.216,9.600,false
472.000,1,2.000,1.403,648,false,660.507,16.800,false
472.000,2,2.000,2.449,835,false,857.968,25.200,false
472.000,3,2.000,2.635,1233,false,1257.829,36.000,false
472.000,4,2.000,2.763,1674,false,1700.104,48.000,false
473.000,0,0.000,0.122,608,false,607.694,9.600,false
473.000,1,0.000,0.982,648,false,656.298,16.800,false
473.000,2,2.000,2.314,837,false,858.620,25.200,false
473.000,3,2.000,2.445,1235,false,1257.923,36.000,false
473.000,4,5.000,3.434,1679,false,1711.816,48.000,false
474.000,0,1.000,0.385,609,false,611.329,9.600,false
474.000,1,0.000,0.688,648,false,653.351,16.800,false
474.000,2,1.000,1.920,837,false,854.677,25.200,false
474.000,3,5.000,3.211,1240,false,1270.589,36.000,false
474.000,4,6.000,4.204,1685,false,1725.514,48.000,false
475.000,0,1.000,0.570,610,false,614.173,9.600,false
475.000,1,3.000,1.381,651,false,663.289,16.800,false
475.000,2,3.000,2.244,840,false,860.917,25.200,false
475.000,3,2.000,2.848,1242,false,1268.955,36.000,false
475.000,4,3.000,3.843,1688,false,1724.903,48.000,false
476.000,0,1.000,0.699,611,false,616.464,9.600,false
476.000,1,1.000,1.267,652,false,663.145,16.800,false
476.000,2,0.000,1.571,840,false,854.185,25.200,false
476.000,3,2.000,2.594,1244,false,1268.411,36.000,false
476.000,4,0.000,2.690,1688,false,1713.375,48.000,false
477.000,0,3.000,1.389,604,false,626.368,9.600,true
477.000,1,2.000,1.487,664,false,677.344,16.800,false
477.000,2,1.000,1.400,841,false,853.472,25.200,false
477.000,3,1.000,2.115,1245,false,1264.631,36.000,false
477.000,4,4.000,3.083,1691,false,1720.305,48.000,false
478.000,0,0.000,0.972,603,false,611.200,9.600,true
478.000,1,1.000,1.341,664,false,675.884,16.800,false
478.000,2,2.000,1.580,843,false,857.273,25.200,false
478.000,3,6.000,3.281,1251,false,1282.284,36.000,false
478.000,4,4.000,3.358,1695,false,1727.056,48.000,false
479.000,0,0.000,0.681,603,false,608.283,9.600,false
479.000,1,1.000,1.239,665,false,675.862,16.800,false
479.000,2,2.000,1.706,845,false,860.534,25.200,false
479.000,3,2.000,2.897,1253,false,1280.442,36.000,false
479.000,4,4.000,3.551,1699,false,1732.982,48.000,false
480.000,0,0.000,0.476,603,false,606.241,9.600,false
480.000,1,1.000,1.167,666,false,676.146,16.800,false
480.000,2,0.000,1.194,845,false,855.417,25.200,false
480.000,3,7.000,4.128,1260,false,1299.752,36.000,true
480.000,4,0.000,2.485,1699,false,1722.331,48.000,false
481.000,0,1.000,0.634,604,false,608.812,9.600,false
481.000,1,1.000,1.117,666,false,675.645,16.800,false
481.000,2,2.000,1.436,847,false,859.835,25.200,false
481.000,3,2.000,3.489,1262,false,1295.369,36.000,false
481.000,4,3.000,2.640,1702,false,1726.874,48.000,false
482.000,0,0.000,0.443,604,false,606.911,9.600,false
482.000,1,0.000,0.782,666,false,672.294,16.800,false
482.000,2,4.000,2.205,851,false,871.527,25.200,false
482.000,3,5.000,3.943,1267,false,1304.901,36.000,true
482.000,4,4.000,3.048,1706,false,1734.955,48.000,false
483.000,0,0.000,0.310,604,false,605.581,9.600,false
483.000,1,3.000,1.447,669,false,681.949,16.800,false
483.000,2,2.000,2.144,853,false,872.912,25.200,false
483.000,3,3.000,3.660,1270,false,1305.074,36.000,true
483.000,4,5.000,3.634,1711,false,1745.811,48.000,false
484.000,0,1.000,0.517,605,false,608.649,9.600,false
484.000,1,1.000,1.313,670,false,681.607,16.800,false
484.000,2,1.000,1.800,854,false,870.481,25.200,false
484.000,3,4.000,3.762,1273,false,1309.095,36.000,true
484.000,4,3.000,3.443,1713,false,1745.911,48.000,false
485.000,0,0.000,0.362,605,false,607.097,9.600,false
485.000,1,0.000,0.919,670,false,677.668,16.800,false
485.000,2,3.000,2.160,857,false,877.080,25.200,false
485.000,3,4.000,3.833,1277,false,1313.809,36.000,true
485.000,4,6.000,4.210,1719,false,1759.580,48.000,false
486.000,0,1.000,0.553,606,false,610.011,9.600,false
486.000,1,0.000,0.643,670,false,674.910,16.800,false
486.000,2,3.000,2.412,859,false,881.599,25.200,false
486.000,3,2.000,3.283,1279,false,1310.309,36.000,false
486.000,4,7.000,5.047,1725,false,1773.949,48.000,true
487.000,0,0.000,0.387,606,false,608.351,9.600,false
487.000,1,1.000,0.750,670,false,675.980,16.800,false
487.000,2,5.000,3.189,854,false,894.362,25.200,true
487.000,3,4.000,3.498,1282,false,1315.459,36.000,false
487.000,4,5.000,5.033,1730,false,1778.807,48.000,true
488.000,0,0.000,0.271,616,false,617.188,9.600,false
488.000,1,2.000,1.125,672,false,681.729,16.800,false
488.000,2,1.000,2.532,855,false,878.796,25.200,true
488.000,3,1.000,2.749,1283,false,1308.964,36.000,false
488.000,4,3.000,4.423,1733,false,1775.708,48.000,false
489.000,0,2.000,0.790,617,false,623.375,9.600,false
489.000,1,0.000,0.788,672,false,678.353,16.800,false
489.000,2,2.000,2.372,857,false,879.200,25.200,false
489.000,3,2.000,2.524,1285,false,1308.718,36.000,false
489.000,4,4.000,4.296,1737,false,1778.438,48.000,false
490.000,0,0.000,0.553,617,false,621.005,9.600,false
490.000,1,1.000,0.851,673,false,679.990,16.800,false
490.000,2,2.000,2.261,859,false,880.083,25.200,false
490.000,3,3.000,2.667,1288,false,1313.145,36.000,false
490.000,4,3.000,3.907,1740,false,1777.550,48.000,false
491.000,0,0.000,0.387,617,false,619.346,9.600,false
491.000,1,1.000,0.896,674,false,681.436,16.800,false
491.000,2,1.000,1.882,860,false,877.301,25.200,false
491.000,3,5.000,3.367,1292,false,1324.145,36.000,false
491.000,4,2.000,3.335,1742,false,1773.828,48.000,false
492.000,0,2.000,0.871,619,false,626.185,9.600,false
492.000,1,1.000,0.927,674,false,681.748,16.800,false
492.000,2,3.000,2.218,863,false,883.654,25.200,false
492.000,3,2.000,2.957,1294,false,1322.044,36.000,false
492.000,4,7.000,4.435,1749,false,1791.822,48.000,false
493.000,0,1.000,0.910,620,false,627.573,9.600,false
493.000,1,3.000,1.549,677,false,690.966,16.800,false
493.000,2,4.000,2.752,866,false,892.000,25.200,true
493.000,3,6.000,3.870,1300,false,1337.174,36.000,true
493.000,4,6.000,4.904,1755,false,1802.518,48.000,true
494.000,0,1.000,0.937,621,false,628.844,9.600,false
494.000,1,0.000,1.084,677,false,686.319,16.800,false
494.000,2,6.000,3.727,872,false,907.743,25.200,true
494.000,3,5.000,4.209,1305,false,1345.564,36.000,true
494.000,4,4.000,4.633,1759,false,1803.806,48.000,false
495.000,0,1.000,0.956,621,false,629.033,9.600,false
495.000,1,0.000,0.759,677,false,683.066,16.800,false
495.000,2,1.000,2.909,873,false,900.563,25.200,true
495.000,3,5.000,4.446,1310,false,1352.938,36.000,true
495.000,4,4.000,4.443,1762,false,1804.907,48.000,false
496.000,0,1.000,0.969,622,false,630.166,9.600,true
496.000,1,2.000,1.131,679,false,688.789,16.800,false
496.000,2,4.000,3.236,876,false,906.837,25.200,true
496.000,3,7.000,5.212,1317,false,1367.599,36.000,true
496.000,4,0.000,3.110,1762,false,1791.578,48.000,false
497.000,0,0.000,0.678,622,false,627.259,9.600,false
497.000,1,3.000,1.692,672,false,697.395,16.800,true
497.000,2,1.000,2.565,877,false,901.129,25.200,true
497.000,3,6.000,5.449,1323,false,1375.962,36.000,true
497.000,4,5.000,3.677,1767,false,1802.247,48.000,false
498.000,0,0.000,0.475,632,false,635.224,9.600,false
498.000,1,3.000,2.084,675,false,694.320,16.800,true
498.000,2,4.000,2.996,881,false,909.433,25.200,true
498.000,3,1.000,4.114,1324,false,1363.617,36.000,true
498.000,4,3.000,3.474,1769,false,1802.216,48.000,false
499.000,0,0.000,0.332,632,false,633.800,9.600,false
499.000,1,1.000,1.759,675,false,691.067,16.800,true
499.000,2,1.000,2.397,881,false,903.446,25.200,false
499.000,3,4.000,4.080,1327,false,1366.274,36.000,true
499.000,4,6.000,4.232,1775,false,1815.794,48.000,false
500.000,0,0.000,0.233,631,false,631.803,9.600,false
500.000,1,2.000,1.831,677,false,693.789,16.800,true
500.000,2,2.000,2.278,883,false,904.255,25.200,false
500.000,3,3.000,3.756,1320,false,1366.035,36.000,true
500.000,4,3.000,3.862,1778,false,1815.099,48.000,false
501.000,0,1.000,0.463,642,false,645.105,9.600,false
501.000,1,1.000,1.582,678,false,692.295,16.800,false
501.000,2,2.000,2.195,885,false,905.421,25.200,false
501.000,3,3.000,3.529,1323,false,1356.767,36.000,false
501.000,4,4.000,3.904,1782,false,1819.512,48.000,false
502.000,0,2.000,0.924,644,false,651.716,9.600,false
502.000,1,4.000,2.307,682,false,703.550,16.800,true
502.000,2,1.000,1.836,886,false,902.838,25.200,false
502.000,3,6.000,4.270,1328,false,1369.180,36.000,true
502.000,4,5.000,4.233,1786,false,1826.801,48.000,false
503.000,0,0.000,0.647,644,false,648.944,9.600,false
503.000,1,0.000,1.615,682,false,696.628,16.800,false
503.000,2,3.000,2.185,889,false,909.329,25.200,false
503.000,3,7.000,5.089,1335,false,1384.369,36.000,true
503.000,4,3.000,3.863,1789,false,1826.104,48.000,false
504.000,0,0.000,0.453,644,false,647.004,9.600,false
504.000,1,1.000,1.431,683,false,695.782,16.800,false
504.000,2,3.000,2.430,891,false,913.773,25.200,false
504.000,3,0.000,3.562,1335,false,1369.101,36.000,false
504.000,4,2.000,3.304,1791,false,1822.515,48.000,false
505.000,0,2.000,0.917,646,false,653.646,9.600,false
505.000,1,1.000,1.301,684,false,695.490,16.800,false
505.000,2,2.000,2.301,893,false,914.484,25.200,false
505.000,3,3.000,3.394,1338,false,1370.414,36.000,false
505.000,4,5.000,3.813,1795,false,1831.604,48.000,false
506.000,0,1.000,0.942,646,false,653.895,9.600,false
506.000,1,0.000,0.911,683,false,690.586,16.800,false
506.000,2,3.000,2.511,896,false,919.582,25.200,false
506.000,3,2.000,2.976,1340,false,1368.232,36.000,false
506.000,4,8.000,5.069,1793,false,1852.165,48.000,true
507.000,0,0.000,0.659,656,false,661.069,9.600,false
507.000,1,2.000,1.238,685,false,695.853,16.800,false
507.000,2,3.000,2.657,899,false,924.050,25.200,true
507.000,3,1.000,2.383,1341,false,1363.306,36.000,false
507.000,4,4.000,4.748,1797,false,1842.959,48.000,false
508.000,0,0.000,0.462,656,false,659.091,9.600,false
508.000,1,6.000,2.666,691,false,716.140,16.800,true
508.000,2,0.000,1.860,898,false,915.078,25.200,false
508.000,3,2.000,2.268,1343,false,1364.157,36.000,false
508.000,4,6.000,5.124,1803,false,1852.714,48.000,true
509.000,0,0.000,0.323,655,false,656.707,9.600,false
509.000,1,0.000,1.866,691,false,708.141,16.800,true
509.000,2,1.000,1.602,899,false,913.497,25.200,false
509.000,3,2.000,2.188,1345,false,1365.353,36.000,false
509.000,4,2.000,4.187,1804,false,1844.343,48.000,false
510.000,0,0.000,0.226,655,false,655.738,9.600,false
510.000,1,4.000,2.507,695,false,718.541,16.800,true
510.000,2,1.000,1.421,900,false,912.691,25.200,false
510.000,3,5.000,3.031,1350,false,1378.790,36.000,false
510.000,4,3.000,3.831,1807,false,1843.783,48.000,false
511.000,0,0.000,0.158,655,false,655.059,9.600,false
511.000,1,2.000,2.355,696,false,718.022,16.800,true
511.000,2,4.000,2.195,904,false,924.427,25.200,false
511.000,3,2.000,2.722,1352,false,1377.696,36.000,false
511.000,4,8.000,5.081,1815,false,1864.291,48.000,true
512.000,0,1.000,0.411,656,false,658.584,9.600,false
512.000,1,2.000,2.248,698,false,718.958,16.800,true
512.000,2,2.000,2.137,906,false,925.841,25.200,false
512.000,3,1.000,2.205,1353,false,1373.530,36.000,false
512.000,4,3.000,4.457,1818,false,1861.046,48.000,false
513.000,0,0.000,0.288,655,false,656.352,9.600,false
513.000,1,4.000,2.774,702,false,728.214,16.800,true
513.000,2,2.000,2.096,908,false,927.432,25.200,false
513.000,3,6.000,3.344,1359,false,1390.914,36.000,false
513.000,4,8.000,5.520,1826,false,1879.675,48.000,true
514.000,0,0.000,0.201,655,false,655.489,9.600,false
514.000,1,0.000,1.942,702,false,719.892,16.800,true
514.000,2,4.000,2.667,912,false,937.145,25.200,true
514.000,3,3.000,3.241,1362,false,1392.882,36.000,false
514.000,4,5.000,5.364,1831,false,1883.116,48.000,true
515.000,0,1.000,0.441,656,false,658.885,9.600,false
515.000,1,2.000,1.959,704,false,722.068,16.800,true
515.000,2,0.000,1.867,912,false,929.144,25.200,false
515.000,3,2.000,2.868,1364,false,1391.161,36.000,false
515.000,4,1.000,4.055,1832,false,1871.024,48.000,false
516.000,0,1.000,0.609,657,false,661.563,9.600,false
516.000,1,4.000,2.571,708,false,732.190,16.800,true
516.000,2,2.000,1.907,914,false,931.544,25.200,false
516.000,3,6.000,3.808,1370,false,1406.555,36.000,true
516.000,4,2.000,3.438,1833,false,1865.859,48.000,false
517.000,0,0.000,0.426,656,false,658.737,9.600,false
517.000,1,0.000,1.800,708,false,724.476,16.800,true
517.000,2,1.000,1.635,914,false,928.824,25.200,false
517.000,3,4.000,3.866,1374,false,1411.132,36.000,true
517.000,4,6.000,4.207,1839,false,1879.545,48.000,false
518.000,0,0.000,0.298,656,false,657.459,9.600,false
518.000,1,1.000,1.560,708,false,722.076,16.800,false
518.000,2,3.000,2.044,917,false,935.919,25.200,false
518.000,3,3.000,3.606,1377,false,1411.535,36.000,true
518.000,4,4.000,4.145,1843,false,1882.924,48.000,false
519.000,0,0.000,0.209,656,false,656.564,9.600,false
519.000,1,4.000,2.292,712,false,733.396,16.800,true
519.000,2,1.000,1.731,918,false,933.786,25.200,false
519.000,3,5.000,4.024,1382,false,1420.717,36.000,true
519.000,4,1.000,3.201,1843,false,1873.490,48.000,false
520.000,0,0.000,0.146,656,false,655.938,9.600,false
520.000,1,2.000,2.204,714,false,734.520,16.800,true
520.000,2,5.000,2.712,923,false,948.593,25.200,true
520.000,3,4.000,4.017,1386,false,1424.645,36.000,true
520.000,4,2.000,2.841,1845,false,1871.886,48.000,false
521.000,0,1.000,0.402,657,false,659.499,9.600,false
521.000,1,1.000,1.843,715,false,731.907,16.800,true
521.000,2,2.000,2.498,925,false,948.458,25.200,false
521.000,3,2.000,3.412,1388,false,1420.594,36.000,false
521.000,4,6.000,3.789,1851,false,1887.363,48.000,false
522.000,0,0.000,0.282,657,false,658.292,9.600,false
522.000,1,4.000,2.490,718,false,741.378,16.800,true
522.000,2,2.000,2.349,927,false,948.964,25.200,false
522.000,3,3.000,3.288,1390,false,1421.359,36.000,false
522.000,4,1.000,2.952,1852,false,1879.997,48.000,false
523.000,0,1.000,0.497,657,false,660.447,9.600,false
523.000,1,4.000,2.943,722,false,749.907,16.800,true
523.000,2,1.000,1.944,927,false,944.917,25.200,false
523.000,3,9.000,5.002,1399,false,1447.494,36.000,true
523.000,4,5.000,3.566,1857,false,1891.141,48.000,false
524.000,0,0.000,0.348,657,false,658.956,9.600,false
524.000,1,1.000,2.360,723,false,745.078,16.800,true
524.000,2,1.000,1.661,928,false,943.085,25.200,false
524.000,3,5.000,5.001,1404,false,1452.489,36.000,true
524.000,4,4.000,3.697,1861,false,1896.441,48.000,false
525.000,0,0.000,0.244,656,false,656.912,9.600,false
525.000,1,1.000,1.952,724,false,741.997,16.800,true
525.000,2,2.000,1.763,930,false,946.102,25.200,false
525.000,3,5.000,5.001,1408,false,1456.485,36.000,true
525.000,4,4.000,3.788,1865,false,1901.352,48.000,false
526.000,0,1.000,0.471,657,false,660.181,9.600,false
526.000,1,0.000,1.366,724,false,736.141,16.800,false
526.000,2,0.000,1.234,930,false,940.815,25.200,false
526.000,3,4.000,4.701,1412,false,1457.482,36.000,true
526.000,4,6.000,4.451,1870,false,1912.989,48.000,false
527.000,0,3.000,1.229,650,false,670.770,9.600,true
527.000,1,0.000,0.957,734,false,742.042,16.800,false
527.000,2,3.000,1.764,933,false,949.113,25.200,false
527.000,3,2.000,3.890,1414,false,1451.380,36.000,true
527.000,4,4.000,4.316,1874,false,1915.635,48.000,false
528.000,0,0.000,0.861,650,false,657.082,9.600,false
528.000,1,1.000,0.970,735,false,743.172,16.800,false
528.000,2,8.000,3.635,931,false,975.822,25.200,true
528.000,3,1.000,3.023,1415,false,1443.709,36.000,false
528.000,4,4.000,4.221,1878,false,1918.688,48.000,false
529.000,0,1.000,0.902,660,false,667.500,9.600,false
529.000,1,1.000,0.979,736,false,744.263,16.800,false
529.000,2,1.000,2.844,932,false,958.918,25.200,true
529.000,3,2.000,2.716,1417,false,1442.639,36.000,false
529.000,4,3.000,3.855,1881,false,1918.024,48.000,false
530.000,0,1.000,0.932,661,false,668.793,9.600,false
530.000,1,2.000,1.285,737,false,748.327,16.800,false
530.000,2,3.000,2.891,935,false,962.386,25.200,true
530.000,3,6.000,3.701,1423,false,1458.490,36.000,true
530.000,4,4.000,3.898,1885,false,1922.460,48.000,false
531.000,0,0.000,0.652,661,false,665.998,9.600,false
531.000,1,2.000,1.500,739,false,752.472,16.800,false
531.000,2,2.000,2.624,937,false,961.713,25.200,true
531.000,3,5.000,4.091,1428,false,1467.386,36.000,true
531.000,4,4.000,3.929,1888,false,1925.765,48.000,false
532.000,0,0.000,0.457,661,false,664.041,9.600,false
532.000,1,0.000,1.050,739,false,747.973,16.800,false
532.000,2,1.000,2.137,938,false,957.842,25.200,false
532.000,3,0.000,2.864,1428,false,1455.113,36.000,false
532.000,4,5.000,4.250,1893,false,1933.978,48.000,false
533.000,0,1.000,0.620,662,false,666.672,9.600,false
533.000,1,0.000,0.735,739,false,744.824,16.800,false
533.000,2,2.000,2.096,940,false,959.432,25.200,false
533.000,3,0.000,2.005,1428,false,1446.522,36.000,false
533.000,4,5.000,4.475,1898,false,1941.228,48.000,false
534.000,0,0.000,0.434,662,false,664.813,9.600,false
534.000,1,0.000,0.514,739,false,742.620,16.800,false
534.000,2,7.000,3.567,947,false,981.145,25.200,true
534.000,3,3.000,2.303,1431,false,1452.508,36.000,false
534.000,4,5.000,4.633,1903,false,1947.802,48.000,false
535.000,0,1.000,0.604,663,false,667.512,9.600,false
535.000,1,2.000,0.960,741,false,749.077,16.800,false
535.000,2,1.000,2.797,948,false,974.445,25.200,true
535.000,3,4.000,2.812,1435,false,1461.599,36.000,false
535.000,4,3.000,4.143,1906,false,1945.904,48.000,false
536.000,0,1.000,0.723,664,false,669.701,9.600,false
536.000,1,0.000,0.672,741,false,746.197,16.800,false
536.000,2,0.000,1.958,948,false,966.054,25.200,false
536.000,3,3.000,2.869,1437,false,1464.162,36.000,false
536.000,4,2.000,3.500,1907,false,1940.476,48.000,false
537.000,0,0.000,0.506,663,false,666.534,9.600,false
537.000,1,3.000,1.370,744,false,756.180,16.800,false
537.000,2,0.000,1.370,948,false,960.181,25.200,false
537.000,3,3.000,2.908,1440,false,1467.556,36.000,false
537.000,4,3.000,3.350,1910,false,1941.976,48.000,false
538.000,0,0.000,0.354,673,false,675.016,9.600,false
538.000,1,1.000,1.259,734,false,745.069,16.800,false
538.000,2,4.000,2.159,952,false,972.069,25.200,false
538.000,3,3.000,2.936,1443,false,1470.832,36.000,false
538.000,4,3.000,3.245,1913,false,1943.926,48.000,false
539.000,0,1.000,0.548,674,false,677.954,9.600,false
539.000,1,3.000,1.782,737,false,753.291,16.800,true
539.000,2,1.000,1.812,953,false,969.591,25.200,false
539.000,3,2.000,2.655,1445,false,1470.025,36.000,false
539.000,4,7.000,4.371,1920,false,1962.191,48.000,false
540.000,0,1.000,0.683,675,false,680.311,9.600,false
540.000,1,1.000,1.547,738,false,751.947,16.800,false
540.000,2,2.000,1.868,955,false,972.157,25.200,false
540.000,3,4.000,3.058,1449,false,1478.061,36.000,false
540.000,4,5.000,4.560,1925,false,1969.077,48.000,false
541.000,0,1.000,0.778,675,false,681.261,9.600,false
541.000,1,1.000,1.383,739,false,751.306,16.800,false
541.000,2,1.000,1.608,955,false,969.553,25.200,false
541.000,3,4.000,3.341,1452,false,1483.885,36.000,false
541.000,4,5.000,4.692,1930,false,1975.396,48.000,false
542.000,0,0.000,0.545,675,false,678.925,9.600,false
542.000,1,1.000,1.268,740,false,751.157,16.800,false
542.000,2,1.000,1.425,956,false,968.730,25.200,false
542.000,3,5.000,3.839,1447,false,1493.863,36.000,true
542.000,4,6.000,5.084,1936,false,1985.320,48.000,true
543.000,0,0.000,0.381,685,false,687.291,9.600,false
543.000,1,1.000,1.188,741,false,751.353,16.800,false
543.000,2,2.000,1.598,958,false,972.454,25.200,false
543.000,3,1.000,2.987,1448,false,1476.347,36.000,false
543.000,4,3.000,4.459,1939,false,1982.067,48.000,false
544.000,0,3.000,1.167,688,false,698.146,9.600,true
544.000,1,1.000,1.131,742,false,751.790,16.800,false
544.000,2,2.000,1.718,960,false,975.660,25.200,false
544.000,3,5.000,3.591,1453,false,1487.386,36.000,false
544.000,4,4.000,4.321,1943,false,1984.690,48.000,false
545.000,0,0.000,0.817,688,false,694.645,9.600,false
545.000,1,0.000,0.792,742,false,748.396,16.800,false
545.000,2,0.000,1.203,960,false,970.505,25.200,false
545.000,3,2.000,3.114,1455,false,1484.613,36.000,false
545.000,4,6.000,4.825,1949,false,1995.726,48.000,true
546.000,0,0.000,0.572,688,false,692.195,9.600,false
546.000,1,1.000,0.854,743,false,750.020,16.800,false
546.000,2,1.000,1.142,961,false,970.896,25.200,false
546.000,3,5.000,3.680,1460,false,1495.272,36.000,true
546.000,4,5.000,4.877,1943,false,2000.251,48.000,true
547.000,0,1.000,0.700,699,false,704.479,9.600,false
547.000,1,0.000,0.598,743,false,747.457,16.800,false
547.000,2,0.000,0.799,960,false,966.470,25.200,false
547.000,3,5.000,4.076,1464,false,1503.233,36.000,true
547.000,4,6.000,5.214,1949,false,1999.618,48.000,true
548.000,0,0.000,0.490,699,false,702.378,9.600,false
548.000,1,1.000,0.719,744,false,749.663,16.800,false
548.000,2,1.000,0.860,961,false,968.072,25.200,false
548.000,3,4.000,4.053,1468,false,1507.006,36.000,true
548.000,4,4.000,4.850,1953,false,1999.976,48.000,true
549.000,0,0.000,0.343,699,false,700.908,9.600,false
549.000,1,2.000,1.103,746,false,755.507,16.800,false
549.000,2,2.000,1.202,963,false,973.493,25.200,false
549.000,3,4.000,4.037,1472,false,1510.847,36.000,true
549.000,4,1.000,3.695,1953,false,1988.426,48.000,false
550.000,0,2.000,0.840,701,false,707.878,9.600,false
550.000,1,0.000,0.772,746,false,752.198,16.800,false
550.000,2,1.000,1.141,964,false,973.888,25.200,false
550.000,3,1.000,3.126,1473,false,1502.736,36.000,false
550.000,4,5.000,4.086,1958,false,1997.341,48.000,false
551.000,0,1.000,0.888,702,false,709.358,9.600,false
551.000,1,3.000,1.440,749,false,761.881,16.800,false
551.000,2,4.000,1.999,968,false,986.465,25.200,false
551.000,3,2.000,2.788,1475,false,1501.358,36.000,false
551.000,4,5.000,4.361,1963,false,2005.082,48.000,false
552.000,0,2.000,1.222,704,false,714.693,9.600,true
552.000,1,3.000,1.908,752,false,769.560,16.800,true
552.000,2,2.000,1.999,970,false,988.468,25.200,false
552.000,3,3.000,2.852,1477,false,1503.993,36.000,false
552.000,4,5.000,4.552,1968,false,2012.000,48.000,false
553.000,0,0.000,0.855,704,false,711.028,9.600,false
553.000,1,1.000,1.636,753,false,767.835,16.800,false
553.000,2,4.000,2.599,974,false,998.471,25.200,true
553.000,3,4.000,3.196,1481,false,1511.438,36.000,false
553.000,4,6.000,4.987,1974,false,2022.343,48.000,true
554.000,0,1.000,0.899,705,false,712.463,9.600,false
554.000,1,0.000,1.145,752,false,761.927,16.800,false
554.000,2,3.000,2.720,977,false,1002.672,25.200,true
554.000,3,2.000,2.837,1483,false,1509.850,36.000,false
554.000,4,8.000,5.891,1982,false,2039.383,48.000,true
555.000,0,1.000,0.929,706,false,713.767,9.600,false
555.000,1,2.000,1.402,754,false,766.492,16.800,false
555.000,2,2.000,2.504,979,false,1002.513,25.200,false
555.000,3,1.000,2.286,1484,false,1505.338,36.000,false
555.000,4,1.000,4.423,1983,false,2025.711,48.000,false
556.000,0,0.000,0.650,706,false,710.979,9.600,false
556.000,1,1.000,1.281,755,false,766.287,16.800,false
556.000,2,1.000,2.053,980,false,999.002,25.200,false
556.000,3,0.000,1.600,1484,false,1498.479,36.000,false
556.000,4,5.000,4.596,1988,false,2032.440,48.000,false
557.000,0,0.000,0.455,706,false,709.028,9.600,false
557.000,1,4.000,2.097,759,false,778.444,16.800,true
557.000,2,1.000,1.737,981,false,996.844,25.200,false
557.000,3,5.000,2.620,1489,false,1513.678,36.000,false
557.000,4,6.000,5.017,1993,false,2041.651,48.000,true
558.000,0,0.000,0.319,705,false,706.663,9.600,false
558.000,1,1.000,1.768,759,false,775.154,16.800,true
558.000,2,1.000,1.516,982,false,995.634,25.200,false
558.000,3,3.000,2.734,1491,false,1516.818,36.000,false
558.000,4,5.000,5.012,1998,false,2046.599,48.000,true
559.000,0,0.000,0.223,705,false,705.707,9.600,false
559.000,1,1.000,1.537,760,false,773.850,16.800,false
559.000,2,5.000,2.561,987,false,1011.087,25.200,true
559.000,3,2.000,2.514,1493,false,1516.615,36.000,false
559.000,4,2.000,4.109,2000,false,2039.562,48.000,false
560.000,0,2.000,0.756,706,false,712.038,9.600,false
560.000,1,1.000,1.376,761,false,773.238,16.800,false
560.000,2,1.000,2.093,988,false,1007.403,25.200,false
560.000,3,2.000,2.360,1495,false,1517.074,36.000,false
560.000,4,4.000,4.076,2004,false,2043.236,48.000,false
561.000,0,0.000,0.529,706,false,709.769,9.600,false
561.000,1,0.000,0.963,761,false,769.110,16.800,false
561.000,2,3.000,2.365,991,false,1013.125,25.200,false
561.000,3,2.000,2.252,1497,false,1517.994,36.000,false
561.000,4,5.000,4.353,2009,false,2051.008,48.000,false
562.000,0,1.000,0.671,707,false,712.181,9.600,false
562.000,1,0.000,0.674,761,false,766.220,16.800,false
562.000,2,3.000,2.555,993,false,1017.031,25.200,true
562.000,3,3.000,2.476,1500,false,1523.239,36.000,false
562.000,4,5.000,4.547,2014,false,2057.949,48.000,false
563.000,0,1.000,0.769,707,false,713.170,9.600,false
563.000,1,0.000,0.472,761,false,764.197,16.800,false
563.000,2,1.000,2.089,994,false,1013.364,25.200,false
563.000,3,6.000,3.533,1506,false,1539.810,36.000,false
563.000,4,5.000,4.683,2019,false,2064.307,48.000,false
564.000,0,0.000,0.539,707,false,710.862,9.600,false
564.000,1,3.000,1.230,764,false,774.780,16.800,false
564.000,2,2.000,2.062,996,false,1015.098,25.200,false
564.000,3,4.000,3.673,1510,false,1545.210,36.000,true
564.000,4,7.000,5.378,2026,false,2078.258,48.000,true
565.000,0,2.000,0.977,709,false,717.246,9.600,true
565.000,1,1.000,1.161,765,false,775.089,16.800,false
565.000,2,2.000,2.044,998,false,1016.911,25.200,false
565.000,3,3.000,3.471,1513,false,1546.190,36.000,false
565.000,4,1.000,4.065,2027,false,2066.123,48.000,false
566.000,0,1.000,0.984,710,false,718.315,9.600,true
566.000,1,4.000,2.013,769,false,787.605,16.800,true
566.000,2,2.000,2.030,1000,false,1018.781,25.200,false
566.000,3,4.000,3.630,1517,false,1551.776,36.000,true
566.000,4,0.000,2.845,2027,false,2053.929,48.000,false
567.000,0,2.000,1.289,702,false,723.363,9.600,true
567.000,1,1.000,1.709,780,false,795.567,16.800,true
567.000,2,4.000,2.621,1004,false,1028.689,25.200,true
567.000,3,3.000,3.441,1520,false,1552.886,36.000,false
567.000,4,1.000,2.292,2028,false,2049.393,48.000,false
568.000,0,1.000,1.202,703,false,713.497,9.600,true
568.000,1,0.000,1.196,780,false,790.439,16.800,false
568.000,2,1.000,2.135,1005,false,1024.825,25.200,false
568.000,3,4.000,3.609,1524,false,1558.563,36.000,true
568.000,4,4.000,2.804,2032,false,2058.518,48.000,false
569.000,0,2.000,1.441,705,false,717.891,9.600,true
569.000,1,0.000,0.837,780,false,786.850,16.800,false
569.000,2,2.000,2.094,1006,false,1025.421,25.200,false
569.000,3,3.000,3.426,1527,false,1559.737,36.000,false
569.000,4,4.000,3.163,2036,false,2066.106,48.000,false
570.000,0,0.000,1.009,705,false,713.567,9.600,true
570.000,1,0.000,0.586,780,false,784.338,16.800,false
570.000,2,3.000,2.366,1009,false,1031.137,25.200,false
570.000,3,3.000,3.298,1529,false,1560.459,36.000,false
570.000,4,5.000,3.714,2041,false,2076.617,48.000,false
571.000,0,0.000,0.706,705,false,710.539,9.600,false
571.000,1,0.000,0.410,780,false,782.580,16.800,false
571.000,2,4.000,2.856,1003,false,1040.039,25.200,true
571.000,3,3.000,3.209,1532,false,1562.564,36.000,false
571.000,4,7.000,4.700,2048,false,2093.475,48.000,false
572.000,0,1.000,0.794,716,false,722.420,9.600,false
572.000,1,1.000,0.587,781,false,785.349,16.800,false
572.000,2,2.000,2.599,1005,false,1029.470,25.200,true
572.000,3,4.000,3.446,1536,false,1568.938,36.000,false
572.000,4,5.000,4.790,2053,false,2099.375,48.000,false
573.000,0,1.000,0.856,716,false,723.037,9.600,false
573.000,1,1.000,0.711,782,false,787.587,16.800,false
573.000,2,0.000,1.820,1004,false,1020.672,25.200,false
573.000,3,2.000,3.012,1538,false,1566.599,36.000,false
573.000,4,7.000,5.453,2060,false,2113.005,48.000,true
574.000,0,0.000,0.599,716,false,720.469,9.600,false
574.000,1,3.000,1.398,785,false,797.454,16.800,false
574.000,2,1.000,1.574,1005,false,1019.213,25.200,false
574.000,3,1.000,2.409,1539,false,1561.562,36.000,false
574.000,4,6.000,5.617,2066,false,2120.647,48.000,true
575.000,0,0.000,0.419,716,false,718.671,9.600,false
575.000,1,1.000,1.278,785,false,796.260,16.800,false
575.000,2,2.000,1.702,1007,false,1022.492,25.200,false
575.000,3,3.000,2.586,1542,false,1566.336,36.000,false
575.000,4,6.000,5.732,2072,false,2127.796,48.000,true
576.000,0,1.000,0.594,717,false,721.413,9.600,false
576.000,1,1.000,1.195,786,false,796.425,16.800,false
576.000,2,4.000,2.391,1011,false,1033.387,25.200,false
576.000,3,4.000,3.010,1546,false,1574.578,36.000,false
576.000,4,4.000,5.212,2076,false,2126.600,48.000,true
577.000,0,0.000,0.416,717,false,719.632,9.600,false
577.000,1,4.000,2.036,790,false,808.840,16.800,true
577.000,2,1.000,1.974,1012,false,1030.214,25.200,false
577.000,3,3.000,3.007,1549,false,1577.548,36.000,false
577.000,4,3.000,4.549,2079,false,2122.963,48.000,false
578.000,0,0.000,0.291,717,false,718.385,9.600,false
578.000,1,2.000,2.025,782,false,810.731,16.800,true
578.000,2,4.000,2.582,1016,false,1040.293,25.200,true
578.000,3,7.000,4.205,1556,false,1596.526,36.000,true
578.000,4,2.000,3.784,2080,false,2116.317,48.000,false
579.000,0,0.000,0.204,727,false,727.512,9.600,false
579.000,1,4.000,2.618,786,false,810.655,16.800,true
579.000,2,1.000,2.107,1017,false,1036.548,25.200,false
579.000,3,5.000,4.444,1560,false,1602.911,36.000,true
579.000,4,3.000,3.549,2083,false,2116.965,48.000,false
580.000,0,2.000,0.743,729,false,734.902,9.600,false
580.000,1,0.000,1.832,786,false,802.801,16.800,true
580.000,2,4.000,2.675,1020,false,1045.226,25.200,true
580.000,3,1.000,3.410,1561,false,1593.581,36.000,false
580.000,4,4.000,3.684,2087,false,2122.318,48.000,false
581.000,0,1.000,0.820,730,false,736.674,9.600,false
581.000,1,2.000,1.883,787,false,804.304,16.800,true
581.000,2,0.000,1.873,1020,false,1037.201,25.200,false
581.000,3,3.000,3.287,1564,false,1595.349,36.000,false
581.000,4,4.000,3.779,2091,false,2127.265,48.000,false
582.000,0,0.000,0.574,730,false,734.215,9.600,false
582.000,1,0.000,1.318,787,false,798.655,16.800,false
582.000,2,3.000,2.211,1023,false,1043.584,25.200,false
582.000,3,4.000,3.501,1568,false,1601.487,36.000,false
582.000,4,5.000,4.145,2096,false,2135.929,48.000,false
583.000,0,0.000,0.402,730,false,732.493,9.600,false
583.000,1,3.000,1.823,790,false,806.702,16.800,true
583.000,2,3.000,2.448,1026,false,1048.951,25.200,false
583.000,3,0.000,2.451,1568,false,1590.984,36.000,false
583.000,4,2.000,3.502,2097,false,2130.493,48.000,false
584.000,0,1.000,0.581,731,false,735.288,9.600,false
584.000,1,1.000,1.576,791,false,805.234,16.800,false
584.000,2,1.000,2.013,1026,false,1044.609,25.200,false
584.000,3,4.000,2.916,1572,false,1599.632,36.000,false
584.000,4,4.000,3.651,2101,false,2135.988,48.000,false
585.000,0,0.000,0.407,730,false,732.544,9.600,false
585.000,1,0.000,1.103,790,false,799.507,16.800,false
585.000,2,7.000,3.509,1033,false,1066.569,25.200,true
585.000,3,4.000,3.241,1576,false,1606.885,36.000,false
585.000,4,4.000,3.756,2105,false,2141.034,48.000,false
586.000,0,0.000,0.285,730,false,731.324,9.600,false
586.000,1,0.000,0.772,790,false,796.198,16.800,false
586.000,2,7.000,4.557,1040,false,1084.041,25.200,true
586.000,3,2.000,2.869,1577,false,1604.162,36.000,false
586.000,4,6.000,4.429,2110,false,2152.767,48.000,false
587.000,0,1.000,0.499,731,false,734.470,9.600,false
587.000,1,2.000,1.140,791,false,800.881,16.800,false
587.000,2,0.000,3.190,1040,false,1070.372,25.200,true
587.000,3,3.000,2.908,1580,false,1607.557,36.000,false
587.000,4,4.000,4.300,2114,false,2155.480,48.000,false
588.000,0,1.000,0.650,732,false,736.972,9.600,false
588.000,1,1.000,1.098,792,false,801.460,16.800,false
588.000,2,1.000,2.533,1041,false,1064.803,25.200,true
588.000,3,3.000,2.936,1583,false,1610.832,36.000,false
588.000,4,1.000,3.310,2115,false,2146.579,48.000,false
589.000,0,1.000,0.755,733,false,739.023,9.600,false
589.000,1,1.000,1.069,793,false,802.165,16.800,false
589.000,2,4.000,2.973,1045,false,1073.205,25.200,true
589.000,3,1.000,2.355,1584,false,1606.026,36.000,false
589.000,4,7.000,4.417,2122,false,2164.648,48.000,false
590.000,0,1.000,0.828,734,false,740.759,9.600,false
590.000,1,0.000,0.748,793,false,798.958,16.800,false
590.000,2,1.000,2.381,1045,false,1067.286,25.200,false
590.000,3,5.000,3.148,1588,false,1617.961,36.000,false
590.000,4,4.000,4.292,2126,false,2167.396,48.000,false
591.000,0,2.000,1.180,736,false,746.274,9.600,true
591.000,1,2.000,1.124,795,false,804.714,16.800,false
591.000,2,4.000,2.867,1049,false,1076.143,25.200,true
591.000,3,4.000,3.404,1592,false,1624.515,36.000,false
591.000,4,6.000,4.804,2122,false,2178.520,48.000,true
592.000,0,1.000,1.126,747,false,756.735,9.600,true
592.000,1,3.000,1.687,797,false,812.342,16.800,true
592.000,2,0.000,2.007,1049,false,1067.543,25.200,false
592.000,3,3.000,3.283,1595,false,1626.304,36.000,false
592.000,4,5.000,4.863,2126,false,2173.107,48.000,true
593.000,0,2.000,1.388,749,false,761.357,9.600,true
593.000,1,0.000,1.181,797,false,807.282,16.800,false
593.000,2,1.000,1.705,1049,false,1064.523,25.200,false
593.000,3,3.000,3.198,1598,false,1628.455,36.000,false
593.000,4,2.000,4.004,2128,false,2166.518,48.000,false
594.000,0,0.000,0.972,749,false,757.193,9.600,true
594.000,1,1.000,1.126,798,false,807.741,16.800,false
594.000,2,1.000,1.493,1050,false,1063.409,25.200,false
594.000,3,2.000,2.839,1600,false,1626.862,36.000,false
594.000,4,2.000,3.403,2130,false,2162.505,48.000,false
595.000,0,1.000,0.980,750,false,758.278,9.600,true
595.000,1,0.000,0.789,798,false,804.361,16.800,false
595.000,2,3.000,1.945,1052,false,1069.929,25.200,false
595.000,3,0.000,1.987,1600,false,1618.346,36.000,false
595.000,4,4.000,3.582,2134,false,2168.297,48.000,false
596.000,0,1.000,0.986,751,false,759.337,9.600,true
596.000,1,0.000,0.552,798,false,801.996,16.800,false
596.000,2,0.000,1.362,1052,false,1064.093,25.200,false
596.000,3,6.000,3.191,1606,false,1636.385,36.000,false
596.000,4,6.000,4.307,2140,false,2181.550,48.000,false
597.000,0,0.000,0.690,751,false,756.379,9.600,false
597.000,1,1.000,0.686,799,false,804.340,16.800,false
597.000,2,2.000,1.553,1054,false,1068.008,25.200,false
597.000,3,2.000,2.834,1608,false,1634.812,36.000,false
597.000,4,5.000,4.515,2144,false,2187.628,48.000,false
598.000,0,0.000,0.483,751,false,754.308,9.600,false
598.000,1,0.000,0.480,798,false,801.281,16.800,false
598.000,2,1.000,1.387,1055,false,1067.349,25.200,false
598.000,3,4.000,3.184,1611,false,1641.312,36.000,false
598.000,4,3.000,4.061,2147,false,2186.083,48.000,false
599.000,0,0.000,0.338,751,false,752.859,9.600,false
599.000,1,1.000,0.636,799,false,803.839,16.800,false
599.000,2,5.000,2.471,1060,false,1083.187,25.200,false
599.000,3,0.000,2.228,1611,false,1631.761,36.000,false
599.000,4,1.000,3.142,2148,false,2177.901,48.000,false
