time,node_id,observed_arrival_rate,smoothed_arrival_rate,waiting_queue_size,idle,predicted_queue_size,proactive_queue_threshold,proactive_risk
0.000,0,2.000,2.000,1,false,19.476,9.600,false
0.000,1,1.000,1.000,0,false,8.476,16.800,false
0.000,2,2.000,2.000,1,false,19.476,25.200,false
0.000,3,1.000,1.000,0,false,8.476,36.000,false
0.000,4,4.000,4.000,3,false,41.476,48.000,false
1.000,0,3.000,2.300,4,false,25.476,9.600,false
1.000,1,2.000,1.300,2,false,13.476,16.800,false
1.000,2,1.000,1.700,2,false,17.476,25.200,false
1.000,3,4.000,1.900,4,false,21.476,36.000,false
1.000,4,5.000,4.300,8,false,49.476,48.000,true
2.000,0,0.000,1.610,4,false,18.576,9.600,false
2.000,1,0.000,0.910,2,false,9.576,16.800,false
2.000,2,3.000,2.090,5,false,24.376,25.200,false
2.000,3,4.000,2.530,8,false,31.776,36.000,false
2.000,4,1.000,3.310,9,false,40.576,48.000,true
3.000,0,0.000,1.127,3,false,12.746,9.600,false
3.000,1,0.000,0.637,1,false,5.846,16.800,false
3.000,2,2.000,2.063,6,false,25.106,25.200,false
3.000,3,5.000,3.271,13,false,44.186,36.000,true
3.000,4,4.000,3.517,13,false,46.646,48.000,true
4.000,0,1.000,1.089,4,false,13.365,9.600,false
4.000,1,2.000,1.046,3,false,11.935,16.800,false
4.000,2,3.000,2.344,9,false,30.917,25.200,false
4.000,3,4.000,3.490,17,false,50.373,36.000,true
4.000,4,3.000,3.362,16,false,48.095,48.000,true
5.000,0,1.000,1.062,5,false,14.098,9.600,false
5.000,1,3.000,1.632,6,false,20.797,16.800,false
5.000,2,5.000,3.141,14,false,43.885,25.200,true
5.000,3,8.000,4.843,25,false,71.904,36.000,true
5.000,4,5.000,3.853,21,false,58.009,48.000,true
6.000,0,1.000,1.044,6,false,14.912,9.600,false
6.000,1,1.000,1.442,7,false,19.901,16.800,false
6.000,2,3.000,3.099,17,false,46.462,25.200,true
6.000,3,2.000,3.990,26,false,64.376,36.000,true
6.000,4,4.000,3.897,25,false,62.450,48.000,true
7.000,0,3.000,1.630,9,false,23.781,9.600,false
7.000,1,5.000,2.510,11,false,34.574,16.800,false
7.000,2,1.000,2.469,18,false,41.166,25.200,false
7.000,3,3.000,3.693,29,false,64.406,36.000,true
7.000,4,7.000,4.828,32,false,78.758,48.000,true
8.000,0,0.000,1.141,9,false,18.890,9.600,false
8.000,1,0.000,1.757,11,false,27.044,16.800,false
8.000,2,1.000,2.028,19,false,37.759,25.200,false
8.000,3,3.000,3.485,31,false,64.327,36.000,true
8.000,4,3.000,4.280,35,false,76.273,48.000,true
9.000,0,0.000,0.799,9,false,15.466,9.600,false
9.000,1,2.000,1.830,13,false,29.774,16.800,false
9.000,2,3.000,2.320,22,false,43.674,25.200,false
9.000,3,1.000,2.740,32,false,57.872,36.000,false
9.000,4,4.000,4.196,39,false,79.434,48.000,true
10.000,0,1.000,0.859,10,false,17.069,9.600,false
10.000,1,1.000,1.581,14,false,28.285,16.800,false
10.000,2,1.000,1.924,22,false,39.715,25.200,false
10.000,3,2.000,2.518,34,false,57.653,36.000,false
10.000,4,6.000,4.737,45,false,90.847,48.000,true
11.000,0,1.000,0.901,11,false,18.491,9.600,false
11.000,1,1.000,1.407,15,false,27.542,16.800,false
11.000,2,1.000,1.647,23,false,37.943,25.200,false
11.000,3,1.000,2.062,35,false,54.100,36.000,false
11.000,4,4.000,4.516,49,false,92.636,48.000,true
12.000,0,1.000,0.931,12,false,19.787,9.600,false
12.000,1,2.000,1.585,17,false,31.322,16.800,false
12.000,2,2.000,1.753,25,false,41.003,25.200,false
12.000,3,5.000,2.944,40,false,67.913,36.000,false
12.000,4,2.000,3.761,51,false,87.088,48.000,true
13.000,0,0.000,0.652,12,false,16.993,9.600,false
13.000,1,2.000,1.709,19,false,34.568,16.800,false
13.000,2,2.000,1.827,27,false,43.745,25.200,false
13.000,3,3.000,2.961,43,false,71.082,36.000,false
13.000,4,2.000,3.233,53,false,83.804,48.000,true
14.000,0,0.000,0.456,12,false,15.038,9.600,false
14.000,1,2.000,1.796,20,false,36.441,16.800,false
14.000,2,2.000,1.879,28,false,45.264,25.200,false
14.000,3,5.000,3.572,48,false,82.200,36.000,true
14.000,4,4.000,3.463,56,false,89.106,48.000,true
15.000,0,1.000,0.619,12,false,16.670,9.600,false
15.000,1,2.000,1.858,22,false,39.051,16.800,false
15.000,2,2.000,1.915,30,false,47.628,25.200,false
15.000,3,3.000,3.401,51,false,83.483,36.000,true
15.000,4,7.000,4.524,63,false,106.717,48.000,true
16.000,0,1.000,0.734,13,false,18.812,9.600,false
16.000,1,0.000,1.300,22,false,33.479,16.800,false
16.000,2,2.000,1.941,32,false,49.882,25.200,false
16.000,3,2.000,2.980,53,false,81.281,36.000,false
16.000,4,5.000,4.667,68,false,113.145,48.000,true
17.000,0,0.000,0.513,13,false,16.611,9.600,false
17.000,1,0.000,0.910,22,false,29.578,16.800,false
17.000,2,1.000,1.658,33,false,48.061,25.200,false
17.000,3,5.000,3.586,58,false,92.340,36.000,true
17.000,4,3.000,4.167,71,false,111.144,48.000,true
18.000,0,2.000,0.959,15,false,23.071,9.600,false
18.000,1,1.000,0.937,22,false,29.847,16.800,false
18.000,2,2.000,1.761,35,false,51.085,25.200,false
18.000,3,4.000,3.710,62,false,97.581,36.000,true
18.000,4,4.000,4.117,75,false,114.644,48.000,true
19.000,0,0.000,0.672,15,false,20.192,9.600,false
19.000,1,2.000,1.256,24,false,35.036,16.800,false
19.000,2,1.000,1.533,36,false,49.803,25.200,false
19.000,3,1.000,2.897,62,false,89.449,36.000,false
19.000,4,3.000,3.782,78,false,114.293,48.000,true
20.000,0,2.000,1.070,17,false,26.177,9.600,false
20.000,1,0.000,0.879,24,false,31.268,16.800,false
20.000,2,3.000,1.973,39,false,57.205,25.200,false
20.000,3,5.000,3.528,67,false,100.757,36.000,true
20.000,4,5.000,4.147,83,false,122.948,48.000,true
21.000,0,2.000,1.349,19,false,30.967,9.600,false
21.000,1,0.000,0.615,24,false,28.631,16.800,false
21.000,2,3.000,2.281,42,false,63.286,25.200,false
21.000,3,1.000,2.770,68,false,94.173,36.000,false
21.000,4,5.000,4.403,88,false,130.507,48.000,true
22.000,0,1.000,1.244,19,false,29.920,9.600,false
22.000,1,2.000,1.031,25,false,33.784,16.800,false
22.000,2,1.000,1.897,43,false,60.443,25.200,false
22.000,3,2.000,2.539,70,false,93.864,36.000,false
22.000,4,2.000,3.682,89,false,124.298,48.000,true
23.000,0,4.000,2.071,23,false,42.187,9.600,false
23.000,1,1.000,1.022,26,false,34.692,16.800,false
23.000,2,2.000,1.928,45,false,62.753,25.200,false
23.000,3,6.000,3.577,75,false,109.248,36.000,true
23.000,4,5.000,4.077,94,false,133.251,48.000,true
24.000,0,1.000,1.750,24,false,39.974,9.600,false
24.000,1,2.000,1.315,28,false,39.627,16.800,false
24.000,2,3.000,2.249,47,false,67.970,25.200,false
24.000,3,3.000,3.404,78,false,110.516,36.000,true
24.000,4,4.000,4.054,98,false,137.019,48.000,true
25.000,0,1.000,1.525,25,false,38.724,9.600,false
25.000,1,0.000,0.921,28,false,35.682,16.800,false
25.000,2,1.000,1.875,48,false,65.222,25.200,false
25.000,3,0.000,2.383,78,false,100.304,36.000,false
25.000,4,9.000,5.538,107,false,160.856,48.000,true
26.000,0,0.000,1.067,24,false,33.150,9.600,false
26.000,1,1.000,0.944,29,false,36.920,16.800,false
26.000,2,4.000,2.512,52,false,75.598,25.200,false
26.000,3,1.000,1.968,79,false,97.156,36.000,false
26.000,4,3.000,4.777,109,false,155.242,48.000,true
27.000,0,0.000,0.747,24,false,29.948,9.600,false
27.000,1,0.000,0.661,28,false,33.087,16.800,false
27.000,2,2.000,2.359,54,false,76.062,25.200,false
27.000,3,1.000,1.678,80,false,95.252,36.000,false
27.000,4,7.000,5.444,116,false,168.912,48.000,true
28.000,0,0.000,0.523,23,false,26.706,9.600,false
28.000,1,1.000,0.763,29,false,35.104,16.800,false
28.000,2,1.000,1.951,55,false,72.986,25.200,false
28.000,3,0.000,1.174,80,false,90.219,36.000,false
28.000,4,3.000,4.711,118,false,163.581,48.000,true
29.000,0,2.000,0.966,25,false,33.137,9.600,false
29.000,1,2.000,1.134,31,false,40.815,16.800,false
29.000,2,5.000,2.866,60,false,87.133,25.200,false
29.000,3,4.000,2.022,84,false,102.696,36.000,false
29.000,4,6.000,5.097,124,false,173.450,48.000,true
30.000,0,1.000,0.976,26,false,34.239,9.600,false
30.000,1,0.000,0.794,30,false,36.414,16.800,false
30.000,2,2.000,2.606,61,false,85.536,25.200,false
30.000,3,3.000,2.315,87,false,108.630,36.000,false
30.000,4,2.000,4.168,126,false,166.158,48.000,true
31.000,0,1.000,0.983,27,false,35.310,9.600,false
31.000,1,1.000,0.856,31,false,38.032,16.800,false
31.000,2,4.000,3.024,65,false,93.718,25.200,true
31.000,3,1.000,1.921,87,false,104.684,36.000,false
31.000,4,3.000,3.818,129,false,165.653,48.000,true
32.000,0,1.000,0.988,28,false,36.360,9.600,false
32.000,1,3.000,1.499,34,false,47.466,16.800,false
32.000,2,2.000,2.717,67,false,92.645,25.200,false
32.000,3,1.000,1.645,88,false,102.922,36.000,false
32.000,4,9.000,5.372,137,false,189.200,48.000,true
33.000,0,1.000,0.992,28,false,36.395,9.600,false
33.000,1,1.000,1.349,35,false,46.969,16.800,false
33.000,2,2.000,2.502,69,false,92.495,25.200,false
33.000,3,2.000,1.751,90,false,105.988,36.000,false
33.000,4,5.000,5.261,142,false,193.083,48.000,true
34.000,0,1.000,0.994,29,false,37.419,9.600,false
34.000,1,2.000,1.544,37,false,50.921,16.800,false
34.000,2,1.000,2.051,70,false,88.989,25.200,false
34.000,3,6.000,3.026,96,false,124.734,36.000,true
34.000,4,4.000,4.882,146,false,193.301,48.000,true
35.000,0,1.000,0.996,30,false,38.436,9.600,false
35.000,1,3.000,1.981,40,false,58.288,16.800,false
35.000,2,0.000,1.436,70,false,82.835,25.200,false
35.000,3,3.000,3.018,99,false,127.657,36.000,true
35.000,4,0.000,3.418,146,false,178.654,48.000,true
36.000,0,0.000,0.697,30,false,35.448,9.600,false
36.000,1,1.000,1.687,40,false,55.344,16.800,false
36.000,2,2.000,1.605,72,false,86.528,25.200,false
36.000,3,2.000,2.713,101,false,126.603,36.000,false
36.000,4,3.000,3.292,149,false,180.400,48.000,true
37.000,0,1.000,0.788,31,false,37.357,9.600,false
37.000,1,0.000,1.181,40,false,50.284,16.800,false
37.000,2,1.000,1.424,73,false,85.712,25.200,false
37.000,3,4.000,3.099,105,false,134.465,36.000,true
37.000,4,4.000,3.505,152,false,185.523,48.000,true
38.000,0,0.000,0.552,31,false,34.993,9.600,false
38.000,1,3.000,1.727,43,false,58.741,16.800,false
38.000,2,1.000,1.297,74,false,85.441,25.200,false
38.000,3,7.000,4.269,111,false,152.168,36.000,true
38.000,4,2.000,3.053,154,false,183.009,48.000,true
39.000,0,3.000,1.286,34,false,45.338,9.600,false
39.000,1,3.000,2.109,46,false,65.562,16.800,false
39.000,2,1.000,1.208,75,false,85.552,25.200,false
39.000,3,0.000,2.988,111,false,139.361,36.000,false
39.000,4,5.000,3.637,159,false,193.849,48.000,true
40.000,0,2.000,1.500,35,false,48.479,9.600,false
40.000,1,0.000,1.476,46,false,59.236,16.800,false
40.000,2,0.000,0.845,75,false,81.929,25.200,false
40.000,3,3.000,2.992,114,false,142.395,36.000,false
40.000,4,5.000,4.046,164,false,202.937,48.000,true
41.000,0,0.000,1.050,35,false,43.978,9.600,false
41.000,1,2.000,1.633,48,false,62.808,16.800,false
41.000,2,1.000,0.892,76,false,83.393,25.200,false
41.000,3,4.000,3.294,118,false,149.420,36.000,true
41.000,4,4.000,4.032,168,false,206.799,48.000,true
42.000,0,0.000,0.735,35,false,40.828,9.600,false
42.000,1,1.000,1.443,49,false,61.909,16.800,false
42.000,2,1.000,0.924,76,false,83.718,25.200,false
42.000,3,4.000,3.506,122,false,155.537,36.000,true
42.000,4,4.000,4.023,171,false,209.702,48.000,true
43.000,0,1.000,0.815,36,false,42.622,9.600,false
43.000,1,0.000,1.010,48,false,56.579,16.800,false
43.000,2,0.000,0.647,76,false,80.946,25.200,false
43.000,3,0.000,2.454,122,false,145.018,36.000,false
43.000,4,2.000,3.416,173,false,205.634,48.000,true
44.000,0,0.000,0.570,35,false,39.178,9.600,false
44.000,1,1.000,1.007,49,false,57.548,16.800,false
44.000,2,3.000,1.353,79,false,91.005,25.200,false
44.000,3,2.000,2.318,124,false,145.656,36.000,false
44.000,4,5.000,3.891,178,false,215.387,48.000,true
45.000,0,0.000,0.399,35,false,37.468,9.600,false
45.000,1,1.000,1.005,50,false,58.527,16.800,false
45.000,2,0.000,0.947,79,false,86.946,25.200,false
45.000,3,1.000,1.923,125,false,142.702,36.000,false
45.000,4,5.000,4.224,183,false,223.714,48.000,true
46.000,0,0.000,0.279,35,false,36.270,9.600,false
46.000,1,1.000,1.004,51,false,59.511,16.800,false
46.000,2,3.000,1.563,82,false,96.105,25.200,false
46.000,3,1.000,1.646,126,false,140.934,36.000,false
46.000,4,4.000,4.157,186,false,226.042,48.000,true
47.000,0,2.000,0.796,37,false,43.432,9.600,false
47.000,1,0.000,0.702,51,false,56.501,16.800,false
47.000,2,1.000,1.394,82,false,94.416,25.200,false
47.000,3,5.000,2.652,131,false,155.997,36.000,false
47.000,4,6.000,4.710,192,false,237.573,48.000,true
48.000,0,2.000,1.157,39,false,49.045,9.600,false
48.000,1,2.000,1.092,53,false,62.393,16.800,false
48.000,2,2.000,1.576,84,false,98.234,25.200,false
48.000,3,3.000,2.756,134,false,160.041,36.000,false
48.000,4,3.000,4.197,195,false,235.444,48.000,true
49.000,0,0.000,0.810,39,false,45.575,9.600,false
49.000,1,1.000,1.064,53,false,62.118,16.800,false
49.000,2,4.000,2.303,88,false,109.507,25.200,false
49.000,3,4.000,3.130,138,false,167.771,36.000,true
49.000,4,7.000,5.038,202,false,250.853,48.000,true
50.000,0,0.000,0.567,39,false,43.145,9.600,false
50.000,1,1.000,1.045,54,false,62.926,16.800,false
50.000,2,0.000,1.612,88,false,102.598,25.200,false
50.000,3,5.000,3.691,143,false,178.383,36.000,true
50.000,4,3.000,4.426,205,false,247.740,48.000,true
51.000,0,1.000,0.697,40,false,45.444,9.600,false
51.000,1,1.000,1.031,55,false,63.791,16.800,false
51.000,2,2.000,1.729,90,false,105.761,25.200,false
51.000,3,4.000,3.783,147,false,183.311,36.000,true
51.000,4,7.000,5.198,212,false,262.461,48.000,true
52.000,0,3.000,1.388,42,false,54.354,9.600,false
52.000,1,0.000,0.722,55,false,60.696,16.800,false
52.000,2,0.000,1.210,90,false,100.576,25.200,false
52.000,3,1.000,2.948,148,false,175.960,36.000,false
52.000,4,2.000,4.239,214,false,254.866,48.000,true
53.000,0,0.000,0.971,42,false,50.191,9.600,false
53.000,1,0.000,0.505,55,false,58.530,16.800,false
53.000,2,3.000,1.747,92,false,107.946,25.200,false
53.000,3,3.000,2.964,151,false,179.115,36.000,false
53.000,4,4.000,4.167,217,false,257.149,48.000,true
54.000,0,0.000,0.680,42,false,47.276,9.600,false
54.000,1,0.000,0.354,55,false,57.014,16.800,false
54.000,2,3.000,2.123,95,false,114.705,25.200,false
54.000,3,3.000,2.975,153,false,181.223,36.000,false
54.000,4,3.000,3.817,220,false,256.647,48.000,true
55.000,0,0.000,0.476,42,false,45.236,9.600,false
55.000,1,3.000,1.148,58,false,67.953,16.800,false
55.000,2,0.000,1.486,95,false,108.336,25.200,false
55.000,3,3.000,2.982,156,false,184.299,36.000,false
55.000,4,5.000,4.172,225,false,265.196,48.000,true
56.000,0,0.000,0.333,42,false,43.808,9.600,false
56.000,1,3.000,1.703,61,false,76.510,16.800,false
56.000,2,2.000,1.640,97,false,111.878,25.200,false
56.000,3,4.000,3.288,160,false,191.352,36.000,true
56.000,4,5.000,4.420,230,false,272.680,48.000,true
57.000,0,1.000,0.533,42,false,45.809,9.600,false
57.000,1,3.000,2.092,64,false,83.400,16.800,false
57.000,2,1.000,1.448,97,false,109.958,25.200,false
57.000,3,2.000,2.901,162,false,189.490,36.000,false
57.000,4,1.000,3.394,231,false,263.419,48.000,true
58.000,0,0.000,0.373,42,false,44.209,9.600,false
58.000,1,2.000,2.065,66,false,85.123,16.800,false
58.000,2,2.000,1.614,99,false,113.613,25.200,false
58.000,3,5.000,3.531,166,false,199.786,36.000,true
58.000,4,6.000,4.176,237,false,277.236,48.000,true
59.000,0,1.000,0.561,43,false,47.089,9.600,false
59.000,1,3.000,2.345,69,false,90.929,16.800,false
59.000,2,1.000,1.430,100,false,112.772,25.200,false
59.000,3,5.000,3.972,171,false,209.193,36.000,true
59.000,4,5.000,4.423,242,false,284.708,48.000,true
60.000,0,0.000,0.393,43,false,45.405,9.600,false
60.000,1,1.000,1.942,69,false,86.893,16.800,false
60.000,2,2.000,1.601,102,false,116.483,25.200,false
60.000,3,0.000,2.780,171,false,197.278,36.000,false
60.000,4,5.000,4.596,246,false,290.438,48.000,true
61.000,0,0.000,0.275,42,false,43.227,9.600,false
61.000,1,2.000,1.959,71,false,89.068,16.800,false
61.000,2,5.000,2.621,107,false,131.681,25.200,false
61.000,3,4.000,3.146,175,false,204.937,36.000,true
61.000,4,1.000,3.517,247,false,280.650,48.000,true
62.000,0,0.000,0.193,42,false,42.401,9.600,false
62.000,1,2.000,1.971,73,false,91.190,16.800,false
62.000,2,3.000,2.734,110,false,135.820,25.200,false
62.000,3,1.000,2.502,176,false,199.499,36.000,false
62.000,4,4.000,3.662,251,false,286.098,48.000,true
63.000,0,2.000,0.735,44,false,49.824,9.600,false
63.000,1,1.000,1.680,74,false,89.276,16.800,false
63.000,2,1.000,2.214,111,false,131.617,25.200,false
63.000,3,2.000,2.352,178,false,199.992,36.000,false
63.000,4,9.000,5.264,260,false,311.111,48.000,true
64.000,0,2.000,1.114,46,false,55.620,9.600,false
64.000,1,2.000,1.776,75,false,91.236,16.800,false
64.000,2,2.000,2.150,112,false,131.975,25.200,false
64.000,3,0.000,1.646,178,false,192.937,36.000,false
64.000,4,3.000,4.584,262,false,306.321,48.000,true
65.000,0,0.000,0.780,46,false,52.277,9.600,false
65.000,1,0.000,1.243,75,false,85.908,16.800,false
65.000,2,3.000,2.405,115,false,137.525,25.200,false
65.000,3,5.000,2.652,183,false,207.999,36.000,false
65.000,4,5.000,4.709,267,false,312.567,48.000,true
66.000,0,0.000,0.546,46,false,49.936,9.600,false
66.000,1,2.000,1.470,77,false,90.179,16.800,false
66.000,2,3.000,2.583,118,false,142.310,25.200,false
66.000,3,4.000,3.057,187,false,216.042,36.000,true
66.000,4,6.000,5.096,273,false,322.440,48.000,true
67.000,0,1.000,0.682,47,false,52.298,9.600,false
67.000,1,0.000,1.029,77,false,85.768,16.800,false
67.000,2,4.000,3.008,122,false,150.560,25.200,true
67.000,3,3.000,3.040,190,false,218.872,36.000,true
67.000,4,6.000,5.367,279,false,331.151,48.000,true
68.000,0,1.000,0.778,48,false,54.252,9.600,false
68.000,1,1.000,1.020,78,false,86.680,16.800,false
68.000,2,5.000,3.606,127,false,161.535,25.200,true
68.000,3,3.000,3.028,193,false,221.754,36.000,true
68.000,4,3.000,4.657,281,false,326.048,48.000,true
69.000,0,3.000,1.444,51,false,63.919,9.600,false
69.000,1,1.000,1.014,79,false,87.619,16.800,false
69.000,2,3.000,3.424,129,false,161.717,25.200,true
69.000,3,4.000,3.319,197,false,228.670,36.000,true
69.000,4,6.000,5.060,287,false,336.077,48.000,true
70.000,0,1.000,1.311,52,false,63.586,9.600,false
70.000,1,1.000,1.010,80,false,88.576,16.800,false
70.000,2,1.000,2.697,130,false,155.445,25.200,false
70.000,3,4.000,3.524,201,false,234.712,36.000,true
70.000,4,1.000,3.842,288,false,324.897,48.000,true
71.000,0,0.000,0.918,52,false,59.653,9.600,false
71.000,1,1.000,1.007,81,false,89.546,16.800,false
71.000,2,3.000,2.788,133,false,159.354,25.200,false
71.000,3,3.000,3.367,204,false,236.141,36.000,true
71.000,4,5.000,4.189,292,false,332.370,48.000,true
72.000,0,1.000,0.942,53,false,60.900,9.600,false
72.000,1,1.000,1.005,82,false,90.525,16.800,false
72.000,2,2.000,2.551,134,false,157.991,25.200,false
72.000,3,3.000,3.257,207,false,238.042,36.000,true
72.000,4,3.000,3.833,295,false,331.802,48.000,true
73.000,0,0.000,0.660,53,false,58.073,9.600,false
73.000,1,0.000,0.703,82,false,87.511,16.800,false
73.000,2,2.000,2.386,136,false,158.336,25.200,false
73.000,3,1.000,2.580,208,false,232.272,36.000,false
73.000,4,3.000,3.583,298,false,332.304,48.000,true
74.000,0,2.000,1.062,55,false,64.094,9.600,false
74.000,1,2.000,1.092,84,false,93.400,16.800,false
74.000,2,4.000,2.870,140,false,167.178,25.200,false
74.000,3,3.000,2.706,211,false,236.533,36.000,false
74.000,4,2.000,3.108,300,false,329.556,48.000,true
75.000,0,1.000,1.043,56,false,64.909,9.600,false
75.000,1,1.000,1.065,85,false,94.123,16.800,false
75.000,2,1.000,2.309,141,false,162.568,25.200,false
75.000,3,5.000,3.394,215,false,247.416,36.000,true
75.000,4,1.000,2.476,301,false,324.232,48.000,false
76.000,0,2.000,1.330,58,false,69.779,9.600,false
76.000,1,1.000,1.045,86,false,94.929,16.800,false
76.000,2,3.000,2.516,144,false,167.640,25.200,false
76.000,3,3.000,3.276,218,false,249.234,36.000,true
76.000,4,3.000,2.633,304,false,328.805,48.000,false
77.000,0,1.000,1.231,59,false,69.788,9.600,false
77.000,1,1.000,1.032,87,false,95.793,16.800,false
77.000,2,1.000,2.061,145,false,164.091,25.200,false
77.000,3,0.000,2.293,218,false,239.407,36.000,false
77.000,4,1.000,2.143,304,false,323.907,48.000,false
78.000,0,3.000,1.762,62,false,78.095,9.600,false
78.000,1,2.000,1.322,89,false,100.698,16.800,false
78.000,2,1.000,1.743,146,false,161.907,25.200,false
78.000,3,5.000,3.105,222,false,251.528,36.000,true
78.000,4,5.000,3.000,309,false,337.477,48.000,true
79.000,0,0.000,1.233,61,false,71.809,9.600,false
79.000,1,1.000,1.226,90,false,100.731,16.800,false
79.000,2,1.000,1.520,146,false,159.677,25.200,false
79.000,3,3.000,3.074,225,false,254.212,36.000,true
79.000,4,5.000,3.600,313,false,347.477,48.000,true
80.000,0,0.000,0.863,61,false,68.109,9.600,false
80.000,1,1.000,1.158,91,false,101.055,16.800,false
80.000,2,1.000,1.364,147,false,159.117,25.200,false
80.000,3,8.000,4.552,233,false,276.991,36.000,true
80.000,4,4.000,3.720,317,false,352.677,48.000,true
81.000,0,0.000,0.604,61,false,65.519,9.600,false
81.000,1,3.000,1.711,94,false,109.581,16.800,false
81.000,2,0.000,0.955,147,false,155.025,25.200,false
81.000,3,5.000,4.686,238,false,283.337,36.000,true
81.000,4,5.000,4.104,322,false,361.517,48.000,true
82.000,0,1.000,0.723,61,false,66.706,9.600,false
82.000,1,1.000,1.497,95,false,108.450,16.800,false
82.000,2,3.000,1.568,150,false,164.160,25.200,false
82.000,3,2.000,3.880,240,false,277.279,36.000,true
82.000,4,1.000,3.173,323,false,353.204,48.000,true
83.000,0,0.000,0.506,61,false,64.537,9.600,false
83.000,1,1.000,1.348,96,false,107.958,16.800,false
83.000,2,1.000,1.398,150,false,162.455,25.200,false
83.000,3,4.000,3.916,244,false,281.638,36.000,true
83.000,4,2.000,2.821,325,false,351.686,48.000,false
84.000,0,0.000,0.354,61,false,63.019,9.600,false
84.000,1,1.000,1.244,97,false,107.913,16.800,false
84.000,2,0.000,0.979,150,false,158.261,25.200,false
84.000,3,3.000,3.641,247,false,281.889,36.000,true
84.000,4,3.000,2.875,327,false,354.223,48.000,false
85.000,0,1.000,0.548,62,false,65.956,9.600,false
85.000,1,1.000,1.171,97,false,107.182,16.800,false
85.000,2,2.000,1.285,152,false,163.326,25.200,false
85.000,3,4.000,3.749,250,false,285.965,36.000,true
85.000,4,2.000,2.612,329,false,353.599,48.000,false
86.000,0,2.000,0.984,64,false,72.312,9.600,false
86.000,1,1.000,1.119,98,false,107.670,16.800,false
86.000,2,0.000,0.899,152,false,159.471,25.200,false
86.000,3,4.000,3.824,254,false,290.719,36.000,true
86.000,4,5.000,3.329,334,false,365.762,48.000,true
87.000,0,2.000,1.289,66,false,77.361,9.600,false
87.000,1,0.000,0.784,98,false,104.312,16.800,false
87.000,2,5.000,2.130,157,false,176.773,25.200,false
87.000,3,1.000,2.977,255,false,283.246,36.000,false
87.000,4,4.000,3.530,338,false,371.776,48.000,true
88.000,0,0.000,0.902,66,false,73.496,9.600,false
88.000,1,0.000,0.549,98,false,101.961,16.800,false
88.000,2,3.000,2.391,160,false,182.384,25.200,false
88.000,3,2.000,2.684,257,false,282.315,36.000,false
88.000,4,5.000,3.971,343,false,381.186,48.000,true
89.000,0,3.000,1.531,68,false,81.790,9.600,false
89.000,1,1.000,0.684,99,false,104.316,16.800,false
89.000,2,1.000,1.974,161,false,179.211,25.200,false
89.000,3,4.000,3.079,260,false,289.263,36.000,true
89.000,4,4.000,3.980,347,false,385.273,48.000,true
90.000,0,0.000,1.072,68,false,77.196,9.600,false
90.000,1,2.000,1.079,101,false,110.264,16.800,false
90.000,2,4.000,2.581,164,false,188.291,25.200,false
90.000,3,4.000,3.355,264,false,296.027,36.000,true
90.000,4,2.000,3.386,349,false,381.334,48.000,true
91.000,0,2.000,1.350,70,false,81.980,9.600,false
91.000,1,0.000,0.755,101,false,107.028,16.800,false
91.000,2,1.000,2.107,165,false,184.546,25.200,false
91.000,3,3.000,3.249,267,false,297.962,36.000,true
91.000,4,3.000,3.270,352,false,383.177,48.000,true
92.000,0,0.000,0.945,70,false,77.929,9.600,false
92.000,1,2.000,1.129,103,false,112.762,16.800,false
92.000,2,1.000,1.775,166,false,182.225,25.200,false
92.000,3,0.000,2.274,267,false,288.216,36.000,false
92.000,4,4.000,3.489,356,false,389.367,48.000,true
93.000,0,0.000,0.662,70,false,75.093,9.600,false
93.000,1,3.000,1.690,106,false,121.376,16.800,false
93.000,2,3.000,2.142,169,false,188.901,25.200,false
93.000,3,0.000,1.592,266,false,280.394,36.000,false
93.000,4,2.000,3.042,358,false,386.899,48.000,true
94.000,0,0.000,0.463,70,false,73.108,9.600,false
94.000,1,1.000,1.483,106,false,119.306,16.800,false
94.000,2,3.000,2.400,172,false,194.473,25.200,false
94.000,3,4.000,2.314,270,false,291.619,36.000,false
94.000,4,5.000,3.630,363,false,397.772,48.000,true
95.000,0,0.000,0.324,70,false,71.718,9.600,false
95.000,1,2.000,1.638,108,false,122.857,16.800,false
95.000,2,0.000,1.680,172,false,187.274,25.200,false
95.000,3,1.000,1.920,271,false,288.676,36.000,false
95.000,4,5.000,4.041,368,false,406.884,48.000,true
96.000,0,1.000,0.527,71,false,74.746,9.600,false
96.000,1,0.000,1.147,108,false,117.943,16.800,false
96.000,2,3.000,2.076,175,false,194.235,25.200,false
96.000,3,3.000,2.244,273,false,293.916,36.000,false
96.000,4,5.000,4.329,373,false,414.761,48.000,true
97.000,0,0.000,0.369,71,false,73.165,9.600,false
97.000,1,2.000,1.403,109,false,121.503,16.800,false
97.000,2,3.000,2.353,178,false,200.007,25.200,false
97.000,3,3.000,2.471,276,false,299.184,36.000,false
97.000,4,6.000,4.830,379,false,425.776,48.000,true
98.000,0,2.000,0.858,73,false,80.058,9.600,false
98.000,1,1.000,1.282,110,false,121.295,16.800,false
98.000,2,3.000,2.547,181,false,204.948,25.200,false
98.000,3,3.000,2.630,278,false,302.772,36.000,false
98.000,4,5.000,4.881,384,false,431.286,48.000,true
99.000,0,0.000,0.601,73,false,77.484,9.600,false
99.000,1,2.000,1.497,112,false,125.449,16.800,false
99.000,2,0.000,1.783,181,false,197.306,25.200,false
99.000,3,4.000,3.041,282,false,310.883,36.000,true
99.000,4,6.000,5.217,390,false,440.643,48.000,true
100.000,0,0.000,0.421,73,false,75.681,9.600,false
100.000,1,0.000,1.048,112,false,120.957,16.800,false
100.000,2,1.000,1.548,182,false,195.957,25.200,false
100.000,3,4.000,3.328,286,false,317.761,36.000,true
100.000,4,5.000,5.152,395,false,444.993,48.000,true
101.000,0,3.000,1.194,76,false,86.420,9.600,false
101.000,1,3.000,1.634,115,false,129.813,16.800,false
101.000,2,4.000,2.284,186,false,207.313,25.200,false
101.000,3,4.000,3.530,290,false,323.776,36.000,true
101.000,4,4.000,4.806,398,false,444.538,48.000,true
102.000,0,1.000,1.136,77,false,86.837,9.600,false
102.000,1,2.000,1.744,117,false,132.912,16.800,false
102.000,2,1.000,1.899,186,false,203.462,25.200,false
102.000,3,3.000,3.371,293,false,325.186,36.000,true
102.000,4,6.000,5.164,404,false,454.119,48.000,true
103.000,0,0.000,0.795,76,false,82.429,9.600,false
103.000,1,2.000,1.821,118,false,134.681,16.800,false
103.000,2,0.000,1.329,186,false,197.766,25.200,false
103.000,3,1.000,2.660,294,false,319.073,36.000,false
103.000,4,4.000,4.815,408,false,454.626,48.000,true
104.000,0,0.000,0.557,76,false,80.043,9.600,false
104.000,1,1.000,1.574,119,false,133.220,16.800,false
104.000,2,1.000,1.230,187,false,197.779,25.200,false
104.000,3,5.000,3.362,299,false,331.094,36.000,true
104.000,4,8.000,5.771,416,false,472.181,48.000,true
105.000,0,0.000,0.390,76,false,78.373,9.600,false
105.000,1,2.000,1.702,121,false,136.497,16.800,false
105.000,2,1.000,1.161,188,false,198.088,25.200,false
105.000,3,1.000,2.653,300,false,325.009,36.000,false
105.000,4,4.000,5.239,420,false,470.870,48.000,true
106.000,0,0.000,0.273,76,false,77.204,9.600,false
106.000,1,3.000,2.091,124,false,143.391,16.800,false
106.000,2,0.000,0.813,188,false,194.605,25.200,false
106.000,3,2.000,2.457,302,false,325.049,36.000,false
106.000,4,2.000,4.268,422,false,463.152,48.000,true
107.000,0,1.000,0.491,77,false,80.386,9.600,false
107.000,1,0.000,1.464,124,false,137.116,16.800,false
107.000,2,1.000,0.869,189,false,196.166,25.200,false
107.000,3,2.000,2.320,304,false,325.677,36.000,false
107.000,4,3.000,3.887,425,false,462.349,48.000,true
108.000,0,0.000,0.344,77,false,78.913,9.600,false
108.000,1,4.000,2.225,127,false,147.724,16.800,false
108.000,2,0.000,0.608,189,false,193.559,25.200,false
108.000,3,5.000,3.124,309,false,338.717,36.000,true
108.000,4,5.000,4.221,430,false,470.687,48.000,true
109.000,0,0.000,0.241,77,false,77.882,9.600,false
109.000,1,1.000,1.857,128,false,145.050,16.800,false
109.000,2,2.000,1.026,191,false,199.734,25.200,false
109.000,3,4.000,3.387,313,false,345.345,36.000,true
109.000,4,2.000,3.555,431,false,465.024,48.000,true
110.000,0,2.000,0.768,78,false,84.160,9.600,false
110.000,1,0.000,1.300,128,false,139.478,16.800,false
110.000,2,3.000,1.618,193,false,207.657,25.200,false
110.000,3,5.000,3.871,318,false,355.184,36.000,true
110.000,4,4.000,3.688,435,false,470.360,48.000,true
111.000,0,1.000,0.838,79,false,85.855,9.600,false
111.000,1,1.000,1.210,129,false,139.577,16.800,false
111.000,2,1.000,1.433,194,false,206.803,25.200,false
111.000,3,4.000,3.910,322,false,359.572,36.000,true
111.000,4,2.000,3.182,437,false,467.295,48.000,true
112.000,0,1.000,0.887,80,false,87.341,9.600,false
112.000,1,0.000,0.847,129,false,135.947,16.800,false
112.000,2,1.000,1.303,195,false,206.505,25.200,false
112.000,3,4.000,3.937,325,false,362.843,36.000,true
112.000,4,5.000,3.727,442,false,477.749,48.000,true
113.000,0,0.000,0.621,80,false,84.682,9.600,false
113.000,1,4.000,1.793,133,false,149.406,16.800,false
113.000,2,1.000,1.212,196,false,206.596,25.200,false
113.000,3,1.000,3.056,326,false,355.033,36.000,true
113.000,4,4.000,3.809,446,false,482.567,48.000,true
114.000,0,1.000,0.734,81,false,86.820,9.600,false
114.000,1,0.000,1.255,132,false,143.027,16.800,false
114.000,2,5.000,2.348,201,false,222.960,25.200,false
114.000,3,4.000,3.339,330,false,361.866,36.000,true
114.000,4,4.000,3.866,450,false,487.140,48.000,true
115.000,0,0.000,0.514,81,false,84.617,9.600,false
115.000,1,3.000,1.779,135,false,151.262,16.800,false
115.000,2,3.000,2.544,204,false,227.915,25.200,false
115.000,3,4.000,3.537,334,false,367.849,36.000,true
115.000,4,3.000,3.606,452,false,486.541,48.000,true
116.000,0,0.000,0.360,81,false,83.075,9.600,false
116.000,1,4.000,2.445,139,false,161.926,16.800,false
116.000,2,1.000,2.081,205,false,224.283,25.200,false
116.000,3,5.000,3.976,338,false,376.237,36.000,true
116.000,4,6.000,4.325,458,false,499.721,48.000,true
117.000,0,1.000,0.552,81,false,84.995,9.600,false
117.000,1,2.000,2.311,140,false,161.591,16.800,false
117.000,2,1.000,1.757,205,false,221.041,25.200,false
117.000,3,2.000,3.383,340,false,372.309,36.000,true
117.000,4,8.000,5.427,466,false,518.748,48.000,true
118.000,0,0.000,0.386,81,false,83.339,9.600,false
118.000,1,2.000,2.218,142,false,162.657,16.800,false
118.000,2,3.000,2.130,208,false,227.772,25.200,false
118.000,3,1.000,2.668,341,false,366.159,36.000,false
118.000,4,4.000,4.999,470,false,518.466,48.000,true
119.000,0,0.000,0.270,81,false,82.180,9.600,false
119.000,1,0.000,1.553,142,false,156.002,16.800,false
119.000,2,1.000,1.791,209,false,225.383,25.200,false
119.000,3,4.000,3.068,345,false,374.154,36.000,true
119.000,4,3.000,4.399,473,false,515.469,48.000,true
120.000,0,3.000,1.089,84,false,93.369,9.600,false
120.000,1,6.000,2.887,148,false,175.345,16.800,false
120.000,2,2.000,1.853,211,false,228.011,25.200,false
120.000,3,6.000,3.947,351,false,388.951,36.000,true
120.000,4,2.000,3.680,475,false,510.271,48.000,true
121.000,0,0.000,0.763,84,false,90.101,9.600,false
121.000,1,0.000,2.021,147,false,165.684,16.800,false
121.000,2,4.000,2.497,215,false,238.451,25.200,false
121.000,3,8.000,5.163,358,false,408.108,36.000,true
121.000,4,4.000,3.776,479,false,515.233,48.000,true
122.000,0,0.000,0.534,83,false,86.814,9.600,false
122.000,1,1.000,1.715,148,false,163.622,16.800,false
122.000,2,3.000,2.648,218,false,242.958,25.200,false
122.000,3,4.000,4.814,362,false,408.619,36.000,true
122.000,4,2.000,3.243,481,false,511.906,48.000,true
123.000,0,0.000,0.374,83,false,85.212,9.600,false
123.000,1,0.000,1.200,148,false,158.478,16.800,false
123.000,2,3.000,2.754,220,false,246.014,25.200,false
123.000,3,3.000,4.270,365,false,406.176,36.000,true
123.000,4,3.000,3.170,483,false,513.177,48.000,true
124.000,0,1.000,0.562,84,false,88.092,9.600,false
124.000,1,2.000,1.440,149,false,161.877,16.800,false
124.000,2,6.000,3.728,226,false,261.752,25.200,true
124.000,3,5.000,4.489,370,false,413.366,36.000,true
124.000,4,4.000,3.419,487,false,519.667,48.000,true
125.000,0,0.000,0.393,84,false,86.407,9.600,false
125.000,1,2.000,1.608,151,false,165.557,16.800,false
125.000,2,2.000,3.209,228,false,258.570,25.200,true
125.000,3,2.000,3.742,372,false,407.899,36.000,true
125.000,4,3.000,3.293,490,false,521.410,48.000,true
126.000,0,2.000,0.875,86,false,93.228,9.600,false
126.000,1,1.000,1.426,152,false,164.733,16.800,false
126.000,2,5.000,3.747,233,false,268.942,25.200,true
126.000,3,4.000,3.820,376,false,412.672,36.000,true
126.000,4,6.000,4.105,496,false,535.530,48.000,true
127.000,0,2.000,1.213,88,false,98.602,9.600,false
127.000,1,2.000,1.598,154,false,168.456,16.800,false
127.000,2,2.000,3.223,235,false,265.702,25.200,true
127.000,3,2.000,3.274,378,false,409.213,36.000,true
127.000,4,3.000,3.774,499,false,535.214,48.000,true
128.000,0,1.000,1.149,88,false,97.964,9.600,false
128.000,1,0.000,1.119,153,false,162.662,16.800,false
128.000,2,3.000,3.156,238,false,268.034,25.200,true
128.000,3,3.000,3.192,381,false,411.392,36.000,true
128.000,4,7.000,4.742,506,false,551.892,48.000,true
129.000,0,1.000,1.104,89,false,98.518,9.600,false
129.000,1,2.000,1.383,155,false,167.306,16.800,false
129.000,2,1.000,2.509,238,false,261.567,25.200,false
129.000,3,3.000,3.134,384,false,413.817,36.000,true
129.000,4,3.000,4.219,508,false,548.667,48.000,true
130.000,0,1.000,1.073,90,false,99.205,9.600,false
130.000,1,2.000,1.568,157,false,171.157,16.800,false
130.000,2,0.000,1.756,238,false,254.040,25.200,false
130.000,3,3.000,3.094,387,false,416.415,36.000,true
130.000,4,4.000,4.153,512,false,552.010,48.000,true
131.000,0,0.000,0.751,90,false,95.987,9.600,false
131.000,1,1.000,1.398,157,false,169.453,16.800,false
131.000,2,2.000,1.829,239,false,255.771,25.200,false
131.000,3,3.000,3.066,389,false,418.133,36.000,true
131.000,4,5.000,4.407,517,false,559.550,48.000,true
132.000,0,0.000,0.526,90,false,93.734,9.600,false
132.000,1,1.000,1.278,158,false,169.260,16.800,false
132.000,2,2.000,1.881,241,false,258.282,25.200,false
132.000,3,4.000,3.346,393,false,424.936,36.000,true
132.000,4,7.000,5.185,524,false,574.328,48.000,true
133.000,0,1.000,0.668,91,false,96.156,9.600,false
133.000,1,7.000,2.995,165,false,193.425,16.800,false
133.000,2,6.000,3.116,247,false,276.640,25.200,true
133.000,3,4.000,3.542,397,false,430.898,36.000,true
133.000,4,2.000,4.230,526,false,566.772,48.000,true
134.000,0,1.000,0.768,92,false,98.152,9.600,false
134.000,1,0.000,2.096,165,false,184.440,16.800,false
134.000,2,0.000,2.181,247,false,267.291,25.200,false
134.000,3,3.000,3.380,399,false,431.272,36.000,true
134.000,4,5.000,4.461,530,false,573.083,48.000,true
135.000,0,0.000,0.537,91,false,94.849,9.600,false
135.000,1,1.000,1.767,166,false,182.151,16.800,false
135.000,2,4.000,2.727,250,false,275.747,25.200,false
135.000,3,2.000,2.966,401,false,429.133,36.000,false
135.000,4,2.000,3.723,532,false,567.701,48.000,true
136.000,0,0.000,0.376,91,false,93.237,9.600,false
136.000,1,1.000,1.537,167,false,180.849,16.800,false
136.000,2,3.000,2.809,253,false,279.566,25.200,false
136.000,3,9.000,4.776,410,false,456.236,36.000,true
136.000,4,6.000,4.406,538,false,580.534,48.000,true
137.000,0,1.000,0.563,92,false,96.109,9.600,false
137.000,1,1.000,1.376,168,false,180.237,16.800,false
137.000,2,4.000,3.166,257,false,287.139,25.200,true
137.000,3,2.000,3.943,412,false,449.908,36.000,true
137.000,4,3.000,3.984,541,false,579.316,48.000,true
138.000,0,1.000,0.694,93,false,98.419,9.600,false
138.000,1,4.000,2.163,172,false,192.109,16.800,false
138.000,2,2.000,2.816,259,false,285.640,25.200,false
138.000,3,8.000,5.160,420,false,470.078,36.000,true
138.000,4,3.000,3.689,544,false,579.364,48.000,true
139.000,0,0.000,0.486,93,false,96.336,9.600,false
139.000,1,3.000,2.414,175,false,197.619,16.800,false
139.000,2,3.000,2.871,262,false,289.191,25.200,false
139.000,3,4.000,4.812,424,false,470.598,36.000,true
139.000,4,1.000,2.882,545,false,572.298,48.000,false
140.000,0,1.000,0.640,94,false,98.878,9.600,false
140.000,1,1.000,1.990,176,false,194.376,16.800,false
140.000,2,1.000,2.310,263,false,284.576,25.200,false
140.000,3,4.000,4.569,428,false,472.161,36.000,true
140.000,4,2.000,2.618,547,false,571.651,48.000,false
141.000,0,0.000,0.448,94,false,96.958,9.600,false
141.000,1,2.000,1.993,178,false,196.406,16.800,false
141.000,2,1.000,1.917,263,false,280.646,25.200,false
141.000,3,4.000,4.398,432,false,474.456,36.000,true
141.000,4,8.000,4.232,554,false,594.799,48.000,true
142.000,0,0.000,0.314,94,false,95.613,9.600,false
142.000,1,1.000,1.695,179,false,194.427,16.800,false
142.000,2,0.000,1.342,263,false,274.895,25.200,false
142.000,3,0.000,3.079,431,false,460.262,36.000,true
142.000,4,5.000,4.463,559,false,602.102,48.000,true
143.000,0,1.000,0.520,94,false,97.672,9.600,false
143.000,1,3.000,2.087,181,false,200.342,16.800,false
143.000,2,1.000,1.239,264,false,274.870,25.200,false
143.000,3,1.000,2.455,432,false,455.026,36.000,false
143.000,4,4.000,4.324,562,false,603.714,48.000,true
144.000,0,2.000,0.964,96,false,104.113,9.600,false
144.000,1,1.000,1.761,182,false,198.082,16.800,false
144.000,2,2.000,1.468,265,false,278.152,25.200,false
144.000,3,6.000,3.518,438,false,471.661,36.000,true
144.000,4,6.000,4.827,568,false,614.743,48.000,true
145.000,0,1.000,0.975,97,false,105.222,9.600,false
145.000,1,2.000,1.832,184,false,200.800,16.800,false
145.000,2,2.000,1.627,267,false,281.749,25.200,false
145.000,3,0.000,2.463,437,false,460.106,36.000,false
145.000,4,10.000,6.379,578,false,640.263,48.000,true
146.000,0,2.000,1.282,99,false,110.298,9.600,false
146.000,1,1.000,1.583,185,false,199.303,16.800,false
146.000,2,2.000,1.739,269,false,284.867,25.200,false
146.000,3,2.000,2.324,439,false,460.717,36.000,false
146.000,4,9.000,7.165,587,false,657.127,48.000,true
147.000,0,0.000,0.898,99,false,106.452,9.600,false
147.000,1,0.000,1.108,185,false,194.555,16.800,false
147.000,2,1.000,1.517,270,false,283.650,25.200,false
147.000,3,2.000,2.227,441,false,461.745,36.000,false
147.000,4,4.000,6.216,591,false,651.632,48.000,true
148.000,0,0.000,0.628,98,false,102.759,9.600,false
148.000,1,1.000,1.076,186,false,195.231,16.800,false
148.000,2,2.000,1.662,272,false,287.098,25.200,false
148.000,3,5.000,3.059,446,false,475.064,36.000,true
148.000,4,2.000,4.951,593,false,640.985,48.000,true
149.000,0,1.000,0.740,99,false,104.874,9.600,false
149.000,1,1.000,1.053,187,false,196.005,16.800,false
149.000,2,3.000,2.064,274,false,293.111,25.200,false
149.000,3,5.000,3.641,450,false,484.888,36.000,true
149.000,4,3.000,4.366,595,false,637.132,48.000,true
150.000,0,2.000,1.118,101,false,110.655,9.600,false
150.000,1,2.000,1.337,188,false,199.846,16.800,false
150.000,2,1.000,1.744,275,false,290.921,25.200,false
150.000,3,4.000,3.749,454,false,489.964,36.000,true
150.000,4,9.000,5.756,604,false,660.036,48.000,true
151.000,0,1.000,1.083,102,false,111.301,9.600,false
151.000,1,3.000,1.836,191,false,207.835,16.800,false
151.000,2,4.000,2.421,279,false,301.687,25.200,false
151.000,3,4.000,3.824,458,false,494.718,36.000,true
151.000,4,3.000,4.929,607,false,654.768,48.000,true
152.000,0,1.000,1.058,103,false,112.054,9.600,false
152.000,1,2.000,1.885,193,false,210.328,16.800,false
152.000,2,5.000,3.195,284,false,314.424,25.200,true
152.000,3,2.000,3.277,460,false,491.245,36.000,true
152.000,4,5.000,4.950,612,false,659.980,48.000,true
153.000,0,3.000,1.640,106,false,120.880,9.600,false
153.000,1,2.000,1.920,195,false,212.672,16.800,false
153.000,2,0.000,2.236,284,false,304.840,25.200,false
153.000,3,3.000,3.194,462,false,492.415,36.000,true
153.000,4,1.000,3.765,613,false,649.129,48.000,true
154.000,0,1.000,1.448,106,false,118.959,9.600,false
154.000,1,1.000,1.644,195,false,209.913,16.800,false
154.000,2,4.000,2.765,288,false,314.131,25.200,false
154.000,3,4.000,3.436,466,false,498.833,36.000,true
154.000,4,4.000,3.836,617,false,653.833,48.000,true
155.000,0,1.000,1.314,107,false,118.614,9.600,false
155.000,1,0.000,1.151,195,false,204.982,16.800,false
155.000,2,0.000,1.936,287,false,304.834,25.200,false
155.000,3,3.000,3.305,469,false,500.526,36.000,true
155.000,4,5.000,4.185,621,false,661.326,48.000,true
156.000,0,1.000,1.220,108,false,118.673,9.600,false
156.000,1,1.000,1.105,195,false,204.530,16.800,false
156.000,2,2.000,1.955,289,false,307.027,25.200,false
156.000,3,3.000,3.213,472,false,502.611,36.000,true
156.000,4,4.000,4.129,625,false,664.771,48.000,true
157.000,0,0.000,0.854,108,false,115.014,9.600,false
157.000,1,2.000,1.374,197,false,209.214,16.800,false
157.000,2,0.000,1.369,289,false,301.162,25.200,false
157.000,3,4.000,3.449,476,false,508.971,36.000,true
157.000,4,4.000,4.091,629,false,668.383,48.000,true
158.000,0,0.000,0.598,107,false,111.453,9.600,false
158.000,1,1.000,1.262,198,false,209.093,16.800,false
158.000,2,3.000,1.858,292,false,309.056,25.200,false
158.000,3,0.000,2.415,476,false,498.622,36.000,false
158.000,4,1.000,3.163,630,false,660.111,48.000,true
159.000,0,3.000,1.318,110,false,121.660,9.600,false
159.000,1,1.000,1.183,199,false,209.308,16.800,false
159.000,2,3.000,2.201,295,false,315.482,25.200,false
159.000,3,4.000,2.890,480,false,507.378,36.000,false
159.000,4,2.000,2.814,632,false,658.620,48.000,false
160.000,0,1.000,1.223,111,false,121.705,9.600,false
160.000,1,3.000,1.728,202,false,217.758,16.800,false
160.000,2,4.000,2.740,299,false,324.880,25.200,false
160.000,3,2.000,2.623,482,false,506.708,36.000,false
160.000,4,5.000,3.470,637,false,670.177,48.000,true
161.000,0,1.000,1.156,112,false,122.036,9.600,false
161.000,1,2.000,1.810,204,false,220.574,16.800,false
161.000,2,2.000,2.518,301,false,324.659,25.200,false
161.000,3,1.000,2.136,482,false,501.838,36.000,false
161.000,4,0.000,2.429,637,false,659.767,48.000,false
162.000,0,0.000,0.809,112,false,118.568,9.600,false
162.000,1,3.000,2.167,206,false,226.144,16.800,false
162.000,2,1.000,2.063,302,false,321.104,25.200,false
162.000,3,2.000,2.095,484,false,503.430,36.000,false
162.000,4,3.000,2.600,640,false,664.480,48.000,false
163.000,0,1.000,0.866,112,false,119.141,9.600,false
163.000,1,0.000,1.517,206,false,219.644,16.800,false
163.000,2,3.000,2.344,304,false,325.916,25.200,false
163.000,3,2.000,2.067,486,false,505.144,36.000,false
163.000,4,7.000,3.920,647,false,684.679,48.000,true
164.000,0,2.000,1.207,114,false,124.541,9.600,false
164.000,1,0.000,1.062,206,false,215.094,16.800,false
164.000,2,2.000,2.241,306,false,326.884,25.200,false
164.000,3,7.000,3.547,493,false,526.943,36.000,true
164.000,4,5.000,4.244,652,false,692.918,48.000,true
165.000,0,0.000,0.845,114,false,120.922,9.600,false
165.000,1,2.000,1.343,208,false,219.908,16.800,false
165.000,2,4.000,2.769,310,false,336.162,25.200,false
165.000,3,8.000,4.883,501,false,548.303,36.000,true
165.000,4,4.000,4.171,656,false,696.185,48.000,true
166.000,0,1.000,0.891,115,false,122.388,9.600,false
166.000,1,0.000,0.940,208,false,215.879,16.800,false
166.000,2,2.000,2.538,311,false,334.856,25.200,false
166.000,3,2.000,4.018,503,false,541.655,36.000,true
166.000,4,2.000,3.520,657,false,690.673,48.000,true
167.000,0,1.000,0.924,116,false,123.715,9.600,false
167.000,1,2.000,1.258,210,false,221.058,16.800,false
167.000,2,2.000,2.377,313,false,335.242,25.200,false
167.000,3,7.000,4.913,510,false,557.601,36.000,true
167.000,4,3.000,3.364,660,false,692.114,48.000,true
168.000,0,2.000,1.247,117,false,127.943,9.600,false
168.000,1,4.000,2.081,213,false,232.283,16.800,false
168.000,2,1.000,1.964,314,false,332.112,25.200,false
168.000,3,5.000,4.939,515,false,562.864,36.000,true
168.000,4,3.000,3.255,663,false,694.022,48.000,true
169.000,0,1.000,1.173,118,false,128.203,9.600,false
169.000,1,1.000,1.757,214,false,230.041,16.800,false
169.000,2,3.000,2.275,317,false,338.221,25.200,false
169.000,3,2.000,4.057,516,false,555.048,36.000,true
169.000,4,3.000,3.178,666,false,696.259,48.000,true
170.000,0,1.000,1.121,119,false,128.685,9.600,false
170.000,1,2.000,1.830,216,false,232.772,16.800,false
170.000,2,1.000,1.892,317,false,334.398,25.200,false
170.000,3,4.000,4.040,520,false,558.876,36.000,true
170.000,4,3.000,3.125,669,false,698.724,48.000,true
171.000,0,0.000,0.785,119,false,125.322,9.600,false
171.000,1,1.000,1.581,217,false,231.283,16.800,false
171.000,2,4.000,2.525,321,false,344.721,25.200,false
171.000,3,3.000,3.728,523,false,558.756,36.000,true
171.000,4,5.000,3.687,673,false,708.350,48.000,true
172.000,0,1.000,0.849,119,false,125.968,9.600,false
172.000,1,0.000,1.106,217,false,226.541,16.800,false
172.000,2,2.000,2.367,323,false,345.148,25.200,false
172.000,3,2.000,3.210,524,false,554.572,36.000,true
172.000,4,4.000,3.781,677,false,713.288,48.000,true
173.000,0,0.000,0.594,119,false,123.421,9.600,false
173.000,1,2.000,1.375,219,false,231.222,16.800,false
173.000,2,2.000,2.257,325,false,346.046,25.200,false
173.000,3,4.000,3.447,528,false,560.943,36.000,true
173.000,4,4.000,3.847,681,false,717.944,48.000,true
174.000,0,1.000,0.716,120,false,125.637,9.600,false
174.000,1,1.000,1.262,219,false,230.098,16.800,false
174.000,2,2.000,2.180,327,false,347.275,25.200,false
174.000,3,4.000,3.613,532,false,566.603,36.000,true
174.000,4,6.000,4.493,687,false,730.404,48.000,true
175.000,0,1.000,0.801,121,false,127.489,9.600,false
175.000,1,2.000,1.484,221,false,234.311,16.800,false
175.000,2,0.000,1.526,327,false,340.736,25.200,false
175.000,3,0.000,2.529,531,false,554.765,36.000,false
175.000,4,4.000,4.345,691,false,732.925,48.000,true
176.000,0,1.000,0.861,122,false,129.085,9.600,false
176.000,1,4.000,2.238,225,false,245.861,16.800,false
176.000,2,2.000,1.668,329,false,344.158,25.200,false
176.000,3,4.000,2.970,535,false,563.178,36.000,false
176.000,4,4.000,4.241,695,false,735.891,48.000,true
177.000,0,1.000,0.903,122,false,129.502,9.600,false
177.000,1,1.000,1.867,226,false,243.145,16.800,false
177.000,2,3.000,2.068,332,false,351.153,25.200,false
177.000,3,4.000,3.279,539,false,570.268,36.000,true
177.000,4,2.000,3.569,697,false,731.166,48.000,true
178.000,0,0.000,0.632,122,false,126.795,9.600,false
178.000,1,1.000,1.607,227,false,241.545,16.800,false
178.000,2,0.000,1.447,332,false,344.950,25.200,false
178.000,3,1.000,2.595,540,false,564.430,36.000,false
178.000,4,0.000,2.498,697,false,720.459,48.000,false
179.000,0,0.000,0.442,122,false,124.899,9.600,false
179.000,1,4.000,2.325,231,false,252.724,16.800,false
179.000,2,1.000,1.313,332,false,343.608,25.200,false
179.000,3,1.000,2.117,541,false,560.644,36.000,false
179.000,4,2.000,2.349,698,false,719.964,48.000,false
180.000,0,0.000,0.310,121,false,122.572,9.600,false
180.000,1,4.000,2.827,235,false,261.750,16.800,false
180.000,2,3.000,1.819,335,false,351.668,25.200,false
180.000,3,1.000,1.782,542,false,558.294,36.000,false
180.000,4,5.000,3.144,703,false,732.918,48.000,true
181.000,0,2.000,0.817,123,false,129.643,9.600,false
181.000,1,2.000,2.579,237,false,261.268,16.800,false
181.000,2,2.000,1.873,337,false,354.211,25.200,false
181.000,3,2.000,1.847,544,false,560.948,36.000,false
181.000,4,3.000,3.101,706,false,735.485,48.000,true
182.000,0,0.000,0.572,123,false,127.193,9.600,false
182.000,1,1.000,2.105,238,false,257.530,16.800,false
182.000,2,4.000,2.511,341,false,364.590,25.200,false
182.000,3,2.000,1.893,546,false,563.407,36.000,false
182.000,4,3.000,3.071,708,false,737.183,48.000,true
183.000,0,0.000,0.400,123,false,125.478,9.600,false
183.000,1,0.000,1.474,238,false,251.214,16.800,false
183.000,2,0.000,1.758,340,false,356.056,25.200,false
183.000,3,4.000,2.525,550,false,573.728,36.000,false
183.000,4,1.000,2.449,709,false,731.971,48.000,false
184.000,0,1.000,0.580,124,false,128.278,9.600,false
184.000,1,2.000,1.632,240,false,254.793,16.800,false
184.000,2,1.000,1.531,341,false,354.782,25.200,false
184.000,3,5.000,3.268,555,false,586.152,36.000,true
184.000,4,6.000,3.515,715,false,748.622,48.000,true
185.000,0,1.000,0.706,125,false,130.537,9.600,false
185.000,1,2.000,1.742,242,false,257.898,16.800,false
185.000,2,4.000,2.271,345,false,366.190,25.200,false
185.000,3,1.000,2.587,556,false,580.349,36.000,false
185.000,4,6.000,4.260,721,false,762.079,48.000,true
186.000,0,0.000,0.494,124,false,127.419,9.600,false
186.000,1,2.000,1.820,243,false,259.671,16.800,false
186.000,2,1.000,1.890,346,false,363.376,25.200,false
186.000,3,1.000,2.111,556,false,575.587,36.000,false
186.000,4,2.000,3.582,722,false,756.298,48.000,true
187.000,0,0.000,0.346,124,false,125.936,9.600,false
187.000,1,2.000,1.874,245,false,262.213,16.800,false
187.000,2,2.000,1.923,348,false,365.706,25.200,false
187.000,3,4.000,2.678,560,false,585.254,36.000,false
187.000,4,5.000,4.008,727,false,765.551,48.000,true
188.000,0,0.000,0.242,124,false,124.898,9.600,false
188.000,1,3.000,2.212,248,false,268.592,16.800,false
188.000,2,2.000,1.946,349,false,366.937,25.200,false
188.000,3,2.000,2.474,561,false,584.221,36.000,false
188.000,4,7.000,4.905,734,false,781.529,48.000,true
189.000,0,2.000,0.770,126,false,132.172,9.600,false
189.000,1,1.000,1.848,249,false,265.957,16.800,false
189.000,2,3.000,2.262,352,false,373.099,25.200,false
189.000,3,2.000,2.332,563,false,584.797,36.000,false
189.000,4,6.000,5.234,740,false,790.813,48.000,true
190.000,0,0.000,0.539,125,false,128.863,9.600,false
190.000,1,2.000,1.894,251,false,268.413,16.800,false
190.000,2,3.000,2.484,355,false,378.312,25.200,false
190.000,3,5.000,3.132,568,false,597.801,36.000,true
190.000,4,2.000,4.264,741,false,782.112,48.000,true
191.000,0,1.000,0.677,126,false,131.247,9.600,false
191.000,1,3.000,2.226,254,false,274.732,16.800,false
191.000,2,1.000,2.039,356,false,374.861,25.200,false
191.000,3,4.000,3.393,572,false,604.404,36.000,true
191.000,4,4.000,4.185,745,false,785.321,48.000,true
192.000,0,3.000,1.374,129,false,141.216,9.600,false
192.000,1,0.000,1.558,253,false,267.055,16.800,false
192.000,2,2.000,2.027,357,false,375.746,25.200,false
192.000,3,7.000,4.475,579,false,622.225,36.000,true
192.000,4,4.000,4.129,749,false,788.768,48.000,true
193.000,0,3.000,1.862,132,false,149.094,9.600,false
193.000,1,0.000,1.091,253,false,262.381,16.800,false
193.000,2,0.000,1.419,357,false,369.665,25.200,false
193.000,3,1.000,3.432,580,false,612.801,36.000,true
193.000,4,3.000,3.790,752,false,788.380,48.000,true
194.000,0,0.000,1.303,132,false,143.509,9.600,false
194.000,1,0.000,0.763,253,false,259.110,16.800,false
194.000,2,4.000,2.193,361,false,381.408,25.200,false
194.000,3,5.000,3.903,585,false,622.503,36.000,true
194.000,4,5.000,4.153,757,false,797.009,48.000,true
195.000,0,0.000,0.912,132,false,139.599,9.600,false
195.000,1,1.000,0.834,254,false,260.820,16.800,false
195.000,2,2.000,2.135,363,false,382.829,25.200,false
195.000,3,1.000,3.032,585,false,613.795,36.000,true
195.000,4,7.000,5.007,764,false,812.549,48.000,true
196.000,0,1.000,0.939,133,false,140.862,9.600,false
196.000,1,1.000,0.884,255,false,262.317,16.800,false
196.000,2,7.000,3.595,370,false,404.423,25.200,true
196.000,3,4.000,3.322,589,false,620.699,36.000,true
196.000,4,5.000,5.005,769,false,817.527,48.000,true
197.000,0,0.000,0.657,133,false,138.046,9.600,false
197.000,1,1.000,0.919,255,false,262.665,16.800,false
197.000,2,1.000,2.816,371,false,397.639,25.200,false
197.000,3,2.000,2.926,591,false,618.732,36.000,false
197.000,4,9.000,6.204,777,false,837.512,48.000,true
198.000,0,1.000,0.760,133,false,139.075,9.600,false
198.000,1,2.000,1.243,257,false,267.908,16.800,false
198.000,2,1.000,2.271,371,false,392.190,25.200,false
198.000,3,3.000,2.948,593,false,620.956,36.000,false
198.000,4,6.000,6.143,783,false,842.901,48.000,true
199.000,0,1.000,0.832,134,false,140.796,9.600,false
199.000,1,2.000,1.470,259,false,272.178,16.800,false
199.000,2,2.000,2.190,373,false,393.376,25.200,false
199.000,3,2.000,2.664,595,false,620.112,36.000,false
199.000,4,3.000,5.200,785,false,835.474,48.000,true
200.000,0,0.000,0.582,134,false,138.300,9.600,false
200.000,1,0.000,1.029,259,false,267.768,16.800,false
200.000,2,0.000,1.533,373,false,386.806,25.200,false
200.000,3,4.000,3.064,599,false,628.121,36.000,true
200.000,4,3.000,4.540,788,false,831.874,48.000,true
201.000,0,0.000,0.408,134,false,136.553,9.600,false
201.000,1,0.000,0.720,259,false,264.680,16.800,false
201.000,2,0.000,1.073,373,false,382.207,25.200,false
201.000,3,1.000,2.445,600,false,622.928,36.000,false
201.000,4,2.000,3.778,790,false,826.255,48.000,true
202.000,0,1.000,0.585,135,false,139.330,9.600,false
202.000,1,1.000,0.804,260,false,266.519,16.800,false
202.000,2,2.000,1.351,375,false,386.988,25.200,false
202.000,3,1.000,2.012,600,false,618.592,36.000,false
202.000,4,4.000,3.845,794,false,830.921,48.000,true
203.000,0,0.000,0.410,134,false,136.574,9.600,false
203.000,1,2.000,1.163,262,false,272.106,16.800,false
203.000,2,2.000,1.546,377,false,390.934,25.200,false
203.000,3,1.000,1.708,601,false,616.557,36.000,false
203.000,4,4.000,3.891,798,false,835.388,48.000,true
204.000,0,0.000,0.287,134,false,135.344,9.600,false
204.000,1,0.000,0.814,262,false,268.617,16.800,false
204.000,2,2.000,1.682,379,false,394.297,25.200,false
204.000,3,5.000,2.696,606,false,631.433,36.000,false
204.000,4,6.000,4.524,803,false,846.714,48.000,true
205.000,0,0.000,0.201,134,false,134.484,9.600,false
205.000,1,3.000,1.470,265,false,278.175,16.800,false
205.000,2,2.000,1.777,380,false,396.251,25.200,false
205.000,3,6.000,3.687,612,false,647.346,36.000,true
205.000,4,5.000,4.667,808,false,853.143,48.000,true
206.000,0,1.000,0.441,135,false,137.882,9.600,false
206.000,1,0.000,1.029,265,false,273.765,16.800,false
206.000,2,5.000,2.744,385,false,410.918,25.200,false
206.000,3,1.000,2.881,613,false,640.285,36.000,false
206.000,4,2.000,3.867,810,false,847.143,48.000,true
207.000,0,2.000,0.908,137,false,144.560,9.600,false
207.000,1,2.000,1.320,267,false,278.679,16.800,false
207.000,2,4.000,3.121,389,false,418.686,25.200,true
207.000,3,1.000,2.317,614,false,635.642,36.000,false
207.000,4,2.000,3.307,812,false,843.543,48.000,true
208.000,0,0.000,0.636,137,false,141.835,9.600,false
208.000,1,0.000,0.924,266,false,273.718,16.800,false
208.000,2,3.000,3.085,392,false,421.323,25.200,true
208.000,3,1.000,1.922,615,false,632.693,36.000,false
208.000,4,4.000,3.515,816,false,849.623,48.000,true
209.000,0,0.000,0.445,137,false,139.927,9.600,false
209.000,1,0.000,0.647,266,false,270.945,16.800,false
209.000,2,4.000,3.359,396,false,428.069,25.200,true
209.000,3,3.000,2.245,618,false,638.928,36.000,false
209.000,4,5.000,3.960,821,false,859.079,48.000,true
210.000,0,1.000,0.612,138,false,142.592,9.600,false
210.000,1,2.000,1.053,268,false,277.005,16.800,false
210.000,2,2.000,2.951,398,false,425.991,25.200,false
210.000,3,1.000,1.872,618,false,635.192,36.000,false
210.000,4,4.000,3.972,824,false,862.198,48.000,true
211.000,0,4.000,1.628,142,false,156.757,9.600,false
211.000,1,2.000,1.337,270,false,281.846,16.800,false
211.000,2,2.000,2.666,400,false,425.137,25.200,false
211.000,3,5.000,2.810,623,false,649.577,36.000,false
211.000,4,9.000,5.481,833,false,886.281,48.000,true
212.000,0,2.000,1.740,144,false,159.873,9.600,false
212.000,1,1.000,1.236,271,false,281.835,16.800,false
212.000,2,2.000,2.466,401,false,424.138,25.200,false
212.000,3,2.000,2.567,624,false,648.147,36.000,false
212.000,4,10.000,6.836,843,false,909.840,48.000,true
213.000,0,0.000,1.218,144,false,154.654,9.600,false
213.000,1,1.000,1.165,272,false,282.127,16.800,false
213.000,2,2.000,2.326,403,false,424.740,25.200,false
213.000,3,1.000,2.097,625,false,644.446,36.000,false
213.000,4,1.000,5.085,844,false,893.331,48.000,true
214.000,0,2.000,1.452,146,false,159.001,9.600,false
214.000,1,0.000,0.816,272,false,278.632,16.800,false
214.000,2,4.000,2.828,407,false,433.761,25.200,false
214.000,3,1.000,1.768,626,false,642.155,36.000,false
214.000,4,4.000,4.760,848,false,894.074,48.000,true
215.000,0,0.000,1.017,145,false,153.643,9.600,false
215.000,1,1.000,0.871,273,false,280.185,16.800,false
215.000,2,4.000,3.180,411,false,441.275,25.200,true
215.000,3,9.000,3.938,635,false,672.851,36.000,true
215.000,4,4.000,4.532,851,false,894.795,48.000,true
216.000,0,1.000,1.012,146,false,154.593,9.600,false
216.000,1,4.000,1.810,277,false,293.573,16.800,false
216.000,2,2.000,2.826,413,false,439.736,25.200,false
216.000,3,5.000,4.256,640,false,681.039,36.000,true
216.000,4,9.000,5.872,860,false,917.199,48.000,true
217.000,0,2.000,1.308,148,false,159.558,9.600,false
217.000,1,0.000,1.267,277,false,288.144,16.800,false
217.000,2,1.000,2.278,414,false,435.258,25.200,false
217.000,3,4.000,4.179,644,false,684.270,36.000,true
217.000,4,6.000,5.911,866,false,923.582,48.000,true
218.000,0,2.000,1.516,150,false,163.633,9.600,false
218.000,1,1.000,1.187,278,false,288.343,16.800,false
218.000,2,1.000,1.895,415,false,432.423,25.200,false
218.000,3,0.000,2.926,643,false,670.732,36.000,false
218.000,4,2.000,4.737,868,false,913.851,48.000,true
219.000,0,3.000,1.961,153,false,171.086,9.600,false
219.000,1,1.000,1.131,279,false,288.783,16.800,false
219.000,2,5.000,2.826,419,false,445.739,25.200,false
219.000,3,2.000,2.648,645,false,669.955,36.000,false
219.000,4,5.000,4.816,873,false,919.638,48.000,true
220.000,0,2.000,1.973,154,false,172.203,9.600,false
220.000,1,0.000,0.791,278,false,284.391,16.800,false
220.000,2,3.000,2.878,422,false,449.260,25.200,false
220.000,3,4.000,3.054,649,false,678.011,36.000,true
220.000,4,4.000,4.571,877,false,921.190,48.000,true
221.000,0,0.000,1.381,154,false,166.285,9.600,false
221.000,1,2.000,1.154,280,false,290.017,16.800,false
221.000,2,2.000,2.615,424,false,448.625,25.200,false
221.000,3,2.000,2.737,651,false,676.851,36.000,false
221.000,4,2.000,3.800,878,false,914.476,48.000,true
222.000,0,2.000,1.567,155,false,169.142,9.600,false
222.000,1,1.000,1.108,281,false,290.555,16.800,false
222.000,2,3.000,2.730,427,false,452.780,25.200,false
222.000,3,4.000,3.116,655,false,684.638,36.000,true
222.000,4,4.000,3.860,882,false,919.076,48.000,true
223.000,0,0.000,1.097,155,false,164.443,9.600,false
223.000,1,1.000,1.075,282,false,291.231,16.800,false
223.000,2,2.000,2.511,429,false,452.589,25.200,false
223.000,3,2.000,2.781,656,false,682.290,36.000,false
223.000,4,2.000,3.302,884,false,915.496,48.000,true
224.000,0,0.000,0.768,155,false,161.153,9.600,false
224.000,1,1.000,1.053,283,false,292.005,16.800,false
224.000,2,3.000,2.658,432,false,457.055,25.200,false
224.000,3,3.000,2.847,659,false,685.946,36.000,false
224.000,4,0.000,2.311,884,false,905.590,48.000,false
225.000,0,0.000,0.537,155,false,158.850,9.600,false
225.000,1,0.000,0.737,283,false,288.846,16.800,false
225.000,2,1.000,2.161,432,false,452.082,25.200,false
225.000,3,5.000,3.493,664,false,697.405,36.000,true
225.000,4,3.000,2.518,887,false,910.656,48.000,false
226.000,0,3.000,1.276,157,false,168.238,9.600,false
226.000,1,0.000,0.516,282,false,285.635,16.800,false
226.000,2,3.000,2.412,435,false,457.600,25.200,false
226.000,3,1.000,2.745,665,false,690.926,36.000,false
226.000,4,4.000,2.963,891,false,919.102,48.000,false
227.000,0,0.000,0.893,157,false,164.409,9.600,false
227.000,1,0.000,0.361,282,false,284.087,16.800,false
227.000,2,0.000,1.689,434,false,449.363,25.200,false
227.000,3,2.000,2.522,667,false,690.691,36.000,false
227.000,4,2.000,2.674,893,false,918.214,48.000,false
228.000,0,0.000,0.625,157,false,161.729,9.600,false
228.000,1,3.000,1.153,285,false,295.004,16.800,false
228.000,2,1.000,1.482,435,false,448.297,25.200,false
228.000,3,4.000,2.965,671,false,699.127,36.000,false
228.000,4,2.000,2.472,894,false,917.193,48.000,false
229.000,0,0.000,0.438,157,false,159.853,9.600,false
229.000,1,0.000,0.807,285,false,291.546,16.800,false
229.000,2,6.000,2.837,441,false,467.851,25.200,false
229.000,3,2.000,2.676,672,false,697.232,36.000,false
229.000,4,4.000,2.930,898,false,925.778,48.000,false
230.000,0,0.000,0.306,157,false,158.540,9.600,false
230.000,1,3.000,1.465,288,false,301.125,16.800,false
230.000,2,1.000,2.286,442,false,463.338,25.200,false
230.000,3,5.000,3.373,677,false,709.205,36.000,true
230.000,4,0.000,2.051,898,false,916.987,48.000,false
231.000,0,0.000,0.214,157,false,157.621,9.600,false
231.000,1,1.000,1.325,289,false,300.730,16.800,false
231.000,2,2.000,2.200,443,false,463.480,25.200,false
231.000,3,1.000,2.661,678,false,703.086,36.000,false
231.000,4,2.000,2.036,900,false,918.834,48.000,false
232.000,0,1.000,0.450,157,false,159.978,9.600,false
232.000,1,0.000,0.928,289,false,296.754,16.800,false
232.000,2,0.000,1.540,443,false,456.879,25.200,false
232.000,3,1.000,2.163,678,false,698.103,36.000,false
232.000,4,8.000,3.825,908,false,944.727,48.000,true
233.000,0,0.000,0.315,157,false,158.627,9.600,false
233.000,1,1.000,0.949,289,false,296.971,16.800,false
233.000,2,4.000,2.278,447,false,468.258,25.200,false
233.000,3,0.000,1.514,678,false,691.615,36.000,false
233.000,4,2.000,3.278,910,false,941.252,48.000,true
234.000,0,0.000,0.221,157,false,157.682,9.600,false
234.000,1,0.000,0.665,289,false,294.122,16.800,false
234.000,2,1.000,1.895,448,false,465.423,25.200,false
234.000,3,5.000,2.560,683,false,707.073,36.000,false
234.000,4,3.000,3.194,913,false,943.419,48.000,true
235.000,0,1.000,0.454,158,false,161.020,9.600,false
235.000,1,0.000,0.465,289,false,292.128,16.800,false
235.000,2,2.000,1.926,449,false,466.739,25.200,false
235.000,3,3.000,2.692,686,false,711.394,36.000,false
235.000,4,5.000,3.736,918,false,953.836,48.000,true
236.000,0,0.000,0.318,158,false,159.657,9.600,false
236.000,1,1.000,0.626,290,false,294.733,16.800,false
236.000,2,4.000,2.548,453,false,476.960,25.200,false
236.000,3,1.000,2.184,687,false,707.319,36.000,false
236.000,4,4.000,3.815,921,false,957.628,48.000,true
237.000,0,1.000,0.523,158,false,161.703,9.600,false
237.000,1,1.000,0.738,291,false,296.856,16.800,false
237.000,2,2.000,2.384,455,false,477.315,25.200,false
237.000,3,5.000,3.029,692,false,720.766,36.000,true
237.000,4,5.000,4.171,926,false,966.183,48.000,true
238.000,0,1.000,0.666,159,false,164.135,9.600,false
238.000,1,2.000,1.117,293,false,302.642,16.800,false
238.000,2,2.000,2.269,457,false,478.163,25.200,false
238.000,3,5.000,3.620,697,false,731.679,36.000,true
238.000,4,0.000,2.919,926,false,953.671,48.000,false
239.000,0,0.000,0.466,159,false,162.137,9.600,false
239.000,1,0.000,0.782,292,false,298.292,16.800,false
239.000,2,5.000,3.088,462,false,491.357,25.200,true
239.000,3,4.000,3.734,701,false,736.818,36.000,true
239.000,4,10.000,5.044,936,false,984.912,48.000,true
240.000,0,0.000,0.326,159,false,160.739,9.600,false
240.000,1,3.000,1.447,295,false,307.947,16.800,false
240.000,2,2.000,2.762,463,false,489.093,25.200,false
240.000,3,1.000,2.914,702,false,729.616,36.000,false
240.000,4,4.000,4.731,940,false,985.781,48.000,true
241.000,0,2.000,0.828,160,false,166.760,9.600,false
241.000,1,3.000,1.913,298,false,315.606,16.800,false
241.000,2,3.000,2.833,466,false,492.808,25.200,false
241.000,3,1.000,2.340,703,false,724.874,36.000,false
241.000,4,3.000,4.211,942,false,982.590,48.000,true
242.000,0,0.000,0.580,160,false,164.275,9.600,false
242.000,1,0.000,1.339,298,false,309.867,16.800,false
242.000,2,1.000,2.283,467,false,488.308,25.200,false
242.000,3,3.000,2.538,706,false,729.855,36.000,false
242.000,4,5.000,4.448,947,false,989.956,48.000,true
243.000,0,4.000,1.606,164,false,178.535,9.600,false
243.000,1,0.000,0.937,298,false,305.850,16.800,false
243.000,2,1.000,1.898,468,false,485.459,25.200,false
243.000,3,3.000,2.676,709,false,734.241,36.000,false
243.000,4,4.000,4.314,951,false,992.612,48.000,true
244.000,0,1.000,1.424,165,false,177.718,9.600,false
244.000,1,0.000,0.656,298,false,303.038,16.800,false
244.000,2,3.000,2.229,471,false,491.764,25.200,false
244.000,3,4.000,3.074,713,false,742.212,36.000,true
244.000,4,8.000,5.419,959,false,1011.671,48.000,true
245.000,0,0.000,0.997,165,false,173.445,9.600,false
245.000,1,1.000,0.759,299,false,305.069,16.800,false
245.000,2,3.000,2.460,474,false,497.078,25.200,false
245.000,3,5.000,3.651,718,false,752.991,36.000,true
245.000,4,4.000,4.994,963,false,1011.413,48.000,true
246.000,0,2.000,1.298,167,false,178.454,9.600,false
246.000,1,0.000,0.532,299,false,302.791,16.800,false
246.000,2,4.000,2.922,477,false,504.697,25.200,false
246.000,3,5.000,4.056,722,false,761.037,36.000,true
246.000,4,5.000,4.996,968,false,1016.432,48.000,true
247.000,0,2.000,1.508,168,false,181.561,9.600,false
247.000,1,2.000,0.972,300,false,308.197,16.800,false
247.000,2,3.000,2.945,480,false,507.931,25.200,false
247.000,3,3.000,3.739,725,false,760.868,36.000,true
247.000,4,4.000,4.697,972,false,1017.445,48.000,true
248.000,0,1.000,1.356,169,false,181.036,9.600,false
248.000,1,1.000,0.980,301,false,309.281,16.800,false
248.000,2,1.000,2.362,481,false,503.094,25.200,false
248.000,3,3.000,3.517,728,false,761.651,36.000,true
248.000,4,2.000,3.888,974,false,1011.354,48.000,true
249.000,0,0.000,0.949,169,false,176.968,9.600,false
249.000,1,1.000,0.986,302,false,310.339,16.800,false
249.000,2,3.000,2.553,484,false,508.009,25.200,false
249.000,3,2.000,3.062,729,false,758.098,36.000,true
249.000,4,5.000,4.221,979,false,1019.691,48.000,true
250.000,0,0.000,0.664,169,false,174.120,9.600,false
250.000,1,1.000,0.990,302,false,310.380,16.800,false
250.000,2,1.000,2.087,484,false,503.349,25.200,false
250.000,3,3.000,3.044,732,false,760.912,36.000,true
250.000,4,3.000,3.855,982,false,1019.027,48.000,true
251.000,0,1.000,0.765,170,false,176.127,9.600,false
251.000,1,1.000,0.993,303,false,311.409,16.800,false
251.000,2,2.000,2.061,486,false,505.087,25.200,false
251.000,3,3.000,3.030,735,false,763.781,36.000,true
251.000,4,1.000,2.999,983,false,1011.461,48.000,false
252.000,0,1.000,0.836,171,false,177.832,9.600,false
252.000,1,0.000,0.695,302,false,307.429,16.800,false
252.000,2,3.000,2.343,489,false,510.904,25.200,false
252.000,3,2.000,2.721,737,false,762.690,36.000,false
252.000,4,5.000,3.599,988,false,1022.466,48.000,true
253.000,0,0.000,0.585,171,false,175.325,9.600,false
253.000,1,1.000,0.787,303,false,309.343,16.800,false
253.000,2,2.000,2.240,491,false,511.876,25.200,false
253.000,3,2.000,2.505,739,false,762.526,36.000,false
253.000,4,3.000,3.419,991,false,1023.669,48.000,true
254.000,0,1.000,0.709,172,false,177.570,9.600,false
254.000,1,0.000,0.551,303,false,306.983,16.800,false
254.000,2,3.000,2.468,494,false,517.156,25.200,false
254.000,3,3.000,2.653,742,false,767.011,36.000,false
254.000,4,2.000,2.993,993,false,1021.411,48.000,false
255.000,0,1.000,0.797,173,false,179.442,9.600,false
255.000,1,0.000,0.385,303,false,305.331,16.800,false
255.000,2,0.000,1.728,494,false,509.752,25.200,false
255.000,3,1.000,2.157,742,false,762.050,36.000,false
255.000,4,4.000,3.295,997,false,1028.431,48.000,true
256.000,0,0.000,0.558,173,false,177.052,9.600,false
256.000,1,2.000,0.870,305,false,312.175,16.800,false
256.000,2,1.000,1.509,495,false,508.569,25.200,false
256.000,3,3.000,2.410,745,false,767.578,36.000,false
256.000,4,1.000,2.607,997,false,1021.544,48.000,false
257.000,0,0.000,0.390,173,false,175.380,9.600,false
257.000,1,2.000,1.209,307,false,317.565,16.800,false
257.000,2,1.000,1.357,496,false,508.041,25.200,false
257.000,3,2.000,2.287,747,false,768.348,36.000,false
257.000,4,6.000,3.625,1003,false,1037.724,48.000,true
258.000,0,1.000,0.573,174,false,178.209,9.600,false
258.000,1,0.000,0.846,307,false,313.938,16.800,false
258.000,2,4.000,2.150,500,false,519.972,25.200,false
258.000,3,1.000,1.901,748,false,765.486,36.000,false
258.000,4,6.000,4.337,1009,false,1050.850,48.000,true
259.000,0,0.000,0.401,174,false,176.489,9.600,false
259.000,1,3.000,1.492,310,false,323.400,16.800,false
259.000,2,3.000,2.405,503,false,525.523,25.200,false
259.000,3,3.000,2.231,751,false,771.783,36.000,false
259.000,4,8.000,5.436,1017,false,1069.838,48.000,true
260.000,0,0.000,0.281,173,false,174.285,9.600,false
260.000,1,1.000,1.345,311,false,322.923,16.800,false
260.000,2,2.000,2.283,504,false,525.309,25.200,false
260.000,3,2.000,2.161,753,false,773.091,36.000,false
260.000,4,5.000,5.305,1021,false,1072.529,48.000,true
261.000,0,2.000,0.797,175,false,181.442,9.600,false
261.000,1,2.000,1.541,313,false,326.889,16.800,false
261.000,2,4.000,2.798,508,false,534.459,25.200,false
261.000,3,1.000,1.813,754,false,770.607,36.000,false
261.000,4,16.000,8.514,1037,false,1120.613,48.000,true
262.000,0,0.000,0.558,175,false,179.053,9.600,false
262.000,1,3.000,1.979,316,false,334.265,16.800,false
262.000,2,2.000,2.559,510,false,534.064,25.200,false
262.000,3,1.000,1.569,755,false,769.167,36.000,false
262.000,4,6.000,7.760,1043,false,1119.072,48.000,true
263.000,0,1.000,0.690,176,false,181.380,9.600,false
263.000,1,1.000,1.685,317,false,332.328,16.800,false
263.000,2,2.000,2.391,512,false,534.388,25.200,false
263.000,3,3.000,1.998,758,false,776.460,36.000,false
263.000,4,2.000,6.032,1045,false,1103.793,48.000,true
264.000,0,1.000,0.783,177,false,183.309,9.600,false
264.000,1,3.000,2.080,320,false,339.273,16.800,false
264.000,2,1.000,1.974,513,false,531.214,25.200,false
264.000,3,2.000,1.999,760,false,778.465,36.000,false
264.000,4,4.000,5.422,1049,false,1101.698,48.000,true
265.000,0,3.000,1.448,180,false,192.959,9.600,false
265.000,1,0.000,1.456,320,false,333.034,16.800,false
265.000,2,5.000,2.882,518,false,545.293,25.200,false
265.000,3,4.000,2.599,764,false,788.468,36.000,false
265.000,4,6.000,5.596,1054,false,1108.432,48.000,true
266.000,0,0.000,1.014,180,false,188.614,9.600,false
266.000,1,0.000,1.019,320,false,328.666,16.800,false
266.000,2,0.000,2.017,518,false,536.648,25.200,false
266.000,3,7.000,3.919,771,false,808.671,36.000,true
266.000,4,3.000,4.817,1057,false,1103.645,48.000,true
267.000,0,1.000,1.010,181,false,189.573,9.600,false
267.000,1,2.000,1.313,321,false,332.609,16.800,false
267.000,2,1.000,1.712,518,false,533.596,25.200,false
267.000,3,6.000,4.544,777,false,820.912,36.000,true
267.000,4,5.000,4.872,1062,false,1109.194,48.000,true
268.000,0,0.000,0.707,181,false,186.544,9.600,false
268.000,1,0.000,0.919,321,false,328.669,16.800,false
268.000,2,0.000,1.198,518,false,528.460,25.200,false
268.000,3,6.000,4.981,783,false,831.281,36.000,true
268.000,4,1.000,3.710,1063,false,1098.579,48.000,true
269.000,0,0.000,0.495,181,false,184.423,9.600,false
269.000,1,3.000,1.544,324,false,337.911,16.800,false
269.000,2,2.000,1.439,520,false,532.865,25.200,false
269.000,3,2.000,4.086,785,false,824.340,36.000,true
269.000,4,7.000,4.697,1069,false,1114.448,48.000,true
270.000,0,0.000,0.346,181,false,182.939,9.600,false
270.000,1,2.000,1.680,326,false,341.281,16.800,false
270.000,2,3.000,1.907,523,false,540.548,25.200,false
270.000,3,1.000,3.160,785,false,815.081,36.000,true
270.000,4,4.000,4.488,1073,false,1116.357,48.000,true
271.000,0,2.000,0.842,182,false,188.900,9.600,false
271.000,1,2.000,1.776,328,false,344.239,16.800,false
271.000,2,1.000,1.635,524,false,538.827,25.200,false
271.000,3,3.000,3.112,788,false,817.599,36.000,true
271.000,4,3.000,4.042,1075,false,1113.892,48.000,true
272.000,0,1.000,0.890,183,false,190.373,9.600,false
272.000,1,2.000,1.843,330,false,346.910,16.800,false
272.000,2,5.000,2.645,529,false,553.922,25.200,false
272.000,3,2.000,2.779,790,false,816.262,36.000,false
272.000,4,5.000,4.329,1080,false,1121.768,48.000,true
273.000,0,3.000,1.523,186,false,199.704,9.600,false
273.000,1,1.000,1.590,331,false,345.380,16.800,false
273.000,2,3.000,2.751,531,false,556.988,25.200,false
273.000,3,1.000,2.245,791,false,811.927,36.000,false
273.000,4,8.000,5.430,1088,false,1140.780,48.000,true
274.000,0,2.000,1.666,188,false,203.136,9.600,false
274.000,1,2.000,1.713,332,false,347.609,16.800,false
274.000,2,5.000,3.426,536,false,568.734,25.200,true
274.000,3,2.000,2.172,793,false,813.191,36.000,false
274.000,4,3.000,4.701,1091,false,1136.489,48.000,true
275.000,0,2.000,1.766,190,false,206.138,9.600,false
275.000,1,1.000,1.499,333,false,346.469,16.800,false
275.000,2,0.000,2.398,536,false,558.457,25.200,false
275.000,3,3.000,2.420,796,false,818.677,36.000,false
275.000,4,3.000,4.191,1093,false,1133.385,48.000,true
276.000,0,0.000,1.236,189,false,199.839,9.600,false
276.000,1,0.000,1.050,333,false,341.971,16.800,false
276.000,2,3.000,2.579,539,false,563.263,25.200,false
276.000,3,2.000,2.294,797,false,818.417,36.000,false
276.000,4,3.000,3.834,1096,false,1132.812,48.000,true
277.000,0,0.000,0.865,189,false,196.130,9.600,false
277.000,1,2.000,1.335,335,false,346.823,16.800,false
277.000,2,3.000,2.705,542,false,567.527,25.200,false
277.000,3,6.000,3.406,803,false,835.535,36.000,true
277.000,4,8.000,5.084,1103,false,1152.312,48.000,true
278.000,0,1.000,0.906,190,false,197.534,9.600,false
278.000,1,0.000,0.934,335,false,342.819,16.800,false
278.000,2,1.000,2.194,542,false,562.412,25.200,false
278.000,3,4.000,3.584,807,false,841.317,36.000,true
278.000,4,5.000,5.058,1108,false,1157.061,48.000,true
279.000,0,0.000,0.634,190,false,194.817,9.600,false
279.000,1,4.000,1.854,339,false,356.016,16.800,false
279.000,2,1.000,1.835,543,false,559.831,25.200,false
279.000,3,4.000,3.709,811,false,846.565,36.000,true
279.000,4,5.000,5.041,1113,false,1161.886,48.000,true
280.000,0,1.000,0.744,191,false,196.915,9.600,false
280.000,1,1.000,1.598,340,false,354.454,16.800,false
280.000,2,5.000,2.785,548,false,574.325,25.200,false
280.000,3,1.000,2.896,812,false,839.438,36.000,false
280.000,4,2.000,4.129,1115,false,1154.763,48.000,true
281.000,0,1.000,0.821,192,false,198.683,9.600,false
281.000,1,2.000,1.718,342,false,357.661,16.800,false
281.000,2,3.000,2.849,551,false,577.970,25.200,false
281.000,3,5.000,3.527,817,false,850.750,36.000,true
281.000,4,6.000,4.690,1121,false,1166.377,48.000,true
282.000,0,3.000,1.474,195,false,208.221,9.600,false
282.000,1,3.000,2.103,345,false,364.505,16.800,false
282.000,2,1.000,2.295,552,false,573.422,25.200,false
282.000,3,2.000,3.069,819,false,848.168,36.000,true
282.000,4,2.000,3.883,1123,false,1160.307,48.000,true
283.000,0,1.000,1.332,195,false,206.798,9.600,false
283.000,1,0.000,1.472,345,false,358.197,16.800,false
283.000,2,1.000,1.906,553,false,570.538,25.200,false
283.000,3,4.000,3.348,823,false,854.960,36.000,true
283.000,4,4.000,3.918,1127,false,1164.657,48.000,true
284.000,0,0.000,0.932,195,false,202.801,9.600,false
284.000,1,2.000,1.630,347,false,361.780,16.800,false
284.000,2,0.000,1.334,553,false,564.820,25.200,false
284.000,3,8.000,4.744,830,false,875.915,36.000,true
284.000,4,4.000,3.943,1130,false,1167.903,48.000,true
285.000,0,1.000,0.953,195,false,203.004,9.600,false
285.000,1,1.000,1.441,348,false,360.889,16.800,false
285.000,2,1.000,1.234,553,false,563.817,25.200,false
285.000,3,3.000,4.221,833,false,873.683,36.000,true
285.000,4,3.000,3.660,1133,false,1168.075,48.000,true
286.000,0,2.000,1.267,197,false,208.145,9.600,false
286.000,1,3.000,1.909,351,false,368.565,16.800,false
286.000,2,2.000,1.464,555,false,568.114,25.200,false
286.000,3,3.000,3.855,836,false,873.021,36.000,true
286.000,4,2.000,3.162,1135,false,1165.095,48.000,true
287.000,0,1.000,1.187,198,false,208.345,9.600,false
287.000,1,3.000,2.236,354,false,374.839,16.800,false
287.000,2,2.000,1.625,557,false,571.723,25.200,false
287.000,3,4.000,3.898,840,false,877.458,36.000,true
287.000,4,0.000,2.213,1135,false,1155.610,48.000,false
288.000,0,1.000,1.131,199,false,208.784,9.600,false
288.000,1,1.000,1.865,355,false,372.130,16.800,false
288.000,2,4.000,2.337,561,false,582.849,25.200,false
288.000,3,7.000,4.829,846,false,892.763,36.000,true
288.000,4,6.000,3.349,1141,false,1172.970,48.000,true
289.000,0,1.000,1.092,200,false,209.392,9.600,false
289.000,1,1.000,1.606,355,false,369.534,16.800,false
289.000,2,0.000,1.636,560,false,574.837,25.200,false
289.000,3,3.000,4.280,849,false,890.277,36.000,true
289.000,4,6.000,4.145,1147,false,1186.922,48.000,true
290.000,0,1.000,1.064,201,false,210.117,9.600,false
290.000,1,0.000,1.124,355,false,364.716,16.800,false
290.000,2,3.000,2.045,563,false,581.929,25.200,false
290.000,3,2.000,3.596,851,false,885.437,36.000,true
290.000,4,2.000,3.501,1149,false,1182.488,48.000,true
291.000,0,2.000,1.345,203,false,214.925,9.600,false
291.000,1,1.000,1.087,356,false,365.344,16.800,false
291.000,2,1.000,1.732,564,false,579.793,25.200,false
291.000,3,7.000,4.617,858,false,902.649,36.000,true
291.000,4,3.000,3.351,1151,false,1182.984,48.000,true
292.000,0,2.000,1.541,204,false,217.890,9.600,false
292.000,1,1.000,1.061,356,false,365.084,16.800,false
292.000,2,1.000,1.512,564,false,577.598,25.200,false
292.000,3,4.000,4.432,861,false,903.797,36.000,true
292.000,4,4.000,3.546,1155,false,1188.932,48.000,true
293.000,0,0.000,1.079,204,false,213.266,9.600,false
293.000,1,3.000,1.643,359,false,373.902,16.800,false
293.000,2,1.000,1.359,565,false,577.061,25.200,false
293.000,3,3.000,4.002,864,false,902.501,36.000,true
293.000,4,3.000,3.382,1158,false,1190.295,48.000,true
294.000,0,0.000,0.755,204,false,210.029,9.600,false
294.000,1,1.000,1.450,360,false,372.974,16.800,false
294.000,2,0.000,0.951,565,false,572.986,25.200,false
294.000,3,2.000,3.402,865,false,897.493,36.000,true
294.000,4,3.000,3.267,1161,false,1192.150,48.000,true
295.000,0,1.000,0.829,205,false,211.763,9.600,false
295.000,1,1.000,1.315,361,false,372.625,16.800,false
295.000,2,0.000,0.666,565,false,570.133,25.200,false
295.000,3,4.000,3.581,869,false,903.288,36.000,true
295.000,4,5.000,3.787,1166,false,1202.348,48.000,true
296.000,0,2.000,1.180,206,false,216.277,9.600,false
296.000,1,1.000,1.220,362,false,372.680,16.800,false
296.000,2,2.000,1.066,567,false,576.136,25.200,false
296.000,3,2.000,3.107,871,false,900.545,36.000,true
296.000,4,8.000,5.051,1174,false,1222.986,48.000,true
297.000,0,0.000,0.826,206,false,212.737,9.600,false
297.000,1,3.000,1.754,365,false,381.019,16.800,false
297.000,2,2.000,1.346,569,false,580.938,25.200,false
297.000,3,4.000,3.375,875,false,907.224,36.000,true
297.000,4,4.000,4.736,1178,false,1223.833,48.000,true
298.000,0,1.000,0.878,207,false,214.259,9.600,false
298.000,1,2.000,1.828,367,false,383.756,16.800,false
298.000,2,6.000,2.742,574,false,599.899,25.200,false
298.000,3,1.000,2.662,876,false,901.100,36.000,false
298.000,4,2.000,3.915,1180,false,1217.626,48.000,true
299.000,0,0.000,0.615,207,false,211.624,9.600,false
299.000,1,1.000,1.580,368,false,382.272,16.800,false
299.000,2,3.000,2.820,577,false,603.672,25.200,false
299.000,3,5.000,3.364,881,false,913.113,36.000,true
299.000,4,4.000,3.940,1184,false,1221.881,48.000,true
300.000,0,0.000,0.430,207,false,209.780,9.600,false
300.000,1,0.000,1.106,368,false,377.533,16.800,false
300.000,2,0.000,1.974,577,false,595.214,25.200,false
300.000,3,3.000,3.255,884,false,915.022,36.000,true
300.000,4,6.000,4.558,1190,false,1234.060,48.000,true
301.000,0,1.000,0.601,208,false,212.489,9.600,false
301.000,1,3.000,1.674,371,false,386.216,16.800,false
301.000,2,1.000,1.682,578,false,593.292,25.200,false
301.000,3,3.000,3.178,887,false,917.258,36.000,true
301.000,4,5.000,4.691,1194,false,1239.385,48.000,true
302.000,0,0.000,0.421,207,false,209.685,9.600,false
302.000,1,2.000,1.772,373,false,389.194,16.800,false
302.000,2,1.000,1.477,579,false,592.248,25.200,false
302.000,3,4.000,3.425,890,false,922.723,36.000,true
302.000,4,3.000,4.184,1197,false,1237.312,48.000,true
303.000,0,0.000,0.295,207,false,208.422,9.600,false
303.000,1,4.000,2.440,377,false,399.879,16.800,false
303.000,2,1.000,1.334,580,false,591.816,25.200,false
303.000,3,0.000,2.397,890,false,912.449,36.000,false
303.000,4,3.000,3.829,1200,false,1236.761,48.000,true
304.000,0,1.000,0.506,208,false,211.538,9.600,false
304.000,1,3.000,2.608,380,false,404.558,16.800,false
304.000,2,1.000,1.234,581,false,591.814,25.200,false
304.000,3,3.000,2.578,893,false,917.257,36.000,false
304.000,4,2.000,3.280,1202,false,1233.276,48.000,true
305.000,0,0.000,0.354,208,false,210.020,9.600,false
305.000,1,0.000,1.826,380,false,396.733,16.800,false
305.000,2,1.000,1.164,582,false,592.113,25.200,false
305.000,3,4.000,3.005,897,false,925.523,36.000,true
305.000,4,2.000,2.896,1204,false,1231.436,48.000,false
306.000,0,0.000,0.248,208,false,208.957,9.600,false
306.000,1,1.000,1.578,381,false,395.256,16.800,false
306.000,2,1.000,1.115,583,false,592.622,25.200,false
306.000,3,5.000,3.603,901,false,935.509,36.000,true
306.000,4,2.000,2.627,1205,false,1229.748,48.000,false
307.000,0,0.000,0.174,207,false,207.213,9.600,false
307.000,1,2.000,1.705,383,false,398.522,16.800,false
307.000,2,1.000,1.080,584,false,593.278,25.200,false
307.000,3,4.000,3.722,905,false,940.699,36.000,true
307.000,4,2.000,2.439,1207,false,1229.866,48.000,false
308.000,0,0.000,0.122,207,false,206.692,9.600,false
308.000,1,4.000,2.393,387,false,409.408,16.800,false
308.000,2,1.000,1.056,585,false,594.038,25.200,false
308.000,3,3.000,3.506,908,false,941.532,36.000,true
308.000,4,1.000,2.007,1208,false,1226.549,48.000,false
309.000,0,1.000,0.385,208,false,210.327,9.600,false
309.000,1,1.000,1.975,388,false,406.229,16.800,false
309.000,2,4.000,1.939,589,false,606.869,25.200,false
309.000,3,4.000,3.654,912,false,947.015,36.000,true
309.000,4,1.000,1.705,1209,false,1224.527,48.000,false
310.000,0,1.000,0.570,208,false,212.172,9.600,false
310.000,1,1.000,1.683,388,false,403.303,16.800,false
310.000,2,2.000,1.958,591,false,609.051,25.200,false
310.000,3,1.000,2.858,913,false,940.054,36.000,false
310.000,4,4.000,2.394,1212,false,1234.412,48.000,false
311.000,0,1.000,0.699,209,false,214.463,9.600,false
311.000,1,2.000,1.778,390,false,406.255,16.800,false
311.000,2,1.000,1.670,592,false,607.179,25.200,false
311.000,3,5.000,3.500,918,false,951.480,36.000,true
311.000,4,6.000,3.476,1218,false,1251.231,48.000,true
312.000,0,0.000,0.489,209,false,212.367,9.600,false
312.000,1,2.000,1.845,392,false,408.921,16.800,false
312.000,2,2.000,1.769,594,false,610.168,25.200,false
312.000,3,3.000,3.350,921,false,952.979,36.000,true
312.000,4,5.000,3.933,1223,false,1260.805,48.000,true
313.000,0,0.000,0.342,209,false,210.900,9.600,false
313.000,1,1.000,1.591,393,false,407.388,16.800,false
313.000,2,2.000,1.838,595,false,611.860,25.200,false
313.000,3,1.000,2.645,922,false,946.928,36.000,false
313.000,4,2.000,3.353,1225,false,1257.006,48.000,true
314.000,0,1.000,0.540,210,false,213.873,9.600,false
314.000,1,2.000,1.714,395,false,410.614,16.800,false
314.000,2,3.000,2.187,598,false,618.345,25.200,false
314.000,3,2.000,2.452,923,false,945.993,36.000,false
314.000,4,4.000,3.547,1229,false,1262.947,48.000,true
315.000,0,0.000,0.378,210,false,212.254,9.600,false
315.000,1,0.000,1.200,395,false,405.473,16.800,false
315.000,2,2.000,2.131,600,false,619.784,25.200,false
315.000,3,1.000,2.016,924,false,942.638,36.000,false
315.000,4,2.000,3.083,1231,false,1260.306,48.000,true
316.000,0,2.000,0.864,212,false,219.120,9.600,false
316.000,1,1.000,1.140,396,false,405.874,16.800,false
316.000,2,0.000,1.492,600,false,613.392,25.200,false
316.000,3,1.000,1.711,925,false,940.589,36.000,false
316.000,4,2.000,2.758,1233,false,1259.057,48.000,false
317.000,0,2.000,1.205,213,false,223.527,9.600,false
317.000,1,2.000,1.398,398,false,410.455,16.800,false
317.000,2,4.000,2.244,604,false,624.917,25.200,false
317.000,3,4.000,2.398,929,false,951.455,36.000,false
317.000,4,5.000,3.431,1237,false,1269.783,48.000,true
318.000,0,1.000,1.144,214,false,223.912,9.600,false
318.000,1,1.000,1.278,398,false,409.261,16.800,false
318.000,2,1.000,1.871,604,false,621.185,25.200,false
318.000,3,1.000,1.979,930,false,948.262,36.000,false
318.000,4,9.000,5.101,1246,false,1295.491,48.000,true
319.000,0,1.000,1.100,214,false,223.481,9.600,false
319.000,1,3.000,1.795,401,false,417.426,16.800,false
319.000,2,3.000,2.210,607,false,627.572,25.200,false
319.000,3,4.000,2.585,934,false,958.326,36.000,false
319.000,4,2.000,4.171,1248,false,1288.186,48.000,true
320.000,0,1.000,1.070,215,false,224.180,9.600,false
320.000,1,1.000,1.556,402,false,416.041,16.800,false
320.000,2,0.000,1.547,607,false,620.943,25.200,false
320.000,3,3.000,2.709,937,false,962.571,36.000,false
320.000,4,2.000,3.520,1250,false,1283.673,48.000,true
321.000,0,1.000,1.049,216,false,224.969,9.600,false
321.000,1,1.000,1.390,403,false,415.371,16.800,false
321.000,2,1.000,1.383,608,false,620.303,25.200,false
321.000,3,1.000,2.197,938,false,958.443,36.000,false
321.000,4,3.000,3.364,1253,false,1285.114,48.000,true
322.000,0,1.000,1.034,217,false,225.821,9.600,false
322.000,1,1.000,1.273,403,false,414.203,16.800,false
322.000,2,0.000,0.968,608,false,616.155,25.200,false
322.000,3,0.000,1.538,938,false,951.853,36.000,false
322.000,4,5.000,3.855,1258,false,1295.023,48.000,true
323.000,0,0.000,0.724,217,false,222.717,9.600,false
323.000,1,2.000,1.491,405,false,418.385,16.800,false
323.000,2,3.000,1.578,610,false,624.251,25.200,false
323.000,3,6.000,2.876,944,false,971.240,36.000,false
323.000,4,6.000,4.498,1263,false,1306.459,48.000,true
324.000,0,1.000,0.807,218,false,224.545,9.600,false
324.000,1,2.000,1.644,407,false,421.912,16.800,false
324.000,2,2.000,1.704,612,false,627.519,25.200,false
324.000,3,6.000,3.813,949,false,985.611,36.000,true
324.000,4,6.000,4.949,1269,false,1316.964,48.000,true
325.000,0,0.000,0.565,218,false,222.124,9.600,false
325.000,1,2.000,1.751,409,false,424.981,16.800,false
325.000,2,1.000,1.493,613,false,626.406,25.200,false
325.000,3,0.000,2.669,949,false,974.170,36.000,false
325.000,4,4.000,4.664,1273,false,1318.118,48.000,true
326.000,0,1.000,0.695,219,false,224.430,9.600,false
326.000,1,1.000,1.525,409,false,422.730,16.800,false
326.000,2,2.000,1.645,614,false,628.927,25.200,false
326.000,3,3.000,2.769,952,false,978.162,36.000,false
326.000,4,5.000,4.765,1278,false,1324.125,48.000,true
327.000,0,3.000,1.387,221,false,233.344,9.600,false
327.000,1,1.000,1.368,410,false,422.154,16.800,false
327.000,2,2.000,1.752,616,false,631.992,25.200,false
327.000,3,2.000,2.538,954,false,977.856,36.000,false
327.000,4,6.000,5.135,1284,false,1333.831,48.000,true
328.000,0,1.000,1.271,222,false,233.184,9.600,false
328.000,1,1.000,1.257,411,false,422.050,16.800,false
328.000,2,4.000,2.426,620,false,642.737,25.200,false
328.000,3,2.000,2.377,956,false,978.242,36.000,false
328.000,4,0.000,3.595,1284,false,1318.424,48.000,true
329.000,0,2.000,1.490,223,false,236.371,9.600,false
329.000,1,0.000,0.880,411,false,418.278,16.800,false
329.000,2,2.000,2.298,621,false,642.459,25.200,false
329.000,3,3.000,2.564,958,false,982.112,36.000,false
329.000,4,2.000,3.116,1286,false,1315.640,48.000,true
330.000,0,1.000,1.343,224,false,235.903,9.600,false
330.000,1,3.000,1.516,414,false,427.638,16.800,false
330.000,2,5.000,3.109,626,false,655.564,25.200,true
330.000,3,5.000,3.295,963,false,994.422,36.000,true
330.000,4,2.000,2.781,1288,false,1314.291,48.000,false
331.000,0,0.000,0.940,224,false,231.875,9.600,false
331.000,1,1.000,1.361,415,false,427.089,16.800,false
331.000,2,1.000,2.476,627,false,650.238,25.200,false
331.000,3,3.000,3.206,966,false,996.538,36.000,true
331.000,4,8.000,4.347,1295,false,1336.946,48.000,true
332.000,0,0.000,0.658,224,false,229.055,9.600,false
332.000,1,0.000,0.953,415,false,423.005,16.800,false
332.000,2,3.000,2.633,630,false,654.809,25.200,false
332.000,3,4.000,3.444,970,false,1002.919,36.000,true
332.000,4,5.000,4.543,1300,false,1343.905,48.000,true
333.000,0,0.000,0.461,223,false,226.082,9.600,false
333.000,1,0.000,0.667,414,false,419.147,16.800,false
333.000,2,3.000,2.743,633,false,658.909,25.200,false
333.000,3,4.000,3.611,974,false,1008.586,36.000,true
333.000,4,8.000,5.580,1308,false,1362.277,48.000,true
334.000,0,0.000,0.322,223,false,224.700,9.600,false
334.000,1,1.000,0.767,415,false,421.145,16.800,false
334.000,2,0.000,1.920,632,false,649.679,25.200,false
334.000,3,4.000,3.728,977,false,1012.753,36.000,true
334.000,4,7.000,6.006,1315,false,1373.536,48.000,true
335.000,0,0.000,0.226,223,false,223.733,9.600,false
335.000,1,0.000,0.537,415,false,418.845,16.800,false
335.000,2,2.000,1.944,634,false,651.918,25.200,false
335.000,3,2.000,3.209,979,false,1009.570,36.000,true
335.000,4,4.000,5.404,1319,false,1371.518,48.000,true
336.000,0,1.000,0.458,224,false,227.056,9.600,false
336.000,1,2.000,0.976,417,false,425.234,16.800,false
336.000,2,3.000,2.261,637,false,658.086,25.200,false
336.000,3,0.000,2.247,979,false,999.942,36.000,false
336.000,4,6.000,5.583,1325,false,1379.306,48.000,true
337.000,0,1.000,0.621,225,false,229.682,9.600,false
337.000,1,3.000,1.583,420,false,434.307,16.800,false
337.000,2,0.000,1.583,637,false,651.303,25.200,false
337.000,3,7.000,3.673,986,false,1021.202,36.000,true
337.000,4,4.000,5.108,1328,false,1377.557,48.000,true
338.000,0,1.000,0.734,226,false,231.820,9.600,false
338.000,1,2.000,1.708,422,false,437.558,16.800,false
338.000,2,1.000,1.408,638,false,650.555,25.200,false
338.000,3,2.000,3.171,988,false,1018.184,36.000,true
338.000,4,6.000,5.376,1334,false,1386.233,48.000,true
339.000,0,1.000,0.814,227,false,233.617,9.600,false
339.000,1,1.000,1.496,423,false,436.433,16.800,false
339.000,2,2.000,1.586,640,false,654.331,25.200,false
339.000,3,1.000,2.520,989,false,1012.672,36.000,false
339.000,4,1.000,4.063,1335,false,1374.106,48.000,true
340.000,0,2.000,1.170,228,false,238.175,9.600,false
340.000,1,2.000,1.647,424,false,438.946,16.800,false
340.000,2,5.000,2.610,645,false,669.575,25.200,false
340.000,3,4.000,2.964,993,false,1021.113,36.000,false
340.000,4,4.000,4.044,1339,false,1377.917,48.000,true
341.000,0,3.000,1.719,231,false,246.665,9.600,false
341.000,1,2.000,1.753,426,false,442.005,16.800,false
341.000,2,2.000,2.427,646,false,668.745,25.200,false
341.000,3,7.000,4.175,999,false,1039.222,36.000,true
341.000,4,6.000,4.631,1345,false,1389.785,48.000,true
342.000,0,1.000,1.503,232,false,245.508,9.600,false
342.000,1,1.000,1.527,427,false,440.746,16.800,false
342.000,2,3.000,2.599,649,false,673.464,25.200,false
342.000,3,2.000,3.522,1001,false,1034.698,36.000,true
342.000,4,5.000,4.742,1349,false,1394.892,48.000,true
343.000,0,0.000,1.052,232,false,240.999,9.600,false
343.000,1,2.000,1.669,429,false,444.165,16.800,false
343.000,2,4.000,3.019,653,false,681.668,25.200,true
343.000,3,3.000,3.366,1004,false,1036.132,36.000,true
343.000,4,5.000,4.819,1354,false,1400.667,48.000,true
344.000,0,1.000,1.037,233,false,241.842,9.600,false
344.000,1,2.000,1.768,431,false,447.159,16.800,false
344.000,2,0.000,2.113,653,false,672.610,25.200,false
344.000,3,2.000,2.956,1006,false,1034.035,36.000,false
344.000,4,1.000,3.673,1355,false,1390.210,48.000,true
345.000,0,2.000,1.326,235,false,246.732,9.600,false
345.000,1,1.000,1.538,432,false,445.854,16.800,false
345.000,2,0.000,1.479,653,false,666.270,25.200,false
345.000,3,2.000,2.669,1008,false,1033.167,36.000,false
345.000,4,2.000,3.171,1356,false,1386.190,48.000,true
346.000,0,1.000,1.228,236,false,246.755,9.600,false
346.000,1,0.000,1.076,432,false,441.241,16.800,false
346.000,2,0.000,1.036,652,false,660.832,25.200,false
346.000,3,4.000,3.068,1012,false,1041.160,36.000,true
346.000,4,6.000,4.020,1362,false,1400.676,48.000,true
347.000,0,0.000,0.860,236,false,243.072,9.600,false
347.000,1,2.000,1.354,434,false,446.011,16.800,false
347.000,2,3.000,1.625,655,false,669.725,25.200,false
347.000,3,4.000,3.348,1016,false,1047.955,36.000,true
347.000,4,3.000,3.714,1365,false,1400.616,48.000,true
348.000,0,1.000,0.902,236,false,243.493,9.600,false
348.000,1,1.000,1.247,434,false,444.951,16.800,false
348.000,2,1.000,1.437,656,false,668.851,25.200,false
348.000,3,2.000,2.944,1018,false,1045.911,36.000,false
348.000,4,4.000,3.800,1369,false,1405.474,48.000,true
349.000,0,2.000,1.231,238,false,248.788,9.600,false
349.000,1,4.000,2.073,438,false,457.208,16.800,false
349.000,2,3.000,1.906,659,false,676.538,25.200,false
349.000,3,5.000,3.560,1022,false,1056.081,36.000,true
349.000,4,4.000,3.860,1373,false,1410.075,48.000,true
350.000,0,0.000,0.862,238,false,245.094,9.600,false
350.000,1,0.000,1.451,438,false,450.989,16.800,false
350.000,2,2.000,1.934,661,false,678.820,25.200,false
350.000,3,1.000,2.792,1023,false,1049.399,36.000,false
350.000,4,10.000,5.702,1383,false,1438.495,48.000,true
351.000,0,0.000,0.603,238,false,242.509,9.600,false
351.000,1,2.000,1.616,440,false,454.635,16.800,false
351.000,2,0.000,1.354,661,false,673.017,25.200,false
351.000,3,3.000,2.855,1026,false,1053.022,36.000,false
351.000,4,2.000,4.591,1384,false,1428.389,48.000,true
352.000,0,1.000,0.722,239,false,244.699,9.600,false
352.000,1,2.000,1.731,441,false,456.787,16.800,false
352.000,2,1.000,1.248,662,false,672.954,25.200,false
352.000,3,2.000,2.598,1028,false,1052.459,36.000,false
352.000,4,4.000,4.414,1388,false,1430.615,48.000,true
353.000,0,2.000,1.106,241,false,250.532,9.600,false
353.000,1,0.000,1.212,441,false,451.594,16.800,false
353.000,2,5.000,2.373,667,false,689.211,25.200,false
353.000,3,2.000,2.419,1030,false,1052.664,36.000,false
353.000,4,5.000,4.590,1392,false,1436.374,48.000,true
354.000,0,1.000,1.074,242,false,251.215,9.600,false
354.000,1,0.000,0.848,441,false,447.959,16.800,false
354.000,2,1.000,1.961,668,false,686.091,25.200,false
354.000,3,4.000,2.893,1033,false,1060.408,36.000,false
354.000,4,3.000,4.113,1395,false,1434.604,48.000,true
355.000,0,1.000,1.052,243,false,251.994,9.600,false
355.000,1,0.000,0.594,441,false,445.414,16.800,false
355.000,2,4.000,2.573,672,false,696.206,25.200,false
355.000,3,3.000,2.925,1036,false,1063.728,36.000,false
355.000,4,2.000,3.479,1397,false,1430.266,48.000,true
356.000,0,0.000,0.736,242,false,247.838,9.600,false
356.000,1,3.000,1.316,444,false,455.633,16.800,false
356.000,2,1.000,2.101,673,false,692.487,25.200,false
356.000,3,0.000,2.048,1036,false,1054.953,36.000,false
356.000,4,4.000,3.635,1401,false,1435.829,48.000,true
357.000,0,1.000,0.815,243,false,249.630,9.600,false
357.000,1,1.000,1.221,445,false,455.686,16.800,false
357.000,2,4.000,2.671,677,false,702.184,25.200,false
357.000,3,3.000,2.333,1039,false,1060.810,36.000,false
357.000,4,5.000,4.045,1406,false,1444.923,48.000,true
358.000,0,2.000,1.171,245,false,255.184,9.600,false
358.000,1,1.000,1.155,446,false,456.023,16.800,false
358.000,2,1.000,2.170,678,false,698.172,25.200,false
358.000,3,4.000,2.833,1043,false,1069.810,36.000,false
358.000,4,4.000,4.031,1410,false,1448.789,48.000,true
359.000,0,0.000,0.820,245,false,251.671,9.600,false
359.000,1,1.000,1.108,446,false,455.559,16.800,false
359.000,2,2.000,2.119,680,false,699.663,25.200,false
359.000,3,6.000,3.783,1049,false,1085.310,36.000,true
359.000,4,1.000,3.122,1411,false,1440.695,48.000,true
360.000,0,1.000,0.874,246,false,253.213,9.600,false
360.000,1,2.000,1.376,448,false,460.234,16.800,false
360.000,2,2.000,2.083,682,false,701.307,25.200,false
360.000,3,7.000,4.748,1056,false,1101.960,36.000,true
360.000,4,7.000,4.285,1418,false,1459.330,48.000,true
361.000,0,1.000,0.912,246,false,253.592,9.600,false
361.000,1,0.000,0.963,448,false,456.107,16.800,false
361.000,2,4.000,2.658,686,false,711.058,25.200,false
361.000,3,1.000,3.624,1056,false,1090.715,36.000,true
361.000,4,4.000,4.200,1421,false,1461.474,48.000,true
362.000,0,3.000,1.538,249,false,262.857,9.600,false
362.000,1,0.000,0.674,448,false,453.218,16.800,false
362.000,2,3.000,2.761,689,false,715.083,25.200,false
362.000,3,1.000,2.837,1057,false,1083.843,36.000,false
362.000,4,1.000,3.240,1422,false,1452.874,48.000,true
363.000,0,0.000,1.077,249,false,258.243,9.600,false
363.000,1,0.000,0.472,448,false,451.195,16.800,false
363.000,2,1.000,2.232,690,false,710.801,25.200,false
363.000,3,3.000,2.886,1060,false,1087.333,36.000,false
363.000,4,5.000,3.768,1427,false,1463.155,48.000,true
364.000,0,2.000,1.354,251,false,263.013,9.600,false
364.000,1,0.000,0.330,448,false,449.779,16.800,false
364.000,2,1.000,1.863,690,false,707.104,25.200,false
364.000,3,4.000,3.220,1064,false,1094.676,36.000,true
364.000,4,3.000,3.538,1429,false,1462.851,48.000,true
365.000,0,0.000,0.948,251,false,258.952,9.600,false
365.000,1,1.000,0.531,448,false,451.788,16.800,false
365.000,2,2.000,1.904,692,false,709.515,25.200,false
365.000,3,3.000,3.154,1067,false,1097.016,36.000,true
365.000,4,3.000,3.376,1432,false,1464.239,48.000,true
366.000,0,0.000,0.663,251,false,256.109,9.600,false
366.000,1,1.000,0.672,449,false,454.195,16.800,false
366.000,2,0.000,1.333,692,false,703.804,25.200,false
366.000,3,5.000,3.708,1072,false,1107.554,36.000,true
366.000,4,2.000,2.963,1434,false,1462.110,48.000,false
367.000,0,0.000,0.464,251,false,254.119,9.600,false
367.000,1,1.000,0.770,450,false,456.179,16.800,false
367.000,2,1.000,1.233,693,false,703.805,25.200,false
367.000,3,3.000,3.495,1075,false,1108.431,36.000,true
367.000,4,1.000,2.374,1435,false,1457.220,48.000,false
368.000,0,1.000,0.625,252,false,256.726,9.600,false
368.000,1,4.000,1.739,453,false,468.868,16.800,false
368.000,2,0.000,0.863,693,false,700.107,25.200,false
368.000,3,4.000,3.647,1079,false,1113.944,36.000,true
368.000,4,4.000,2.862,1439,false,1466.097,48.000,false
369.000,0,0.000,0.438,251,false,253.851,9.600,false
369.000,1,0.000,1.217,453,false,463.651,16.800,false
369.000,2,4.000,1.804,696,false,712.518,25.200,false
369.000,3,1.000,2.853,1079,false,1106.004,36.000,false
369.000,4,1.000,2.303,1440,false,1461.511,48.000,false
370.000,0,3.000,1.206,254,false,264.539,9.600,false
370.000,1,3.000,1.752,456,false,471.998,16.800,false
370.000,2,0.000,1.263,696,false,707.105,25.200,false
370.000,3,2.000,2.597,1081,false,1105.446,36.000,false
370.000,4,7.000,3.712,1447,false,1482.600,48.000,true
371.000,0,0.000,0.844,254,false,260.920,9.600,false
371.000,1,1.000,1.527,457,false,470.742,16.800,false
371.000,2,0.000,0.884,696,false,703.316,25.200,false
371.000,3,6.000,3.618,1087,false,1121.655,36.000,true
371.000,4,4.000,3.799,1450,false,1486.463,48.000,true
372.000,0,1.000,0.891,254,false,261.387,9.600,false
372.000,1,0.000,1.069,457,false,466.162,16.800,false
372.000,2,4.000,1.819,700,false,716.664,25.200,false
372.000,3,2.000,3.133,1089,false,1118.801,36.000,true
372.000,4,2.000,3.259,1452,false,1483.067,48.000,true
373.000,0,2.000,1.224,256,false,266.714,9.600,false
373.000,1,0.000,0.748,456,false,461.956,16.800,false
373.000,2,2.000,1.873,702,false,719.208,25.200,false
373.000,3,4.000,3.393,1093,false,1125.404,36.000,true
373.000,4,4.000,3.481,1456,false,1489.290,48.000,true
374.000,0,0.000,0.857,256,false,263.042,9.600,false
374.000,1,0.000,0.524,456,false,459.712,16.800,false
374.000,2,2.000,1.911,704,false,721.588,25.200,false
374.000,3,3.000,3.275,1096,false,1127.225,36.000,true
374.000,4,5.000,3.937,1461,false,1498.846,48.000,true
375.000,0,0.000,0.600,255,false,259.473,9.600,false
375.000,1,1.000,0.667,457,false,462.141,16.800,false
375.000,2,0.000,1.338,703,false,714.855,25.200,false
375.000,3,4.000,3.492,1100,false,1133.401,36.000,true
375.000,4,8.000,5.156,1468,false,1518.035,48.000,true
376.000,0,0.000,0.420,255,false,257.674,9.600,false
376.000,1,0.000,0.467,457,false,460.142,16.800,false
376.000,2,1.000,1.236,704,false,714.841,25.200,false
376.000,3,3.000,3.345,1103,false,1134.923,36.000,true
376.000,4,4.000,4.809,1472,false,1518.567,48.000,true
377.000,0,3.000,1.194,258,false,268.414,9.600,false
377.000,1,1.000,0.627,458,false,462.742,16.800,false
377.000,2,4.000,2.066,708,false,727.132,25.200,false
377.000,3,3.000,3.241,1106,false,1136.889,36.000,true
377.000,4,5.000,4.866,1477,false,1524.140,48.000,true
378.000,0,1.000,1.136,258,false,267.833,9.600,false
378.000,1,1.000,0.739,459,false,464.862,16.800,false
378.000,2,0.000,1.446,708,false,720.935,25.200,false
378.000,3,5.000,3.769,1110,false,1146.165,36.000,true
378.000,4,1.000,3.706,1478,false,1513.541,48.000,true
379.000,0,2.000,1.395,260,false,272.426,9.600,false
379.000,1,3.000,1.417,461,false,473.647,16.800,false
379.000,2,1.000,1.312,709,false,720.597,25.200,false
379.000,3,1.000,2.938,1111,false,1138.859,36.000,false
379.000,4,4.000,3.795,1482,false,1518.421,48.000,true
380.000,0,0.000,0.976,260,false,268.241,9.600,false
380.000,1,3.000,1.892,464,false,481.395,16.800,false
380.000,2,2.000,1.518,710,false,723.661,25.200,false
380.000,3,2.000,2.657,1113,false,1138.044,36.000,false
380.000,4,4.000,3.856,1486,false,1523.038,48.000,true
381.000,0,0.000,0.684,259,false,264.312,9.600,false
381.000,1,3.000,2.224,467,false,487.720,16.800,false
381.000,2,2.000,1.663,712,false,727.106,25.200,false
381.000,3,1.000,2.160,1114,false,1134.074,36.000,false
381.000,4,2.000,3.299,1487,false,1518.469,48.000,true
382.000,0,1.000,0.778,260,false,266.261,9.600,false
382.000,1,0.000,1.557,466,false,480.047,16.800,false
382.000,2,0.000,1.164,712,false,722.117,25.200,false
382.000,3,2.000,2.112,1116,false,1135.594,36.000,false
382.000,4,7.000,4.410,1494,false,1536.571,48.000,true
383.000,0,0.000,0.545,260,false,263.926,9.600,false
383.000,1,2.000,1.690,468,false,483.375,16.800,false
383.000,2,3.000,1.715,714,false,729.625,25.200,false
383.000,3,3.000,2.378,1119,false,1141.259,36.000,false
383.000,4,4.000,4.287,1498,false,1539.343,48.000,true
384.000,0,1.000,0.681,261,false,266.291,9.600,false
384.000,1,2.000,1.783,470,false,486.306,16.800,false
384.000,2,2.000,1.800,716,false,732.480,25.200,false
384.000,3,2.000,2.265,1121,false,1142.124,36.000,false
384.000,4,1.000,3.301,1499,false,1530.483,48.000,true
385.000,0,1.000,0.777,262,false,268.246,9.600,false
385.000,1,1.000,1.548,471,false,484.957,16.800,false
385.000,2,2.000,1.860,718,false,735.079,25.200,false
385.000,3,5.000,3.085,1126,false,1155.330,36.000,true
385.000,4,4.000,3.510,1503,false,1536.581,48.000,true
386.000,0,1.000,0.844,263,false,269.915,9.600,false
386.000,1,2.000,1.684,473,false,488.313,16.800,false
386.000,2,1.000,1.602,719,false,733.498,25.200,false
386.000,3,3.000,3.060,1129,false,1158.074,36.000,true
386.000,4,3.000,3.357,1506,false,1538.049,48.000,true
387.000,0,0.000,0.591,263,false,267.384,9.600,false
387.000,1,1.000,1.479,474,false,487.262,16.800,false
387.000,2,1.000,1.422,720,false,732.692,25.200,false
387.000,3,1.000,2.442,1130,false,1152.894,36.000,false
387.000,4,8.000,4.750,1514,false,1559.977,48.000,true
388.000,0,0.000,0.414,262,false,264.611,9.600,false
388.000,1,1.000,1.335,475,false,486.826,16.800,false
388.000,2,0.000,0.995,719,false,727.427,25.200,false
388.000,3,3.000,2.609,1133,false,1157.569,36.000,false
388.000,4,4.000,4.525,1517,false,1560.727,48.000,true
389.000,0,1.000,0.589,263,false,267.371,9.600,false
389.000,1,4.000,2.134,478,false,497.821,16.800,false
389.000,2,3.000,1.597,722,false,736.442,25.200,false
389.000,3,1.000,2.126,1134,false,1153.741,36.000,false
389.000,4,4.000,4.368,1521,false,1563.152,48.000,true
390.000,0,1.000,0.713,264,false,269.602,9.600,false
390.000,1,0.000,1.494,478,false,491.418,16.800,false
390.000,2,0.000,1.118,722,false,731.652,25.200,false
390.000,3,2.000,2.089,1136,false,1155.362,36.000,false
390.000,4,3.000,3.957,1524,false,1562.049,48.000,true
391.000,0,1.000,0.799,265,false,271.465,9.600,false
391.000,1,1.000,1.346,479,false,490.935,16.800,false
391.000,2,1.000,1.082,723,false,732.299,25.200,false
391.000,3,4.000,2.662,1140,false,1165.096,36.000,false
391.000,4,3.000,3.670,1527,false,1562.177,48.000,true
392.000,0,1.000,0.859,266,false,273.068,9.600,false
392.000,1,2.000,1.542,481,false,494.897,16.800,false
392.000,2,1.000,1.058,724,false,733.052,25.200,false
392.000,3,2.000,2.463,1141,false,1164.110,36.000,false
392.000,4,3.000,3.469,1530,false,1563.167,48.000,true
393.000,0,4.000,1.801,270,false,286.490,9.600,false
393.000,1,3.000,1.979,484,false,502.271,16.800,false
393.000,2,3.000,1.640,727,false,741.880,25.200,false
393.000,3,3.000,2.624,1144,false,1168.720,36.000,false
393.000,4,6.000,4.228,1536,false,1576.760,48.000,true
394.000,0,2.000,1.861,272,false,289.086,9.600,false
394.000,1,2.000,1.986,485,false,503.333,16.800,false
394.000,2,3.000,2.048,730,false,748.959,25.200,false
394.000,3,2.000,2.437,1146,false,1168.847,36.000,false
394.000,4,10.000,5.960,1546,false,1604.075,48.000,true
395.000,0,2.000,1.903,274,false,291.503,9.600,false
395.000,1,0.000,1.390,485,false,497.376,16.800,false
395.000,2,2.000,2.034,731,false,749.814,25.200,false
395.000,3,5.000,3.206,1151,false,1181.536,36.000,true
395.000,4,5.000,5.672,1550,false,1605.195,48.000,true
396.000,0,1.000,1.632,275,false,289.795,9.600,false
396.000,1,1.000,1.273,486,false,497.206,16.800,false
396.000,2,1.000,1.724,732,false,747.713,25.200,false
396.000,3,4.000,3.444,1155,false,1187.918,36.000,true
396.000,4,4.000,5.170,1554,false,1604.179,48.000,true
397.000,0,3.000,2.042,278,false,296.899,9.600,false
397.000,1,1.000,1.191,487,false,497.387,16.800,false
397.000,2,2.000,1.807,734,false,750.542,25.200,false
397.000,3,3.000,3.311,1158,false,1189.585,36.000,true
397.000,4,4.000,4.819,1558,false,1604.668,48.000,true
398.000,0,1.000,1.730,279,false,294.772,9.600,false
398.000,1,1.000,1.134,488,false,497.814,16.800,false
398.000,2,3.000,2.165,737,false,757.122,25.200,false
398.000,3,3.000,3.218,1161,false,1191.653,36.000,true
398.000,4,4.000,4.573,1562,false,1606.211,48.000,true
399.000,0,1.000,1.511,280,false,293.584,9.600,false
399.000,1,1.000,1.094,489,false,498.412,16.800,false
399.000,2,1.000,1.815,738,false,754.628,25.200,false
399.000,3,8.000,4.652,1169,false,1214.000,36.000,true
399.000,4,6.000,5.001,1568,false,1616.490,48.000,true
400.000,0,0.000,1.058,280,false,289.051,9.600,false
400.000,1,1.000,1.066,490,false,499.132,16.800,false
400.000,2,2.000,1.871,739,false,756.183,25.200,false
400.000,3,4.000,4.457,1173,false,1216.043,36.000,true
400.000,4,4.000,4.701,1572,false,1617.486,48.000,true
401.000,0,2.000,1.340,282,false,293.879,9.600,false
401.000,1,1.000,1.046,491,false,499.935,16.800,false
401.000,2,2.000,1.909,741,false,758.571,25.200,false
401.000,3,3.000,4.020,1176,false,1214.673,36.000,true
401.000,4,6.000,5.091,1578,false,1627.383,48.000,true
402.000,0,0.000,0.938,282,false,289.858,9.600,false
402.000,1,2.000,1.332,493,false,504.797,16.800,false
402.000,2,6.000,3.137,747,false,776.842,25.200,true
402.000,3,3.000,3.714,1179,false,1214.614,36.000,true
402.000,4,3.000,4.463,1581,false,1624.111,48.000,true
403.000,0,0.000,0.657,282,false,287.043,9.600,false
403.000,1,0.000,0.932,493,false,500.801,16.800,false
403.000,2,0.000,2.196,747,false,767.433,25.200,false
403.000,3,4.000,3.800,1183,false,1219.472,36.000,true
403.000,4,5.000,4.624,1586,false,1630.721,48.000,true
404.000,0,3.000,1.360,285,false,297.073,9.600,false
404.000,1,4.000,1.853,497,false,514.004,16.800,false
404.000,2,2.000,2.137,749,false,768.846,25.200,false
404.000,3,3.000,3.560,1186,false,1220.074,36.000,true
404.000,4,7.000,5.337,1592,false,1643.847,48.000,true
405.000,0,0.000,0.952,285,false,292.994,9.600,false
405.000,1,0.000,1.297,497,false,508.445,16.800,false
405.000,2,2.000,2.096,751,false,770.435,25.200,false
405.000,3,2.000,3.092,1188,false,1217.394,36.000,true
405.000,4,3.000,4.636,1595,false,1639.836,48.000,true
406.000,0,1.000,0.966,286,false,294.139,9.600,false
406.000,1,2.000,1.508,499,false,512.555,16.800,false
406.000,2,1.000,1.767,752,false,768.147,25.200,false
406.000,3,6.000,3.964,1194,false,1232.119,36.000,true
406.000,4,6.000,5.045,1601,false,1649.928,48.000,true
407.000,0,1.000,0.976,287,false,295.240,9.600,false
407.000,1,2.000,1.655,501,false,516.031,16.800,false
407.000,2,2.000,1.837,754,false,770.846,25.200,false
407.000,3,3.000,3.675,1197,false,1232.226,36.000,true
407.000,4,3.000,4.432,1604,false,1646.792,48.000,true
408.000,0,1.000,0.983,288,false,296.311,9.600,false
408.000,1,1.000,1.459,502,false,515.065,16.800,false
408.000,2,2.000,1.886,755,false,772.335,25.200,false
408.000,3,5.000,4.072,1202,false,1241.201,36.000,true
408.000,4,5.000,4.602,1609,false,1653.498,48.000,true
409.000,0,0.000,0.688,288,false,293.360,9.600,false
409.000,1,2.000,1.621,504,false,518.688,16.800,false
409.000,2,3.000,2.220,758,false,778.677,25.200,false
409.000,3,1.000,3.151,1203,false,1232.984,36.000,true
409.000,4,5.000,4.721,1613,false,1658.691,48.000,true
410.000,0,0.000,0.482,287,false,290.295,9.600,false
410.000,1,1.000,1.435,505,false,517.825,16.800,false
410.000,2,1.000,1.854,759,false,776.017,25.200,false
410.000,3,4.000,3.406,1206,false,1238.531,36.000,true
410.000,4,5.000,4.805,1618,false,1664.527,48.000,true
411.000,0,1.000,0.637,288,false,292.849,9.600,false
411.000,1,0.000,1.004,505,false,513.520,16.800,false
411.000,2,1.000,1.598,760,false,774.455,25.200,false
411.000,3,4.000,3.584,1210,false,1244.315,36.000,true
411.000,4,2.000,3.964,1619,false,1657.112,48.000,true
412.000,0,0.000,0.446,288,false,290.937,9.600,false
412.000,1,2.000,1.303,507,false,518.507,16.800,false
412.000,2,4.000,2.318,764,false,785.661,25.200,false
412.000,3,0.000,2.509,1210,false,1233.563,36.000,false
412.000,4,4.000,3.974,1623,false,1661.221,48.000,true
413.000,0,2.000,0.912,290,false,297.599,9.600,false
413.000,1,2.000,1.512,509,false,522.598,16.800,false
413.000,2,3.000,2.523,766,false,789.706,25.200,false
413.000,3,4.000,2.956,1214,false,1242.037,36.000,false
413.000,4,2.000,3.382,1625,false,1657.298,48.000,true
414.000,0,2.000,1.239,292,false,302.862,9.600,false
414.000,1,3.000,1.959,511,false,529.061,16.800,false
414.000,2,6.000,3.566,772,false,806.137,25.200,true
414.000,3,0.000,2.069,1213,false,1232.169,36.000,false
414.000,4,5.000,3.867,1629,false,1666.151,48.000,true
415.000,0,0.000,0.867,292,false,299.146,9.600,false
415.000,1,4.000,2.571,515,false,539.186,16.800,false
415.000,2,1.000,2.796,773,false,799.439,25.200,false
415.000,3,4.000,2.648,1217,false,1241.961,36.000,false
415.000,4,2.000,3.307,1631,false,1662.549,48.000,true
416.000,0,1.000,0.907,293,false,300.545,9.600,false
416.000,1,2.000,2.400,517,false,539.473,16.800,false
416.000,2,4.000,3.157,777,false,807.050,25.200,true
416.000,3,3.000,2.754,1220,false,1246.016,36.000,false
416.000,4,6.000,4.115,1637,false,1676.627,48.000,true
417.000,0,0.000,0.635,292,false,296.825,9.600,false
417.000,1,2.000,2.280,519,false,540.274,16.800,false
417.000,2,6.000,4.010,783,false,821.578,25.200,true
417.000,3,4.000,3.128,1223,false,1252.754,36.000,true
417.000,4,7.000,4.981,1644,false,1692.282,48.000,true
418.000,0,1.000,0.744,293,false,298.920,9.600,false
418.000,1,3.000,2.496,521,false,544.435,16.800,false
418.000,2,3.000,3.707,786,false,821.547,25.200,true
418.000,3,0.000,2.189,1223,false,1243.370,36.000,false
418.000,4,10.000,6.486,1654,false,1717.340,48.000,true
419.000,0,1.000,0.821,294,false,300.687,9.600,false
419.000,1,0.000,1.747,521,false,536.947,16.800,false
419.000,2,2.000,3.195,788,false,818.426,25.200,true
419.000,3,4.000,2.733,1227,false,1252.802,36.000,false
419.000,4,4.000,5.740,1658,false,1713.881,48.000,true
420.000,0,1.000,0.875,294,false,301.224,9.600,false
420.000,1,1.000,1.523,522,false,535.706,16.800,false
420.000,2,0.000,2.236,787,false,807.841,25.200,false
420.000,3,2.000,2.513,1229,false,1252.604,36.000,false
420.000,4,6.000,5.818,1664,false,1720.659,48.000,true
421.000,0,1.000,0.912,295,false,302.599,9.600,false
421.000,1,1.000,1.366,523,false,535.137,16.800,false
421.000,2,3.000,2.466,790,false,813.132,25.200,false
421.000,3,0.000,1.759,1229,false,1245.066,36.000,false
421.000,4,4.000,5.273,1668,false,1719.204,48.000,true
422.000,0,1.000,0.939,296,false,303.862,9.600,false
422.000,1,1.000,1.256,524,false,535.039,16.800,false
422.000,2,3.000,2.626,793,false,817.735,25.200,false
422.000,3,0.000,1.231,1229,false,1239.789,36.000,false
422.000,4,1.000,3.991,1668,false,1706.386,48.000,true
423.000,0,1.000,0.957,297,false,305.047,9.600,false
423.000,1,0.000,0.879,524,false,531.270,16.800,false
423.000,2,2.000,2.438,795,false,817.857,25.200,false
423.000,3,2.000,1.462,1230,false,1243.095,36.000,false
423.000,4,5.000,4.294,1673,false,1714.413,48.000,true
424.000,0,1.000,0.970,298,false,306.175,9.600,false
424.000,1,2.000,1.216,525,false,535.632,16.800,false
424.000,2,2.000,2.307,797,false,818.543,25.200,false
424.000,3,3.000,1.923,1233,false,1250.709,36.000,false
424.000,4,4.000,4.206,1677,false,1717.532,48.000,true
425.000,0,0.000,0.679,297,false,302.266,9.600,false
425.000,1,2.000,1.451,527,false,539.985,16.800,false
425.000,2,0.000,1.615,797,false,811.623,25.200,false
425.000,3,2.000,1.946,1235,false,1252.939,36.000,false
425.000,4,2.000,3.544,1679,false,1712.915,48.000,true
426.000,0,0.000,0.475,297,false,300.229,9.600,false
426.000,1,4.000,2.216,531,false,551.632,16.800,false
426.000,2,6.000,2.930,803,false,830.779,25.200,false
426.000,3,2.000,1.962,1236,false,1254.100,36.000,false
426.000,4,1.000,2.781,1680,false,1706.284,48.000,false
427.000,0,1.000,0.633,298,false,302.803,9.600,false
427.000,1,0.000,1.551,531,false,544.986,16.800,false
427.000,2,2.000,2.651,805,false,829.988,25.200,false
427.000,3,2.000,1.974,1238,false,1256.213,36.000,false
427.000,4,3.000,2.847,1683,false,1709.941,48.000,false
428.000,0,3.000,1.343,301,false,312.905,9.600,false
428.000,1,1.000,1.386,532,false,544.333,16.800,false
428.000,2,2.000,2.456,807,false,830.035,25.200,false
428.000,3,3.000,2.282,1241,false,1262.292,36.000,false
428.000,4,3.000,2.893,1685,false,1712.402,48.000,false
429.000,0,1.000,1.240,302,false,312.876,9.600,false
429.000,1,1.000,1.270,533,false,544.176,16.800,false
429.000,2,1.000,2.019,808,false,826.667,25.200,false
429.000,3,4.000,2.797,1245,false,1271.447,36.000,false
429.000,4,4.000,3.225,1689,false,1719.724,48.000,true
430.000,0,2.000,1.468,304,false,317.156,9.600,false
430.000,1,0.000,0.889,533,false,540.366,16.800,false
430.000,2,2.000,2.013,810,false,828.610,25.200,false
430.000,3,5.000,3.458,1250,false,1283.056,36.000,true
430.000,4,3.000,3.157,1691,false,1721.050,48.000,true
431.000,0,1.000,1.328,305,false,316.752,9.600,false
431.000,1,0.000,0.622,533,false,537.699,16.800,false
431.000,2,2.000,2.009,811,false,829.570,25.200,false
431.000,3,3.000,3.321,1253,false,1284.682,36.000,true
431.000,4,3.000,3.110,1694,false,1723.578,48.000,true
432.000,0,3.000,1.829,307,false,323.769,9.600,false
432.000,1,0.000,0.436,533,false,535.832,16.800,false
432.000,2,2.000,2.007,813,false,831.542,25.200,false
432.000,3,1.000,2.624,1254,false,1278.720,36.000,false
432.000,4,1.000,2.477,1695,false,1718.247,48.000,false
433.000,0,0.000,1.281,307,false,318.281,9.600,false
433.000,1,1.000,0.605,534,false,538.525,16.800,false
433.000,2,2.000,2.005,815,false,833.522,25.200,false
433.000,3,3.000,2.737,1256,false,1281.847,36.000,false
433.000,4,4.000,2.934,1699,false,1726.816,48.000,false
434.000,0,0.000,0.896,307,false,314.440,9.600,false
434.000,1,2.000,1.023,536,false,544.711,16.800,false
434.000,2,3.000,2.303,818,false,839.508,25.200,false
434.000,3,1.000,2.216,1257,false,1277.636,36.000,false
434.000,4,3.000,2.954,1702,false,1730.014,48.000,false
435.000,0,1.000,0.927,308,false,315.751,9.600,false
435.000,1,4.000,1.916,540,false,557.640,16.800,false
435.000,2,2.000,2.212,820,false,840.599,25.200,false
435.000,3,1.000,1.851,1258,false,1274.988,36.000,false
435.000,4,6.000,3.868,1708,false,1745.153,48.000,true
436.000,0,2.000,1.249,310,false,320.968,9.600,false
436.000,1,1.000,1.641,541,false,555.891,16.800,false
436.000,2,4.000,2.749,824,false,849.962,25.200,false
436.000,3,2.000,1.896,1260,false,1277.434,36.000,false
436.000,4,2.000,3.307,1709,false,1740.550,48.000,true
437.000,0,0.000,0.874,310,false,317.221,9.600,false
437.000,1,0.000,1.149,541,false,550.967,16.800,false
437.000,2,2.000,2.524,826,false,849.716,25.200,false
437.000,3,5.000,2.827,1265,false,1291.747,36.000,false
437.000,4,5.000,3.815,1714,false,1750.628,48.000,true
438.000,0,0.000,0.612,310,false,314.597,9.600,false
438.000,1,0.000,0.804,541,false,547.519,16.800,false
438.000,2,4.000,2.967,830,false,858.144,25.200,false
438.000,3,3.000,2.879,1268,false,1295.266,36.000,false
438.000,4,3.000,3.571,1717,false,1751.182,48.000,true
439.000,0,2.000,1.028,311,false,319.761,9.600,false
439.000,1,0.000,0.563,541,false,545.106,16.800,false
439.000,2,3.000,2.977,833,false,861.244,25.200,false
439.000,3,2.000,2.615,1270,false,1294.629,36.000,false
439.000,4,5.000,3.999,1722,false,1760.470,48.000,true
440.000,0,0.000,0.720,311,false,316.676,9.600,false
440.000,1,1.000,0.694,542,false,547.417,16.800,false
440.000,2,2.000,2.684,835,false,860.314,25.200,false
440.000,3,7.000,3.931,1276,false,1313.783,36.000,true
440.000,4,4.000,4.000,1726,false,1764.472,48.000,true
441.000,0,0.000,0.504,311,false,314.516,9.600,false
441.000,1,1.000,0.786,543,false,549.335,16.800,false
441.000,2,2.000,2.479,837,false,860.262,25.200,false
441.000,3,0.000,2.751,1276,false,1301.991,36.000,false
441.000,4,3.000,3.700,1729,false,1764.473,48.000,true
442.000,0,0.000,0.353,310,false,312.004,9.600,false
442.000,1,0.000,0.550,543,false,546.977,16.800,false
442.000,2,2.000,2.335,839,false,860.826,25.200,false
442.000,3,4.000,3.126,1280,false,1309.737,36.000,true
442.000,4,4.000,3.790,1733,false,1769.374,48.000,true
443.000,0,0.000,0.247,310,false,310.946,9.600,false
443.000,1,0.000,0.385,542,false,544.327,16.800,false
443.000,2,2.000,2.235,841,false,861.821,25.200,false
443.000,3,1.000,2.488,1281,false,1304.358,36.000,false
443.000,4,4.000,3.853,1736,false,1773.005,48.000,true
444.000,0,2.000,0.773,312,false,318.205,9.600,false
444.000,1,0.000,0.270,542,false,543.172,16.800,false
444.000,2,1.000,1.864,841,false,858.118,25.200,false
444.000,3,2.000,2.342,1283,false,1304.894,36.000,false
444.000,4,3.000,3.597,1739,false,1773.446,48.000,true
445.000,0,1.000,0.841,312,false,318.886,9.600,false
445.000,1,1.000,0.489,543,false,546.363,16.800,false
445.000,2,1.000,1.605,842,false,856.525,25.200,false
445.000,3,6.000,3.439,1289,false,1321.868,36.000,true
445.000,4,3.000,3.418,1742,false,1774.655,48.000,true
446.000,0,0.000,0.589,312,false,316.363,9.600,false
446.000,1,1.000,0.642,544,false,548.897,16.800,false
446.000,2,0.000,1.123,842,false,851.711,25.200,false
446.000,3,3.000,3.307,1292,false,1323.551,36.000,true
446.000,4,5.000,3.893,1747,false,1784.402,48.000,true
447.000,0,0.000,0.412,312,false,314.597,9.600,false
447.000,1,0.000,0.449,544,false,546.971,16.800,false
447.000,2,2.000,1.386,844,false,856.340,25.200,false
447.000,3,1.000,2.615,1292,false,1316.628,36.000,false
447.000,4,5.000,4.225,1752,false,1792.724,48.000,true
448.000,0,1.000,0.588,313,false,317.361,9.600,false
448.000,1,0.000,0.315,544,false,545.622,16.800,false
448.000,2,0.000,0.970,844,false,852.181,25.200,false
448.000,3,4.000,3.031,1296,false,1324.783,36.000,true
448.000,4,5.000,4.457,1757,false,1800.050,48.000,true
449.000,0,0.000,0.412,313,false,315.595,9.600,false
449.000,1,3.000,1.120,546,false,555.679,16.800,false
449.000,2,1.000,0.979,845,false,853.270,25.200,false
449.000,3,2.000,2.721,1298,false,1323.691,36.000,false
449.000,4,1.000,3.420,1757,false,1789.678,48.000,true
450.000,0,1.000,0.588,314,false,318.360,9.600,false
450.000,1,1.000,1.084,547,false,556.318,16.800,false
450.000,2,2.000,1.286,846,false,857.332,25.200,false
450.000,3,2.000,2.505,1299,false,1322.526,36.000,false
450.000,4,6.000,4.194,1763,false,1803.417,48.000,true
451.000,0,1.000,0.712,315,false,320.595,9.600,false
451.000,1,4.000,1.959,550,false,568.065,16.800,false
451.000,2,2.000,1.500,848,false,861.475,25.200,false
451.000,3,4.000,2.954,1303,false,1331.011,36.000,false
451.000,4,4.000,4.136,1767,false,1806.835,48.000,true
452.000,0,1.000,0.798,316,false,322.459,9.600,false
452.000,1,3.000,2.271,553,false,574.189,16.800,false
452.000,2,4.000,2.250,852,false,872.975,25.200,false
452.000,3,5.000,3.567,1308,false,1342.151,36.000,true
452.000,4,3.000,3.795,1769,false,1805.427,48.000,true
453.000,0,1.000,0.859,316,false,323.064,9.600,false
453.000,1,1.000,1.890,554,false,571.375,16.800,false
453.000,2,2.000,2.175,854,false,874.226,25.200,false
453.000,3,5.000,3.997,1312,false,1350.448,36.000,true
453.000,4,4.000,3.857,1773,false,1810.042,48.000,true
454.000,0,1.000,0.901,317,false,324.488,9.600,false
454.000,1,1.000,1.623,555,false,569.705,16.800,false
454.000,2,1.000,1.822,855,false,871.701,25.200,false
454.000,3,2.000,3.398,1314,false,1346.457,36.000,true
454.000,4,1.000,3.000,1774,false,1802.472,48.000,false
455.000,0,1.000,0.931,318,false,325.784,9.600,false
455.000,1,0.000,1.136,554,false,563.837,16.800,false
455.000,2,1.000,1.576,855,false,869.233,25.200,false
455.000,3,5.000,3.879,1319,false,1356.263,36.000,true
455.000,4,8.000,4.500,1782,false,1825.473,48.000,true
456.000,0,0.000,0.652,318,false,322.992,9.600,false
456.000,1,3.000,1.695,557,false,572.428,16.800,false
456.000,2,2.000,1.703,857,false,872.506,25.200,false
456.000,3,3.000,3.615,1322,false,1356.627,36.000,true
456.000,4,6.000,4.950,1788,false,1835.974,48.000,true
457.000,0,1.000,0.756,319,false,325.037,9.600,false
457.000,1,1.000,1.487,558,false,571.343,16.800,false
457.000,2,2.000,1.792,859,false,875.397,25.200,false
457.000,3,4.000,3.731,1326,false,1361.782,36.000,true
457.000,4,3.000,4.365,1791,false,1833.125,48.000,true
458.000,0,0.000,0.529,319,false,322.769,9.600,false
458.000,1,0.000,1.041,558,false,566.883,16.800,false
458.000,2,3.000,2.154,862,false,882.021,25.200,false
458.000,3,3.000,3.511,1329,false,1362.590,36.000,true
458.000,4,4.000,4.255,1794,false,1835.030,48.000,true
459.000,0,1.000,0.670,319,false,324.181,9.600,false
459.000,1,0.000,0.728,558,false,563.761,16.800,false
459.000,2,0.000,1.508,862,false,875.557,25.200,false
459.000,3,2.000,3.058,1331,false,1360.056,36.000,true
459.000,4,5.000,4.479,1799,false,1842.264,48.000,true
460.000,0,0.000,0.469,319,false,322.170,9.600,false
460.000,1,2.000,1.110,560,false,569.575,16.800,false
460.000,2,2.000,1.656,864,false,879.033,25.200,false
460.000,3,5.000,3.641,1335,false,1369.882,36.000,true
460.000,4,2.000,3.735,1801,false,1836.828,48.000,true
461.000,0,0.000,0.329,319,false,320.762,9.600,false
461.000,1,0.000,0.777,560,false,566.246,16.800,false
461.000,2,1.000,1.459,865,false,878.066,25.200,false
461.000,3,1.000,2.848,1336,false,1362.960,36.000,false
461.000,4,4.000,3.815,1805,false,1841.622,48.000,true
462.000,0,2.000,0.830,321,false,327.776,9.600,false
462.000,1,2.000,1.144,562,false,571.915,16.800,false
462.000,2,3.000,1.921,868,false,885.689,25.200,false
462.000,3,0.000,1.994,1336,false,1354.415,36.000,false
462.000,4,7.000,4.770,1812,false,1858.178,48.000,true
463.000,0,0.000,0.581,320,false,324.286,9.600,false
463.000,1,1.000,1.101,563,false,572.483,16.800,false
463.000,2,0.000,1.345,868,false,879.925,25.200,false
463.000,3,0.000,1.396,1336,false,1348.433,36.000,false
463.000,4,5.000,4.839,1817,false,1863.868,48.000,true
464.000,0,1.000,0.707,321,false,326.543,9.600,false
464.000,1,0.000,0.770,563,false,569.181,16.800,false
464.000,2,3.000,1.841,870,false,886.891,25.200,false
464.000,3,5.000,2.477,1340,false,1363.246,36.000,false
464.000,4,4.000,4.587,1821,false,1865.350,48.000,true
465.000,0,0.000,0.495,321,false,324.423,9.600,false
465.000,1,0.000,0.539,563,false,566.870,16.800,false
465.000,2,1.000,1.589,871,false,885.366,25.200,false
465.000,3,2.000,2.334,1342,false,1363.815,36.000,false
465.000,4,6.000,5.011,1827,false,1875.588,48.000,true
466.000,0,1.000,0.646,321,false,325.939,9.600,false
466.000,1,1.000,0.678,564,false,569.252,16.800,false
466.000,2,2.000,1.712,873,false,888.599,25.200,false
466.000,3,3.000,2.534,1345,false,1368.813,36.000,false
466.000,4,2.000,4.108,1829,false,1868.554,48.000,true
467.000,0,1.000,0.752,322,false,328.000,9.600,false
467.000,1,1.000,0.774,565,false,571.219,16.800,false
467.000,2,2.000,1.799,874,false,890.462,25.200,false
467.000,3,3.000,2.674,1348,false,1373.212,36.000,false
467.000,4,5.000,4.375,1834,false,1876.231,48.000,true
468.000,0,0.000,0.527,322,false,325.743,9.600,false
468.000,1,1.000,0.842,565,false,571.896,16.800,false
468.000,2,0.000,1.259,874,false,885.066,25.200,false
468.000,3,0.000,1.872,1348,false,1365.191,36.000,false
468.000,4,4.000,4.263,1838,false,1879.105,48.000,true
469.000,0,2.000,0.969,324,false,332.163,9.600,false
469.000,1,1.000,0.889,566,false,573.370,16.800,false
469.000,2,2.000,1.481,876,false,889.289,25.200,false
469.000,3,2.000,1.910,1350,false,1367.577,36.000,false
469.000,4,1.000,3.284,1839,false,1870.316,48.000,true
470.000,0,1.000,0.978,325,false,333.257,9.600,false
470.000,1,1.000,0.923,567,false,574.702,16.800,false
470.000,2,2.000,1.637,878,false,892.845,25.200,false
470.000,3,3.000,2.237,1353,false,1373.847,36.000,false
470.000,4,4.000,3.499,1843,false,1876.464,48.000,true
471.000,0,0.000,0.685,324,false,329.323,9.600,false
471.000,1,1.000,0.946,568,false,575.934,16.800,false
471.000,2,1.000,1.446,879,false,891.935,25.200,false
471.000,3,0.000,1.566,1352,false,1366.136,36.000,false
471.000,4,3.000,3.349,1846,false,1877.968,48.000,true
472.000,0,0.000,0.479,324,false,327.269,9.600,false
472.000,1,1.000,0.962,569,false,577.097,16.800,false
472.000,2,1.000,1.312,880,false,891.597,25.200,false
472.000,3,2.000,1.696,1354,false,1369.438,36.000,false
472.000,4,8.000,4.744,1854,false,1899.920,48.000,true
473.000,0,0.000,0.335,324,false,325.831,9.600,false
473.000,1,1.000,0.973,570,false,578.211,16.800,false
473.000,2,2.000,1.518,881,false,894.661,25.200,false
473.000,3,1.000,1.487,1355,false,1368.349,36.000,false
473.000,4,3.000,4.221,1856,false,1896.687,48.000,true
474.000,0,1.000,0.535,325,false,328.825,9.600,false
474.000,1,0.000,0.681,570,false,575.290,16.800,false
474.000,2,0.000,1.063,881,false,890.105,25.200,false
474.000,3,4.000,2.241,1359,false,1379.887,36.000,false
474.000,4,1.000,3.255,1857,false,1888.024,48.000,true
475.000,0,0.000,0.374,325,false,327.220,9.600,false
475.000,1,0.000,0.477,569,false,572.246,16.800,false
475.000,2,2.000,1.344,883,false,894.917,25.200,false
475.000,3,2.000,2.169,1361,false,1381.164,36.000,false
475.000,4,2.000,2.878,1859,false,1886.260,48.000,false
476.000,0,0.000,0.262,325,false,326.097,9.600,false
476.000,1,2.000,0.934,571,false,578.815,16.800,false
476.000,2,5.000,2.441,888,false,910.885,25.200,false
476.000,3,1.000,1.818,1362,false,1378.658,36.000,false
476.000,4,5.000,3.515,1864,false,1897.625,48.000,true
477.000,0,2.000,0.783,327,false,333.311,9.600,false
477.000,1,1.000,0.954,571,false,579.013,16.800,false
477.000,2,1.000,2.009,889,false,907.562,25.200,false
477.000,3,0.000,1.273,1362,false,1373.203,36.000,false
477.000,4,7.000,4.560,1871,false,1915.080,48.000,true
478.000,0,0.000,0.548,327,false,330.960,9.600,false
478.000,1,1.000,0.968,572,false,580.152,16.800,false
478.000,2,0.000,1.406,889,false,901.536,25.200,false
478.000,3,4.000,2.091,1366,false,1385.385,36.000,false
478.000,4,4.000,4.392,1875,false,1917.399,48.000,true
479.000,0,1.000,0.684,328,false,333.315,9.600,false
479.000,1,1.000,0.977,573,false,581.249,16.800,false
479.000,2,1.000,1.284,890,false,901.318,25.200,false
479.000,3,3.000,2.364,1369,false,1391.112,36.000,false
479.000,4,5.000,4.575,1879,false,1923.222,48.000,true
480.000,0,0.000,0.479,328,false,331.263,9.600,false
480.000,1,1.000,0.984,574,false,582.317,16.800,false
480.000,2,0.000,0.899,890,false,897.466,25.200,false
480.000,3,2.000,2.255,1371,false,1392.022,36.000,false
480.000,4,3.000,4.102,1882,false,1921.498,48.000,true
481.000,0,2.000,0.935,330,false,337.827,9.600,false
481.000,1,3.000,1.589,577,false,591.365,16.800,false
481.000,2,1.000,0.929,891,false,898.769,25.200,false
481.000,3,4.000,2.778,1375,false,1401.258,36.000,false
481.000,4,3.000,3.772,1885,false,1921.192,48.000,true
482.000,0,0.000,0.655,330,false,335.022,9.600,false
482.000,1,3.000,2.012,580,false,598.598,16.800,false
482.000,2,1.000,0.950,892,false,899.981,25.200,false
482.000,3,0.000,1.945,1375,false,1392.923,36.000,false
482.000,4,4.000,3.840,1889,false,1925.877,48.000,true
483.000,0,0.000,0.458,330,false,333.058,9.600,false
483.000,1,0.000,1.409,579,false,591.562,16.800,false
483.000,2,2.000,1.265,894,false,905.130,25.200,false
483.000,3,3.000,2.261,1377,false,1398.089,36.000,false
483.000,4,6.000,4.488,1895,false,1938.357,48.000,true
484.000,0,0.000,0.321,330,false,331.684,9.600,false
484.000,1,3.000,1.886,582,false,599.336,16.800,false
484.000,2,1.000,1.186,894,false,904.334,25.200,false
484.000,3,3.000,2.483,1380,false,1403.305,36.000,false
484.000,4,3.000,4.042,1898,false,1936.893,48.000,true
485.000,0,2.000,0.825,332,false,338.721,9.600,false
485.000,1,1.000,1.620,583,false,597.678,16.800,false
485.000,2,2.000,1.430,896,false,908.776,25.200,false
485.000,3,8.000,4.138,1387,false,1426.857,36.000,true
485.000,4,5.000,4.329,1903,false,1944.768,48.000,true
486.000,0,0.000,0.577,331,false,335.248,9.600,false
486.000,1,4.000,2.334,587,false,608.818,16.800,false
486.000,2,3.000,1.901,899,false,916.486,25.200,false
486.000,3,2.000,3.497,1389,false,1422.442,36.000,true
486.000,4,3.000,3.930,1905,false,1942.780,48.000,true
487.000,0,1.000,0.704,332,false,337.516,9.600,false
487.000,1,1.000,1.934,588,false,605.815,16.800,false
487.000,2,3.000,2.231,902,false,922.783,25.200,false
487.000,3,2.000,3.048,1391,false,1419.953,36.000,true
487.000,4,7.000,4.851,1912,false,1958.989,48.000,true
488.000,0,0.000,0.493,332,false,335.404,9.600,false
488.000,1,1.000,1.654,589,false,604.013,16.800,false
488.000,2,2.000,2.161,904,false,924.091,25.200,false
488.000,3,2.000,2.733,1393,false,1418.810,36.000,false
488.000,4,8.000,5.796,1920,false,1976.435,48.000,true
489.000,0,1.000,0.645,333,false,337.926,9.600,false
489.000,1,2.000,1.758,590,false,606.052,16.800,false
489.000,2,1.000,1.813,905,false,921.607,25.200,false
489.000,3,4.000,3.113,1397,false,1426.610,36.000,true
489.000,4,2.000,4.657,1922,false,1967.047,48.000,true
490.000,0,0.000,0.451,333,false,335.991,9.600,false
490.000,1,1.000,1.530,591,false,604.779,16.800,false
490.000,2,1.000,1.569,906,false,920.168,25.200,false
490.000,3,1.000,2.479,1397,false,1420.270,36.000,false
490.000,4,2.000,3.860,1924,false,1961.076,48.000,true
491.000,0,3.000,1.216,336,false,346.637,9.600,false
491.000,1,1.000,1.371,592,false,604.188,16.800,false
491.000,2,4.000,2.298,910,false,931.460,25.200,false
491.000,3,1.000,2.036,1398,false,1416.832,36.000,false
491.000,4,3.000,3.602,1927,false,1961.496,48.000,true
492.000,0,0.000,0.851,335,false,341.988,9.600,false
492.000,1,2.000,1.560,594,false,608.075,16.800,false
492.000,2,3.000,2.509,913,false,936.565,25.200,false
492.000,3,4.000,2.625,1402,false,1426.725,36.000,false
492.000,4,3.000,3.421,1930,false,1962.690,48.000,true
493.000,0,0.000,0.596,335,false,339.435,9.600,false
493.000,1,0.000,1.092,594,false,603.395,16.800,false
493.000,2,0.000,1.756,913,false,929.038,25.200,false
493.000,3,3.000,2.737,1405,false,1430.850,36.000,false
493.000,4,7.000,4.495,1937,false,1980.426,48.000,true
494.000,0,0.000,0.417,335,false,337.647,9.600,false
494.000,1,3.000,1.664,597,false,612.120,16.800,false
494.000,2,3.000,2.129,915,false,934.770,25.200,false
494.000,3,3.000,2.816,1408,false,1434.638,36.000,false
494.000,4,2.000,3.746,1939,false,1974.941,48.000,true
495.000,0,2.000,0.892,337,false,344.396,9.600,false
495.000,1,3.000,2.065,600,false,619.127,16.800,false
495.000,2,2.000,2.091,917,false,936.382,25.200,false
495.000,3,3.000,2.871,1411,false,1438.190,36.000,false
495.000,4,5.000,4.123,1944,false,1983.702,48.000,true
496.000,0,3.000,1.524,340,false,353.720,9.600,false
496.000,1,0.000,1.446,600,false,612.931,16.800,false
496.000,2,1.000,1.763,918,false,934.110,25.200,false
496.000,3,6.000,3.810,1417,false,1453.576,36.000,true
496.000,4,4.000,4.086,1948,false,1987.334,48.000,true
497.000,0,1.000,1.367,341,false,353.147,9.600,false
497.000,1,2.000,1.612,602,false,616.595,16.800,false
497.000,2,2.000,1.834,920,false,936.820,25.200,false
497.000,3,3.000,3.567,1420,false,1454.146,36.000,true
497.000,4,1.000,3.160,1949,false,1979.077,48.000,true
498.000,0,1.000,1.257,342,false,353.046,9.600,false
498.000,1,3.000,2.028,605,false,623.759,16.800,false
498.000,2,2.000,1.884,922,false,939.317,25.200,false
498.000,3,0.000,2.497,1420,false,1443.445,36.000,false
498.000,4,4.000,3.412,1953,false,1985.596,48.000,true
499.000,0,0.000,0.880,342,false,349.275,9.600,false
499.000,1,1.000,1.720,606,false,621.674,16.800,false
499.000,2,0.000,1.319,922,false,933.665,25.200,false
499.000,3,3.000,2.648,1423,false,1447.954,36.000,false
499.000,4,0.000,2.388,1953,false,1975.360,48.000,false
500.000,0,2.000,1.216,344,false,354.635,9.600,false
500.000,1,1.000,1.504,607,false,620.515,16.800,false
500.000,2,0.000,0.923,921,false,928.708,25.200,false
500.000,3,5.000,3.353,1428,false,1460.011,36.000,true
500.000,4,3.000,2.572,1955,false,1979.195,48.000,false
501.000,0,2.000,1.451,346,false,358.988,9.600,false
501.000,1,0.000,1.053,607,false,616.003,16.800,false
501.000,2,1.000,0.946,922,false,929.939,25.200,false
501.000,3,2.000,2.947,1430,false,1457.950,36.000,false
501.000,4,5.000,3.300,1960,false,1991.479,48.000,true
502.000,0,2.000,1.616,347,false,361.634,9.600,false
502.000,1,1.000,1.037,608,false,616.845,16.800,false
502.000,2,3.000,1.562,925,false,939.100,25.200,false
502.000,3,5.000,3.563,1435,false,1469.108,36.000,true
502.000,4,4.000,3.510,1964,false,1997.578,48.000,true
503.000,0,0.000,1.131,347,false,356.787,9.600,false
503.000,1,1.000,1.026,608,false,616.734,16.800,false
503.000,2,2.000,1.694,927,false,942.413,25.200,false
503.000,3,3.000,3.394,1438,false,1470.419,36.000,true
503.000,4,2.000,3.057,1966,false,1995.048,48.000,true
504.000,0,0.000,0.792,347,false,353.394,9.600,false
504.000,1,0.000,0.718,608,false,613.657,16.800,false
504.000,2,1.000,1.486,928,false,941.332,25.200,false
504.000,3,5.000,3.876,1443,false,1480.236,36.000,true
504.000,4,8.000,4.540,1974,false,2017.876,48.000,true
505.000,0,0.000,0.554,347,false,351.018,9.600,false
505.000,1,0.000,0.503,608,false,611.503,16.800,false
505.000,2,2.000,1.640,930,false,944.875,25.200,false
505.000,3,3.000,3.613,1446,false,1480.608,36.000,true
505.000,4,5.000,4.678,1979,false,2024.256,48.000,true
506.000,0,0.000,0.388,347,false,349.356,9.600,false
506.000,1,2.000,0.952,610,false,617.995,16.800,false
506.000,2,2.000,1.748,932,false,947.955,25.200,false
506.000,3,3.000,3.429,1449,false,1481.768,36.000,true
506.000,4,8.000,5.675,1987,false,2042.222,48.000,true
507.000,0,1.000,0.572,348,false,352.192,9.600,false
507.000,1,0.000,0.666,609,false,614.139,16.800,false
507.000,2,1.000,1.524,933,false,946.712,25.200,false
507.000,3,5.000,3.900,1454,false,1491.481,36.000,true
507.000,4,6.000,5.772,1992,false,2048.198,48.000,true
508.000,0,0.000,0.400,348,false,350.477,9.600,false
508.000,1,2.000,1.066,611,false,620.140,16.800,false
508.000,2,1.000,1.366,933,false,945.141,25.200,false
508.000,3,4.000,3.930,1457,false,1494.779,36.000,true
508.000,4,4.000,5.241,1996,false,2046.882,48.000,true
509.000,0,1.000,0.580,348,false,352.277,9.600,false
509.000,1,1.000,1.046,612,false,620.941,16.800,false
509.000,2,2.000,1.557,935,false,949.042,25.200,false
509.000,3,4.000,3.951,1461,false,1498.988,36.000,true
509.000,4,3.000,4.568,1999,false,2043.160,48.000,true
510.000,0,4.000,1.606,352,false,366.537,9.600,false
510.000,1,1.000,1.033,613,false,621.802,16.800,false
510.000,2,2.000,1.690,937,false,952.372,25.200,false
510.000,3,2.000,3.366,1462,false,1494.135,36.000,true
510.000,4,6.000,4.998,2005,false,2053.455,48.000,true
511.000,0,1.000,1.424,353,false,365.719,9.600,false
511.000,1,1.000,1.023,614,false,622.704,16.800,false
511.000,2,3.000,2.083,940,false,959.303,25.200,false
511.000,3,2.000,2.956,1464,false,1492.037,36.000,false
511.000,4,5.000,4.999,2009,false,2057.461,48.000,true
512.000,0,1.000,1.297,354,false,365.446,9.600,false
512.000,1,3.000,1.616,616,false,630.636,16.800,false
512.000,2,1.000,1.758,941,false,957.055,25.200,false
512.000,3,3.000,2.969,1467,false,1495.169,36.000,false
512.000,4,2.000,4.099,2011,false,2050.466,48.000,true
513.000,0,1.000,1.208,355,false,365.555,9.600,false
513.000,1,1.000,1.431,617,false,629.788,16.800,false
513.000,2,3.000,2.131,944,false,963.781,25.200,false
513.000,3,2.000,2.678,1469,false,1494.261,36.000,false
513.000,4,3.000,3.769,2014,false,2050.169,48.000,true
514.000,0,0.000,0.846,355,false,361.931,9.600,false
514.000,1,7.000,3.102,624,false,653.494,16.800,true
514.000,2,4.000,2.691,948,false,973.390,25.200,false
514.000,3,3.000,2.775,1472,false,1498.226,36.000,false
514.000,4,8.000,5.038,2022,false,2070.861,48.000,true
515.000,0,2.000,1.192,357,false,367.395,9.600,false
515.000,1,1.000,2.471,625,false,648.189,16.800,false
515.000,2,0.000,1.884,947,false,964.316,25.200,false
515.000,3,3.000,2.842,1475,false,1501.901,36.000,false
515.000,4,2.000,4.127,2024,false,2063.746,48.000,true
516.000,0,2.000,1.434,359,false,371.819,9.600,false
516.000,1,1.000,2.030,626,false,644.775,16.800,false
516.000,2,2.000,1.919,949,false,966.664,25.200,false
516.000,3,1.000,2.290,1476,false,1497.373,36.000,false
516.000,4,4.000,4.089,2028,false,2067.365,48.000,true
517.000,0,2.000,1.604,361,false,375.516,9.600,false
517.000,1,2.000,2.021,628,false,646.685,16.800,false
517.000,2,1.000,1.643,950,false,964.908,25.200,false
517.000,3,1.000,1.903,1476,false,1493.504,36.000,false
517.000,4,5.000,4.362,2033,false,2075.098,48.000,true
518.000,0,0.000,1.123,361,false,370.704,9.600,false
518.000,1,2.000,2.015,630,false,648.623,16.800,false
518.000,2,1.000,1.450,951,false,963.978,25.200,false
518.000,3,3.000,2.232,1479,false,1499.796,36.000,false
518.000,4,8.000,5.454,2041,false,2094.012,48.000,true
519.000,0,1.000,1.086,362,false,371.336,9.600,false
519.000,1,0.000,1.410,630,false,642.579,16.800,false
519.000,2,3.000,1.915,953,false,970.628,25.200,false
519.000,3,1.000,1.862,1480,false,1497.100,36.000,false
519.000,4,1.000,4.117,2042,false,2081.651,48.000,true
520.000,0,1.000,1.060,363,false,372.078,9.600,false
520.000,1,1.000,1.287,630,false,641.348,16.800,false
520.000,2,4.000,2.541,957,false,980.882,25.200,false
520.000,3,2.000,1.904,1482,false,1499.513,36.000,false
520.000,4,3.000,3.782,2045,false,2081.299,48.000,true
521.000,0,0.000,0.742,362,false,367.897,9.600,false
521.000,1,0.000,0.901,630,false,637.486,16.800,false
521.000,2,1.000,2.078,958,false,977.260,25.200,false
521.000,3,6.000,3.133,1488,false,1517.802,36.000,true
521.000,4,2.000,3.248,2047,false,2077.952,48.000,true
522.000,0,0.000,0.519,362,false,365.671,9.600,false
522.000,1,0.000,0.631,630,false,634.783,16.800,false
522.000,2,4.000,2.655,962,false,987.025,25.200,false
522.000,3,3.000,3.093,1491,false,1520.404,36.000,true
522.000,4,5.000,3.773,2052,false,2088.209,48.000,true
523.000,0,0.000,0.364,362,false,364.113,9.600,false
523.000,1,0.000,0.442,630,false,632.891,16.800,false
523.000,2,1.000,2.158,962,false,982.060,25.200,false
523.000,3,2.000,2.765,1492,false,1518.126,36.000,false
523.000,4,2.000,3.241,2053,false,2083.889,48.000,true
524.000,0,1.000,0.555,362,false,366.022,9.600,false
524.000,1,1.000,0.609,631,false,635.567,16.800,false
524.000,2,1.000,1.811,963,false,979.585,25.200,false
524.000,3,6.000,3.735,1498,false,1533.831,36.000,true
524.000,4,2.000,2.869,2055,false,2082.165,48.000,false
525.000,0,0.000,0.388,362,false,364.358,9.600,false
525.000,1,0.000,0.426,630,false,632.740,16.800,false
525.000,2,2.000,1.868,965,false,982.152,25.200,false
525.000,3,4.000,3.815,1502,false,1538.624,36.000,true
525.000,4,2.000,2.608,2057,false,2081.559,48.000,false
526.000,0,0.000,0.272,362,false,363.193,9.600,false
526.000,1,0.000,0.298,630,false,631.461,16.800,false
526.000,2,2.000,1.907,967,false,984.550,25.200,false
526.000,3,1.000,2.970,1503,false,1531.180,36.000,false
526.000,4,5.000,3.326,2062,false,2093.734,48.000,true
527.000,0,1.000,0.490,363,false,366.378,9.600,false
527.000,1,0.000,0.209,630,false,630.565,16.800,false
527.000,2,0.000,1.335,967,false,978.828,25.200,false
527.000,3,2.000,2.679,1505,false,1530.269,36.000,false
527.000,4,5.000,3.828,2066,false,2102.757,48.000,true
528.000,0,1.000,0.643,363,false,367.908,9.600,false
528.000,1,0.000,0.146,630,false,629.939,16.800,false
528.000,2,1.000,1.235,967,false,977.822,25.200,false
528.000,3,2.000,2.475,1507,false,1530.231,36.000,false
528.000,4,3.000,3.580,2069,false,2103.272,48.000,true
529.000,0,0.000,0.450,363,false,365.978,9.600,false
529.000,1,2.000,0.702,631,false,636.500,16.800,false
529.000,2,0.000,0.864,967,false,974.118,25.200,false
529.000,3,7.000,3.833,1513,false,1549.805,36.000,true
529.000,4,4.000,3.706,2073,false,2108.534,48.000,true
530.000,0,3.000,1.215,366,false,376.628,9.600,false
530.000,1,2.000,1.092,633,false,642.393,16.800,false
530.000,2,2.000,1.205,969,false,979.526,25.200,false
530.000,3,5.000,4.183,1518,false,1558.306,36.000,true
530.000,4,3.000,3.494,2076,false,2109.416,48.000,true
531.000,0,1.000,1.151,367,false,376.982,9.600,false
531.000,1,1.000,1.064,634,false,643.118,16.800,false
531.000,2,3.000,1.743,972,false,987.911,25.200,false
531.000,3,0.000,2.928,1518,false,1545.757,36.000,false
531.000,4,2.000,3.046,2078,false,2106.934,48.000,true
532.000,0,1.000,1.105,368,false,377.530,9.600,false
532.000,1,0.000,0.745,634,false,639.925,16.800,false
532.000,2,4.000,2.420,976,false,998.680,25.200,false
532.000,3,6.000,3.850,1524,false,1560.973,36.000,true
532.000,4,4.000,3.332,2082,false,2113.797,48.000,true
533.000,0,1.000,1.074,369,false,378.214,9.600,false
533.000,1,4.000,1.721,638,false,653.691,16.800,false
533.000,2,4.000,2.894,980,false,1007.419,25.200,false
533.000,3,4.000,3.895,1528,false,1565.424,36.000,true
533.000,4,5.000,3.832,2087,false,2123.801,48.000,true
534.000,0,2.000,1.352,371,false,382.993,9.600,false
534.000,1,1.000,1.505,639,false,652.526,16.800,false
534.000,2,3.000,2.926,982,false,1009.736,25.200,false
534.000,3,7.000,4.826,1534,false,1580.740,36.000,true
534.000,4,5.000,4.183,2092,false,2132.303,48.000,true
535.000,0,0.000,0.946,371,false,378.938,9.600,false
535.000,1,1.000,1.354,640,false,652.011,16.800,false
535.000,2,1.000,2.348,983,false,1004.958,25.200,false
535.000,3,6.000,5.178,1540,false,1590.261,36.000,true
535.000,4,5.000,4.428,2096,false,2138.755,48.000,true
536.000,0,1.000,0.962,371,false,379.099,9.600,false
536.000,1,2.000,1.547,642,false,655.951,16.800,false
536.000,2,5.000,3.144,987,false,1016.914,25.200,true
536.000,3,2.000,4.225,1542,false,1582.725,36.000,true
536.000,4,5.000,4.600,2101,false,2145.471,48.000,true
537.000,0,1.000,0.974,372,false,380.212,9.600,false
537.000,1,1.000,1.383,643,false,655.308,16.800,false
537.000,2,2.000,2.801,989,false,1015.482,25.200,false
537.000,3,2.000,3.557,1544,false,1578.051,36.000,true
537.000,4,3.000,4.120,2104,false,2143.673,48.000,true
538.000,0,1.000,0.982,373,false,381.292,9.600,false
538.000,1,1.000,1.268,643,false,654.159,16.800,false
538.000,2,4.000,3.160,993,false,1023.081,25.200,true
538.000,3,6.000,4.290,1550,false,1591.378,36.000,true
538.000,4,1.000,3.184,2105,false,2135.314,48.000,true
539.000,0,1.000,0.987,374,false,382.347,9.600,false
539.000,1,1.000,1.188,644,false,654.354,16.800,false
539.000,2,3.000,3.112,996,false,1025.599,25.200,true
539.000,3,6.000,4.803,1556,false,1602.508,36.000,true
539.000,4,2.000,2.829,2106,false,2132.763,48.000,false
540.000,0,1.000,0.991,374,false,382.386,9.600,false
540.000,1,3.000,1.731,647,false,662.791,16.800,false
540.000,2,1.000,2.479,997,false,1020.262,25.200,false
540.000,3,5.000,4.862,1560,false,1607.098,36.000,true
540.000,4,5.000,3.480,2111,false,2144.277,48.000,true
541.000,0,1.000,0.994,375,false,383.413,9.600,false
541.000,1,0.000,1.212,647,false,657.596,16.800,false
541.000,2,2.000,2.335,999,false,1020.826,25.200,false
541.000,3,4.000,4.604,1564,false,1608.512,36.000,true
541.000,4,1.000,2.736,2112,false,2137.837,48.000,false
542.000,0,1.000,0.996,376,false,384.432,9.600,false
542.000,1,1.000,1.148,648,false,657.960,16.800,false
542.000,2,3.000,2.535,1002,false,1025.821,25.200,false
542.000,3,2.000,3.822,1566,false,1602.701,36.000,true
542.000,4,3.000,2.815,2115,false,2141.628,48.000,false
543.000,0,0.000,0.697,376,false,381.445,9.600,false
543.000,1,1.000,1.104,648,false,657.515,16.800,false
543.000,2,2.000,2.374,1004,false,1026.218,25.200,false
543.000,3,1.000,2.976,1567,false,1595.234,36.000,false
543.000,4,3.000,2.871,2118,false,2145.183,48.000,false
544.000,0,2.000,1.088,378,false,387.354,9.600,false
544.000,1,2.000,1.373,650,false,662.203,16.800,false
544.000,2,2.000,2.262,1006,false,1027.095,25.200,false
544.000,3,1.000,2.383,1568,false,1590.306,36.000,false
544.000,4,4.000,3.209,2122,false,2152.571,48.000,true
545.000,0,0.000,0.761,378,false,384.091,9.600,false
545.000,1,0.000,0.961,650,false,658.085,16.800,false
545.000,2,2.000,2.183,1008,false,1028.310,25.200,false
545.000,3,1.000,1.968,1569,false,1587.157,36.000,false
545.000,4,6.000,4.047,2128,false,2166.942,48.000,true
546.000,0,0.000,0.533,377,false,380.807,9.600,false
546.000,1,1.000,0.973,650,false,658.203,16.800,false
546.000,2,0.000,1.528,1008,false,1021.760,25.200,false
546.000,3,6.000,3.178,1575,false,1605.253,36.000,true
546.000,4,5.000,4.333,2133,false,2174.803,48.000,true
547.000,0,0.000,0.373,377,false,379.207,9.600,false
547.000,1,1.000,0.981,651,false,659.285,16.800,false
547.000,2,7.000,3.170,1015,false,1045.175,25.200,true
547.000,3,2.000,2.824,1576,false,1602.720,36.000,false
547.000,4,8.000,5.433,2141,false,2193.805,48.000,true
548.000,0,0.000,0.261,377,false,378.088,9.600,false
548.000,1,2.000,1.287,653,false,664.342,16.800,false
548.000,2,1.000,2.519,1016,false,1039.665,25.200,false
548.000,3,4.000,3.177,1580,false,1610.247,36.000,true
548.000,4,6.000,5.603,2147,false,2201.506,48.000,true
549.000,0,0.000,0.183,377,false,377.305,9.600,false
549.000,1,0.000,0.901,653,false,660.482,16.800,false
549.000,2,1.000,2.063,1017,false,1036.108,25.200,false
549.000,3,2.000,2.824,1582,false,1608.716,36.000,false
549.000,4,4.000,5.122,2151,false,2200.697,48.000,true
550.000,0,0.000,0.128,377,false,376.756,9.600,false
550.000,1,1.000,0.930,654,false,661.780,16.800,false
550.000,2,4.000,2.644,1020,false,1044.919,25.200,false
550.000,3,1.000,2.277,1583,false,1604.244,36.000,false
550.000,4,2.000,4.185,2153,false,2193.331,48.000,true
551.000,0,1.000,0.390,378,false,380.372,9.600,false
551.000,1,0.000,0.651,654,false,658.989,16.800,false
551.000,2,4.000,3.051,1024,false,1052.986,25.200,true
551.000,3,0.000,1.594,1583,false,1597.414,36.000,false
551.000,4,6.000,4.730,2159,false,2204.774,48.000,true
552.000,0,0.000,0.273,377,false,378.203,9.600,false
552.000,1,2.000,1.056,656,false,665.035,16.800,false
552.000,2,4.000,3.336,1028,false,1059.833,25.200,true
552.000,3,0.000,1.116,1583,false,1592.632,36.000,false
552.000,4,2.000,3.911,2161,false,2198.585,48.000,true
553.000,0,2.000,0.791,379,false,385.385,9.600,false
553.000,1,0.000,0.739,656,false,661.868,16.800,false
553.000,2,4.000,3.535,1032,false,1065.826,25.200,true
553.000,3,3.000,1.681,1585,false,1600.285,36.000,false
553.000,4,6.000,4.538,2166,false,2209.852,48.000,true
554.000,0,1.000,0.854,380,false,387.012,9.600,false
554.000,1,1.000,0.817,657,false,663.650,16.800,false
554.000,2,1.000,2.774,1033,false,1059.221,25.200,false
554.000,3,1.000,1.477,1586,false,1599.243,36.000,false
554.000,4,4.000,4.376,2170,false,2212.239,48.000,true
555.000,0,1.000,0.898,381,false,388.452,9.600,false
555.000,1,1.000,0.872,657,false,664.198,16.800,false
555.000,2,4.000,3.142,1037,false,1066.898,25.200,true
555.000,3,4.000,2.234,1590,false,1610.813,36.000,false
555.000,4,0.000,3.063,2170,false,2199.111,48.000,true
556.000,0,0.000,0.628,380,false,384.759,9.600,false
556.000,1,0.000,0.611,657,false,661.581,16.800,false
556.000,2,3.000,3.099,1040,false,1069.471,25.200,true
556.000,3,3.000,2.464,1593,false,1616.112,36.000,false
556.000,4,8.000,4.544,2178,false,2221.920,48.000,true
557.000,0,1.000,0.740,381,false,386.874,9.600,false
557.000,1,0.000,0.427,657,false,659.750,16.800,false
557.000,2,0.000,2.170,1040,false,1060.173,25.200,false
557.000,3,5.000,3.224,1598,false,1628.721,36.000,true
557.000,4,2.000,3.781,2180,false,2216.287,48.000,true
558.000,0,1.000,0.818,382,false,388.655,9.600,false
558.000,1,1.000,0.599,658,false,662.468,16.800,false
558.000,2,4.000,2.719,1044,false,1069.664,25.200,false
558.000,3,3.000,3.157,1601,false,1631.048,36.000,true
558.000,4,3.000,3.547,2183,false,2216.944,48.000,true
559.000,0,2.000,1.172,384,false,394.201,9.600,false
559.000,1,2.000,1.019,660,false,668.670,16.800,false
559.000,2,3.000,2.803,1047,false,1073.507,25.200,false
559.000,3,2.000,2.810,1602,false,1628.576,36.000,false
559.000,4,2.000,3.083,2185,false,2214.303,48.000,true
560.000,0,1.000,1.121,385,false,394.684,9.600,false
560.000,1,2.000,1.314,662,false,673.612,16.800,false
560.000,2,3.000,2.862,1050,false,1077.098,25.200,false
560.000,3,4.000,3.167,1606,false,1636.146,36.000,true
560.000,4,7.000,4.258,2192,false,2233.055,48.000,true
561.000,0,1.000,1.085,386,false,395.321,9.600,false
561.000,1,2.000,1.520,664,false,677.671,16.800,false
561.000,2,2.000,2.604,1052,false,1076.512,25.200,false
561.000,3,5.000,3.717,1611,false,1646.645,36.000,true
561.000,4,2.000,3.581,2194,false,2228.282,48.000,true
562.000,0,2.000,1.359,388,false,400.068,9.600,false
562.000,1,2.000,1.664,665,false,680.113,16.800,false
562.000,2,1.000,2.122,1053,false,1072.701,25.200,false
562.000,3,2.000,3.202,1613,false,1643.494,36.000,true
562.000,4,6.000,4.306,2200,false,2241.540,48.000,true
563.000,0,0.000,0.951,387,false,394.990,9.600,false
563.000,1,0.000,1.165,665,false,675.122,16.800,false
563.000,2,2.000,2.086,1055,false,1074.334,25.200,false
563.000,3,1.000,2.541,1614,false,1637.889,36.000,false
563.000,4,3.000,3.914,2203,false,2240.621,48.000,true
564.000,0,2.000,1.266,389,false,400.136,9.600,false
564.000,1,1.000,1.115,666,false,675.628,16.800,false
564.000,2,1.000,1.760,1056,false,1072.076,25.200,false
564.000,3,5.000,3.279,1619,false,1650.265,36.000,true
564.000,4,3.000,3.640,2206,false,2240.877,48.000,true
565.000,0,2.000,1.486,391,false,404.338,9.600,false
565.000,1,1.000,1.081,667,false,676.283,16.800,false
565.000,2,3.000,2.132,1059,false,1078.796,25.200,false
565.000,3,1.000,2.595,1620,false,1644.428,36.000,false
565.000,4,3.000,3.448,2209,false,2241.957,48.000,true
566.000,0,2.000,1.640,393,false,407.880,9.600,false
566.000,1,1.000,1.056,668,false,677.041,16.800,false
566.000,2,3.000,2.392,1061,false,1083.400,25.200,false
566.000,3,3.000,2.717,1622,false,1647.643,36.000,false
566.000,4,3.000,3.314,2212,false,2243.613,48.000,true
567.000,0,1.000,1.448,394,false,406.959,9.600,false
567.000,1,0.000,0.740,667,false,672.871,16.800,false
567.000,2,1.000,1.975,1062,false,1080.223,25.200,false
567.000,3,1.000,2.202,1623,false,1643.493,36.000,false
567.000,4,1.000,2.620,2213,false,2237.672,48.000,false
568.000,0,0.000,1.014,394,false,402.614,9.600,false
568.000,1,1.000,0.818,668,false,674.653,16.800,false
568.000,2,2.000,1.982,1064,false,1082.299,25.200,false
568.000,3,5.000,3.041,1628,false,1656.888,36.000,true
568.000,4,4.000,3.034,2217,false,2245.813,48.000,true
569.000,0,0.000,0.710,393,false,398.573,9.600,false
569.000,1,0.000,0.572,668,false,672.200,16.800,false
569.000,2,1.000,1.688,1064,false,1079.352,25.200,false
569.000,3,3.000,3.029,1631,false,1659.764,36.000,true
569.000,4,3.000,3.024,2219,false,2247.712,48.000,true
570.000,0,0.000,0.497,393,false,396.444,9.600,false
570.000,1,3.000,1.301,671,false,682.483,16.800,false
570.000,2,1.000,1.481,1065,false,1078.289,25.200,false
570.000,3,1.000,2.420,1632,false,1654.678,36.000,false
570.000,4,5.000,3.617,2224,false,2258.641,48.000,true
571.000,0,0.000,0.348,393,false,394.953,9.600,false
571.000,1,2.000,1.510,673,false,686.581,16.800,false
571.000,2,2.000,1.637,1067,false,1081.845,25.200,false
571.000,3,4.000,2.894,1635,false,1662.417,36.000,false
571.000,4,7.000,4.632,2231,false,2275.792,48.000,true
572.000,0,1.000,0.543,394,false,397.910,9.600,false
572.000,1,0.000,1.057,673,false,682.049,16.800,false
572.000,2,2.000,1.746,1069,false,1084.935,25.200,false
572.000,3,2.000,2.626,1637,false,1661.735,36.000,false
572.000,4,2.000,3.842,2232,false,2268.897,48.000,true
573.000,0,0.000,0.380,394,false,396.280,9.600,false
573.000,1,2.000,1.340,675,false,686.877,16.800,false
573.000,2,1.000,1.522,1070,false,1083.697,25.200,false
573.000,3,4.000,3.038,1641,false,1669.857,36.000,true
573.000,4,6.000,4.489,2238,false,2281.371,48.000,true
574.000,0,2.000,0.866,396,false,403.139,9.600,false
574.000,1,0.000,0.938,675,false,682.857,16.800,false
574.000,2,5.000,2.565,1075,false,1099.131,25.200,false
574.000,3,3.000,3.027,1644,false,1672.743,36.000,true
574.000,4,4.000,4.343,2242,false,2283.902,48.000,true
575.000,0,1.000,0.906,397,false,404.540,9.600,false
575.000,1,1.000,0.957,675,false,683.043,16.800,false
575.000,2,3.000,2.696,1078,false,1103.434,25.200,false
575.000,3,2.000,2.719,1646,false,1671.663,36.000,false
575.000,4,3.000,3.940,2245,false,2282.875,48.000,true
576.000,0,0.000,0.634,397,false,401.821,9.600,false
576.000,1,2.000,1.270,677,false,688.173,16.800,false
576.000,2,3.000,2.787,1080,false,1106.347,25.200,false
576.000,3,1.000,2.203,1647,false,1667.507,36.000,false
576.000,4,7.000,4.858,2251,false,2298.055,48.000,true
577.000,0,1.000,0.744,397,false,402.917,9.600,false
577.000,1,0.000,0.889,677,false,684.364,16.800,false
577.000,2,1.000,2.251,1081,false,1101.986,25.200,false
577.000,3,1.000,1.842,1647,false,1663.898,36.000,false
577.000,4,2.000,4.001,2253,false,2291.481,48.000,true
578.000,0,0.000,0.521,397,false,400.685,9.600,false
578.000,1,0.000,0.622,677,false,681.698,16.800,false
578.000,2,2.000,2.176,1083,false,1103.233,25.200,false
578.000,3,4.000,2.490,1651,false,1674.371,36.000,false
578.000,4,3.000,3.700,2256,false,2291.480,48.000,true
579.000,0,0.000,0.365,397,false,399.122,9.600,false
579.000,1,4.000,1.635,681,false,695.831,16.800,false
579.000,2,3.000,2.423,1086,false,1108.706,25.200,false
579.000,3,3.000,2.643,1654,false,1678.903,36.000,false
579.000,4,2.000,3.190,2258,false,2288.379,48.000,true
580.000,0,0.000,0.255,397,false,398.029,9.600,false
580.000,1,1.000,1.445,682,false,694.925,16.800,false
580.000,2,0.000,1.696,1086,false,1101.437,25.200,false
580.000,3,3.000,2.750,1657,false,1682.975,36.000,false
580.000,4,9.000,4.933,2267,false,2314.808,48.000,true
581.000,0,0.000,0.179,396,false,396.263,9.600,false
581.000,1,2.000,1.611,683,false,697.590,16.800,false
581.000,2,1.000,1.487,1087,false,1100.349,25.200,false
581.000,3,6.000,3.725,1663,false,1698.725,36.000,true
581.000,4,3.000,4.353,2269,false,2311.008,48.000,true
582.000,0,1.000,0.425,397,false,399.727,9.600,false
582.000,1,2.000,1.728,685,false,700.756,16.800,false
582.000,2,4.000,2.241,1091,false,1111.887,25.200,false
582.000,3,4.000,3.807,1667,false,1703.550,36.000,true
582.000,4,2.000,3.647,2271,false,2305.949,48.000,true
583.000,0,0.000,0.298,397,false,398.452,9.600,false
583.000,1,2.000,1.810,687,false,703.572,16.800,false
583.000,2,2.000,2.169,1093,false,1113.164,25.200,false
583.000,3,2.000,3.265,1669,false,1700.128,36.000,true
583.000,4,4.000,3.753,2275,false,2311.007,48.000,true
584.000,0,0.000,0.208,397,false,397.559,9.600,false
584.000,1,0.000,1.267,686,false,697.143,16.800,false
584.000,2,1.000,1.818,1094,false,1110.657,25.200,false
584.000,3,4.000,3.486,1672,false,1705.333,36.000,true
584.000,4,6.000,4.427,2281,false,2323.748,48.000,true
585.000,0,0.000,0.146,397,false,396.934,9.600,false
585.000,1,0.000,0.887,686,false,693.343,16.800,false
585.000,2,2.000,1.873,1096,false,1113.203,25.200,false
585.000,3,4.000,3.640,1676,false,1710.876,36.000,true
585.000,4,2.000,3.699,2283,false,2318.466,48.000,true
586.000,0,1.000,0.402,398,false,400.497,9.600,false
586.000,1,2.000,1.221,688,false,698.683,16.800,false
586.000,2,5.000,2.811,1101,false,1127.585,25.200,false
586.000,3,4.000,3.748,1679,false,1714.956,36.000,true
586.000,4,2.000,3.189,2285,false,2315.369,48.000,true
587.000,0,0.000,0.281,398,false,399.291,9.600,false
587.000,1,0.000,0.854,687,false,694.021,16.800,false
587.000,2,1.000,2.268,1102,false,1123.152,25.200,false
587.000,3,1.000,2.924,1680,false,1707.712,36.000,false
587.000,4,3.000,3.133,2288,false,2317.801,48.000,true
588.000,0,1.000,0.497,399,false,402.446,9.600,false
588.000,1,0.000,0.598,687,false,691.458,16.800,false
588.000,2,0.000,1.587,1102,false,1116.350,25.200,false
588.000,3,2.000,2.647,1682,false,1706.941,36.000,false
588.000,4,3.000,3.093,2291,false,2320.404,48.000,true
589.000,0,0.000,0.348,398,false,399.955,9.600,false
589.000,1,1.000,0.719,688,false,693.663,16.800,false
589.000,2,1.000,1.411,1102,false,1114.588,25.200,false
589.000,3,3.000,2.753,1685,false,1711.002,36.000,false
589.000,4,3.000,3.065,2294,false,2323.126,48.000,true
590.000,0,0.000,0.244,398,false,398.912,9.600,false
590.000,1,3.000,1.403,691,false,703.507,16.800,false
590.000,2,3.000,1.888,1105,false,1122.354,25.200,false
590.000,3,6.000,3.727,1691,false,1726.744,36.000,true
590.000,4,2.000,2.745,2296,false,2321.931,48.000,false
591.000,0,0.000,0.170,398,false,398.181,9.600,false
591.000,1,2.000,1.582,693,false,707.298,16.800,false
591.000,2,1.000,1.621,1106,false,1120.691,25.200,false
591.000,3,4.000,3.809,1695,false,1731.564,36.000,true
591.000,4,7.000,4.022,2303,false,2341.694,48.000,true
592.000,0,3.000,1.019,401,false,409.670,9.600,false
592.000,1,2.000,1.708,695,false,710.551,16.800,false
592.000,2,1.000,1.435,1106,false,1118.826,25.200,false
592.000,3,4.000,3.866,1699,false,1736.137,36.000,true
592.000,4,6.000,4.615,2309,false,2353.629,48.000,true
593.000,0,0.000,0.714,401,false,406.612,9.600,false
593.000,1,0.000,1.195,695,false,705.429,16.800,false
593.000,2,4.000,2.205,1110,false,1130.521,25.200,false
593.000,3,2.000,3.306,1701,false,1732.539,36.000,true
593.000,4,4.000,4.431,2313,false,2355.783,48.000,true
594.000,0,0.000,0.499,401,false,404.471,9.600,false
594.000,1,2.000,1.437,697,false,709.843,16.800,false
594.000,2,2.000,2.143,1112,false,1131.908,25.200,false
594.000,3,2.000,2.914,1702,false,1729.620,36.000,false
594.000,4,3.000,4.001,2316,false,2354.491,48.000,true
595.000,0,1.000,0.650,401,false,405.972,9.600,false
595.000,1,2.000,1.606,699,false,713.533,16.800,false
595.000,2,2.000,2.100,1114,false,1133.478,25.200,false
595.000,3,3.000,2.940,1705,false,1732.877,36.000,false
595.000,4,3.000,3.701,2319,false,2354.487,48.000,true
596.000,0,0.000,0.455,401,false,404.024,9.600,false
596.000,1,3.000,2.024,702,false,720.716,16.800,false
596.000,2,0.000,1.470,1113,false,1126.178,25.200,false
596.000,3,4.000,3.258,1709,false,1740.057,36.000,true
596.000,4,2.000,3.191,2320,false,2350.383,48.000,true
597.000,0,3.000,1.218,404,false,414.659,9.600,false
597.000,1,1.000,1.717,703,false,718.644,16.800,false
597.000,2,3.000,1.929,1116,false,1133.767,25.200,false
597.000,3,0.000,2.281,1708,false,1729.283,36.000,false
597.000,4,3.000,3.134,2323,false,2352.811,48.000,true
598.000,0,0.000,0.853,404,false,411.004,9.600,false
598.000,1,1.000,1.502,703,false,716.494,16.800,false
598.000,2,2.000,1.950,1118,false,1135.980,25.200,false
598.000,3,2.000,2.196,1710,false,1730.441,36.000,false
598.000,4,5.000,3.693,2328,false,2363.411,48.000,true
599.000,0,2.000,1.197,406,false,416.446,9.600,false
599.000,1,1.000,1.351,704,false,715.988,16.800,false
599.000,2,3.000,2.265,1121,false,1142.129,25.200,false
599.000,3,0.000,1.538,1709,false,1722.851,36.000,false
599.000,4,3.000,3.485,2331,false,2364.330,48.000,true
