time,node_id,observed_arrival_rate,smoothed_arrival_rate,waiting_queue_size,idle,predicted_queue_size,proactive_queue_threshold,proactive_risk
0.000,0,1.000,1.000,0,false,8.476,9.600,false
0.000,1,0.000,0.000,0,true,0.000,16.800,false
0.000,2,0.000,0.000,0,true,0.000,25.200,false
0.000,3,2.000,2.000,1,false,19.476,36.000,false
0.000,4,7.000,7.000,6,false,74.476,48.000,true
1.000,0,1.000,1.000,1,false,9.476,9.600,false
1.000,1,2.000,0.600,1,false,5.476,16.800,false
1.000,2,1.000,0.300,0,false,1.476,25.200,false
1.000,3,5.000,2.900,6,false,33.476,36.000,false
1.000,4,2.000,5.500,8,false,61.476,48.000,true
2.000,0,0.000,0.700,1,false,6.476,9.600,false
2.000,1,1.000,0.720,2,false,7.676,16.800,false
2.000,2,2.000,0.810,2,false,8.576,25.200,false
2.000,3,3.000,2.930,9,false,36.776,36.000,false
2.000,4,4.000,5.050,12,false,60.976,48.000,true
3.000,0,1.000,0.790,2,false,8.376,9.600,false
3.000,1,1.000,0.804,3,false,9.516,16.800,false
3.000,2,1.000,0.867,3,false,10.146,25.200,false
3.000,3,3.000,2.951,12,false,39.986,36.000,false
3.000,4,2.000,4.135,14,false,53.826,48.000,false
4.000,0,1.000,0.853,3,false,10.006,9.600,false
4.000,1,2.000,1.163,5,false,15.104,16.800,false
4.000,2,1.000,0.907,4,false,11.545,25.200,false
4.000,3,4.000,3.266,16,false,47.133,36.000,false
4.000,4,4.000,4.094,18,false,57.421,48.000,false
5.000,0,0.000,0.597,3,false,7.447,9.600,false
5.000,1,2.000,1.414,7,false,19.616,16.800,false
5.000,2,1.000,0.935,5,false,12.824,25.200,false
5.000,3,1.000,2.586,17,false,41.336,36.000,false
5.000,4,2.000,3.466,19,false,52.138,48.000,false
6.000,0,0.000,0.418,3,false,5.656,9.600,false
6.000,1,2.000,1.590,9,false,23.374,16.800,false
6.000,2,1.000,0.954,5,false,13.020,25.200,false
6.000,3,5.000,3.310,22,false,53.578,36.000,false
6.000,4,8.000,4.826,27,false,73.739,48.000,true
7.000,0,0.000,0.293,3,false,4.402,9.600,false
7.000,1,1.000,1.413,10,false,22.605,16.800,false
7.000,2,2.000,1.268,7,false,18.157,25.200,false
7.000,3,6.000,4.117,28,false,67.648,36.000,true
7.000,4,1.000,3.678,28,false,63.260,48.000,false
8.000,0,0.000,0.205,2,false,2.524,9.600,false
8.000,1,2.000,1.589,12,false,26.366,16.800,false
8.000,2,5.000,2.388,11,false,33.353,25.200,false
8.000,3,1.000,3.182,29,false,59.296,36.000,false
8.000,4,5.000,4.075,33,false,72.225,48.000,false
9.000,0,3.000,1.043,5,false,13.910,9.600,true
9.000,1,1.000,1.412,12,false,24.599,16.800,false
9.000,2,2.000,2.271,13,false,34.190,25.200,false
9.000,3,4.000,3.427,33,false,65.750,36.000,false
9.000,4,4.000,4.052,37,false,76.000,48.000,false
10.000,0,1.000,1.030,6,false,14.780,9.600,true
10.000,1,2.000,1.589,14,false,28.362,16.800,false
10.000,2,3.000,2.490,16,false,39.376,25.200,false
10.000,3,5.000,3.899,38,false,75.468,36.000,true
10.000,4,2.000,3.437,39,false,71.843,48.000,false
11.000,0,0.000,0.721,6,false,11.689,9.600,false
11.000,1,0.000,1.112,14,false,23.596,16.800,false
11.000,2,1.000,2.043,17,false,35.906,25.200,false
11.000,3,2.000,3.329,40,false,71.770,36.000,false
11.000,4,7.000,4.506,45,false,88.533,48.000,false
12.000,0,1.000,0.805,7,false,13.525,9.600,false
12.000,1,3.000,1.678,17,false,32.260,16.800,false
12.000,2,1.000,1.730,17,false,32.777,25.200,false
12.000,3,5.000,3.831,44,false,80.782,36.000,true
12.000,4,5.000,4.654,50,false,95.016,48.000,false
13.000,0,0.000,0.563,7,false,11.110,9.600,false
13.000,1,3.000,2.075,20,false,39.225,16.800,true
13.000,2,1.000,1.511,18,false,31.587,25.200,false
13.000,3,2.000,3.281,46,false,77.290,36.000,false
13.000,4,3.000,4.158,53,false,93.054,48.000,false
14.000,0,0.000,0.394,6,false,8.420,9.600,false
14.000,1,0.000,1.452,20,false,33.000,16.800,false
14.000,2,2.000,1.658,20,false,35.054,25.200,false
14.000,3,4.000,3.497,50,false,83.446,36.000,false
14.000,4,1.000,3.210,54,false,84.581,48.000,false
15.000,0,2.000,0.876,8,false,15.237,9.600,false
15.000,1,1.000,1.317,21,false,32.643,16.800,false
15.000,2,1.000,1.460,21,false,34.080,25.200,false
15.000,3,1.000,2.748,51,false,76.955,36.000,false
15.000,4,5.000,3.747,59,false,94.949,48.000,false
16.000,0,0.000,0.613,8,false,12.609,9.600,false
16.000,1,1.000,1.222,21,false,31.693,16.800,false
16.000,2,3.000,1.922,24,false,41.699,25.200,false
16.000,3,5.000,3.424,55,false,87.711,36.000,false
16.000,4,4.000,3.823,63,false,99.707,48.000,false
17.000,0,0.000,0.429,8,false,10.769,9.600,false
17.000,1,1.000,1.155,22,false,32.028,16.800,false
17.000,2,3.000,2.246,27,false,47.932,25.200,false
17.000,3,3.000,3.296,58,false,89.441,36.000,false
17.000,4,10.000,5.676,73,false,128.238,48.000,true
18.000,0,0.000,0.300,8,false,9.481,9.600,false
18.000,1,1.000,1.109,23,false,32.562,16.800,false
18.000,2,3.000,2.472,30,false,53.195,25.200,false
18.000,3,2.000,2.908,60,false,87.551,36.000,false
18.000,4,2.000,4.573,74,false,118.209,48.000,false
19.000,0,1.000,0.510,9,false,12.580,9.600,false
19.000,1,0.000,0.776,23,false,29.237,16.800,false
19.000,2,2.000,2.330,32,false,53.780,25.200,false
19.000,3,3.000,2.935,63,false,90.829,36.000,false
19.000,4,6.000,5.001,80,false,128.489,48.000,true
20.000,0,0.000,0.357,9,false,11.049,9.600,false
20.000,1,2.000,1.143,24,false,33.908,16.800,false
20.000,2,1.000,1.931,32,false,49.789,25.200,false
20.000,3,1.000,2.355,64,false,86.023,36.000,false
20.000,4,2.000,4.101,82,false,121.486,48.000,false
21.000,0,1.000,0.550,10,false,13.977,9.600,false
21.000,1,3.000,1.700,27,false,42.479,16.800,true
21.000,2,2.000,1.952,34,false,51.995,25.200,false
21.000,3,2.000,2.248,66,false,86.959,36.000,false
21.000,4,5.000,4.371,87,false,129.183,48.000,false
22.000,0,2.000,0.985,11,false,19.327,9.600,true
22.000,1,3.000,2.090,30,false,49.378,16.800,true
22.000,2,1.000,1.666,35,false,50.139,25.200,false
22.000,3,4.000,2.774,70,false,96.214,36.000,false
22.000,4,5.000,4.559,92,false,136.071,48.000,false
23.000,0,0.000,0.690,11,false,16.372,9.600,false
23.000,1,0.000,1.463,30,false,43.107,16.800,false
23.000,2,2.000,1.766,37,false,53.140,25.200,false
23.000,3,2.000,2.542,72,false,95.893,36.000,false
23.000,4,5.000,4.692,97,false,142.392,48.000,false
24.000,0,1.000,0.783,12,false,18.303,9.600,false
24.000,1,4.000,2.224,33,false,53.718,16.800,true
24.000,2,1.000,1.536,38,false,51.841,25.200,false
24.000,3,1.000,2.079,72,false,91.268,36.000,false
24.000,4,4.000,4.484,101,false,144.318,48.000,false
25.000,0,0.000,0.548,11,false,14.955,9.600,false
25.000,1,1.000,1.857,34,false,51.046,16.800,true
25.000,2,0.000,1.076,38,false,47.232,25.200,false
25.000,3,6.000,3.255,78,false,109.030,36.000,false
25.000,4,3.000,4.039,103,false,141.865,48.000,false
26.000,0,2.000,0.984,13,false,21.311,9.600,true
26.000,1,3.000,2.200,37,false,57.475,16.800,true
26.000,2,4.000,1.953,42,false,60.005,25.200,false
26.000,3,6.000,4.079,84,false,123.264,36.000,true
26.000,4,6.000,4.627,109,false,153.748,48.000,false
27.000,0,1.000,0.988,14,false,22.361,9.600,true
27.000,1,1.000,1.840,38,false,54.875,16.800,true
27.000,2,2.000,1.967,44,false,62.146,25.200,false
27.000,3,2.000,3.455,86,false,119.028,36.000,false
27.000,4,6.000,5.039,115,false,163.867,48.000,true
28.000,0,1.000,0.992,14,false,22.395,9.600,true
28.000,1,1.000,1.588,39,false,53.355,16.800,false
28.000,2,0.000,1.377,44,false,56.245,25.200,false
28.000,3,2.000,3.019,88,false,116.662,36.000,false
28.000,4,5.000,5.027,119,false,167.750,48.000,true
29.000,0,0.000,0.694,14,false,19.420,9.600,false
29.000,1,1.000,1.412,40,false,52.592,16.800,false
29.000,2,1.000,1.264,45,false,56.115,25.200,false
29.000,3,4.000,3.313,91,false,122.606,36.000,false
29.000,4,6.000,5.319,125,false,176.668,48.000,true
30.000,0,1.000,0.786,15,false,21.337,9.600,false
30.000,1,1.000,1.288,41,false,52.357,16.800,false
30.000,2,3.000,1.785,48,false,64.323,25.200,false
30.000,3,4.000,3.519,95,false,128.667,36.000,false
30.000,4,9.000,6.423,134,false,196.710,48.000,true
31.000,0,1.000,0.850,16,false,22.978,9.600,false
31.000,1,2.000,1.502,43,false,56.493,16.800,false
31.000,2,1.000,1.549,49,false,62.969,25.200,false
31.000,3,1.000,2.763,96,false,122.110,36.000,false
31.000,4,7.000,6.596,141,false,205.440,48.000,true
32.000,0,1.000,0.895,17,false,24.428,9.600,false
32.000,1,4.000,2.251,47,false,67.988,16.800,true
32.000,2,3.000,1.984,52,false,70.321,25.200,false
32.000,3,6.000,3.734,102,false,137.820,36.000,true
32.000,4,6.000,6.417,147,false,209.651,48.000,true
33.000,0,3.000,1.527,20,false,33.742,9.600,true
33.000,1,1.000,1.876,48,false,65.234,16.800,true
33.000,2,3.000,2.289,55,false,76.368,25.200,false
33.000,3,2.000,3.214,103,false,133.617,36.000,false
33.000,4,1.000,4.792,148,false,194.398,48.000,false
34.000,0,0.000,1.069,19,false,28.162,9.600,true
34.000,1,2.000,1.913,49,false,66.607,16.800,true
34.000,2,1.000,1.902,56,false,73.500,25.200,false
34.000,3,2.000,2.850,105,false,131.975,36.000,false
34.000,4,5.000,4.855,153,false,200.022,48.000,true
35.000,0,1.000,1.048,20,false,28.957,9.600,true
35.000,1,0.000,1.339,49,false,60.868,16.800,false
35.000,2,4.000,2.532,59,false,82.793,25.200,true
35.000,3,3.000,2.895,108,false,135.425,36.000,false
35.000,4,6.000,5.198,159,false,209.458,48.000,true
36.000,0,1.000,1.034,21,false,29.812,9.600,true
36.000,1,2.000,1.537,51,false,64.850,16.800,false
36.000,2,1.000,2.072,60,false,79.198,25.200,false
36.000,3,2.000,2.626,110,false,134.740,36.000,false
36.000,4,6.000,5.439,165,false,217.864,48.000,true
37.000,0,0.000,0.724,21,false,26.712,9.600,false
37.000,1,3.000,1.976,53,false,71.238,16.800,true
37.000,2,0.000,1.451,60,false,72.981,25.200,false
37.000,3,7.000,3.938,117,false,154.861,36.000,true
37.000,4,7.000,5.907,172,false,229.547,48.000,true
38.000,0,2.000,1.106,23,false,32.541,9.600,true
38.000,1,1.000,1.683,54,false,69.309,16.800,true
38.000,2,4.000,2.215,64,false,84.630,25.200,false
38.000,3,6.000,4.557,122,false,166.046,36.000,true
38.000,4,6.000,5.935,178,false,235.826,48.000,true
39.000,0,1.000,1.075,24,false,33.222,9.600,true
39.000,1,2.000,1.778,56,false,72.259,16.800,true
39.000,2,1.000,1.851,65,false,81.984,25.200,false
39.000,3,1.000,3.490,123,false,156.375,36.000,false
39.000,4,3.000,5.054,181,false,230.021,48.000,true
40.000,0,4.000,1.952,27,false,44.998,9.600,true
40.000,1,0.000,1.245,56,false,66.924,16.800,false
40.000,2,1.000,1.596,66,false,80.431,25.200,false
40.000,3,4.000,3.643,127,false,161.905,36.000,true
40.000,4,3.000,4.438,184,false,226.858,48.000,false
41.000,0,2.000,1.967,29,false,47.141,9.600,true
41.000,1,1.000,1.171,57,false,67.190,16.800,false
41.000,2,2.000,1.717,67,false,82.645,25.200,false
41.000,3,1.000,2.850,128,false,154.977,36.000,false
41.000,4,6.000,4.907,190,false,237.543,48.000,true
42.000,0,2.000,1.977,31,false,49.242,9.600,true
42.000,1,4.000,2.020,61,false,79.676,16.800,true
42.000,2,2.000,1.802,69,false,85.494,25.200,false
42.000,3,2.000,2.595,130,false,154.426,36.000,false
42.000,4,9.000,6.135,199,false,258.823,48.000,true
43.000,0,0.000,1.384,30,false,42.312,9.600,true
43.000,1,1.000,1.714,61,false,76.616,16.800,true
43.000,2,0.000,1.261,69,false,80.089,25.200,false
43.000,3,3.000,2.717,133,false,158.641,36.000,false
43.000,4,4.000,5.494,203,false,256.419,48.000,true
44.000,0,1.000,1.269,31,false,42.161,9.600,true
44.000,1,3.000,2.100,64,false,83.474,16.800,true
44.000,2,4.000,2.083,73,false,92.305,25.200,false
44.000,3,3.000,2.802,136,false,162.492,36.000,false
44.000,4,2.000,4.446,204,false,246.936,48.000,false
45.000,0,2.000,1.488,33,false,46.356,9.600,true
45.000,1,0.000,1.470,64,false,77.175,16.800,false
45.000,2,1.000,1.758,74,false,90.056,25.200,false
45.000,3,5.000,3.461,141,false,174.087,36.000,false
45.000,4,8.000,5.512,212,false,265.598,48.000,true
46.000,0,2.000,1.642,35,false,49.892,9.600,true
46.000,1,0.000,1.029,64,false,72.765,16.800,false
46.000,2,2.000,1.831,76,false,92.782,25.200,false
46.000,3,3.000,3.323,143,false,174.704,36.000,false
46.000,4,3.000,4.759,215,false,261.062,48.000,false
47.000,0,1.000,1.449,36,false,48.967,9.600,true
47.000,1,2.000,1.320,66,false,77.678,16.800,false
47.000,2,3.000,2.181,79,false,99.290,25.200,false
47.000,3,1.000,2.626,144,false,168.736,36.000,false
47.000,4,6.000,5.131,221,false,270.786,48.000,true
48.000,0,0.000,1.014,36,false,44.620,9.600,true
48.000,1,1.000,1.224,67,false,77.718,16.800,false
48.000,2,0.000,1.527,79,false,92.746,25.200,false
48.000,3,1.000,2.138,145,false,164.858,36.000,false
48.000,4,2.000,4.192,223,false,263.393,48.000,false
49.000,0,0.000,0.710,35,false,40.577,9.600,false
49.000,1,2.000,1.457,69,false,82.045,16.800,false
49.000,2,3.000,1.969,81,false,99.165,25.200,false
49.000,3,5.000,2.997,150,false,178.443,36.000,false
49.000,4,5.000,4.434,228,false,270.818,48.000,false
50.000,0,0.000,0.497,35,false,38.447,9.600,false
50.000,1,3.000,1.920,71,false,88.675,16.800,true
50.000,2,3.000,2.278,84,false,105.258,25.200,false
50.000,3,3.000,2.998,152,false,180.453,36.000,false
50.000,4,2.000,3.704,229,false,264.515,48.000,false
51.000,0,0.000,0.348,35,false,36.955,9.600,false
51.000,1,2.000,1.944,73,false,90.915,16.800,true
51.000,2,1.000,1.895,85,false,102.424,25.200,false
51.000,3,1.000,2.398,153,false,175.460,36.000,false
51.000,4,2.000,3.193,231,false,261.404,48.000,false
52.000,0,0.000,0.244,35,false,35.912,9.600,false
52.000,1,2.000,1.961,75,false,93.083,16.800,true
52.000,2,1.000,1.626,86,false,100.740,25.200,false
52.000,3,2.000,2.279,155,false,176.265,36.000,false
52.000,4,2.000,2.835,233,false,259.825,48.000,false
53.000,0,0.000,0.170,35,false,35.181,9.600,false
53.000,1,1.000,1.673,76,false,91.201,16.800,false
53.000,2,3.000,2.038,88,false,106.861,25.200,false
53.000,3,0.000,1.595,155,false,169.428,36.000,false
53.000,4,2.000,2.584,235,false,259.321,48.000,false
54.000,0,0.000,0.119,35,false,34.670,9.600,false
54.000,1,0.000,1.171,76,false,86.184,16.800,false
54.000,2,3.000,2.327,91,false,112.745,25.200,false
54.000,3,1.000,1.417,156,false,168.643,36.000,false
54.000,4,1.000,2.109,235,false,254.567,48.000,false
55.000,0,1.000,0.384,36,false,38.312,9.600,false
55.000,1,3.000,1.720,79,false,94.671,16.800,true
55.000,2,3.000,2.529,94,false,117.765,25.200,true
55.000,3,3.000,1.892,159,false,176.393,36.000,false
55.000,4,3.000,2.376,238,false,260.240,48.000,false
56.000,0,0.000,0.268,36,false,37.161,9.600,false
56.000,1,2.000,1.804,81,false,97.513,16.800,true
56.000,2,1.000,2.070,95,false,114.178,25.200,false
56.000,3,0.000,1.324,159,false,170.718,36.000,false
56.000,4,4.000,2.863,242,false,269.111,48.000,false
57.000,0,0.000,0.188,36,false,36.356,9.600,false
57.000,1,0.000,1.263,81,false,92.102,16.800,false
57.000,2,6.000,3.249,101,false,131.967,25.200,true
57.000,3,1.000,1.227,159,false,169.745,36.000,false
57.000,4,5.000,3.504,247,false,280.520,48.000,false
58.000,0,0.000,0.132,36,false,35.792,9.600,false
58.000,1,0.000,0.884,81,false,88.314,16.800,false
58.000,2,3.000,3.174,103,false,133.220,25.200,true
58.000,3,1.000,1.159,160,false,170.065,36.000,false
58.000,4,2.000,3.053,249,false,278.007,48.000,false
59.000,0,2.000,0.692,38,false,43.397,9.600,false
59.000,1,0.000,0.619,81,false,85.663,16.800,false
59.000,2,3.000,3.122,106,false,135.697,25.200,true
59.000,3,3.000,1.711,163,false,178.588,36.000,false
59.000,4,3.000,3.037,252,false,280.848,48.000,false
60.000,0,1.000,0.784,39,false,45.321,9.600,false
60.000,1,2.000,1.033,83,false,91.807,16.800,false
60.000,2,2.000,2.785,108,false,134.331,25.200,true
60.000,3,5.000,2.698,168,false,193.454,36.000,false
60.000,4,1.000,2.426,253,false,275.736,48.000,false
61.000,0,0.000,0.549,39,false,42.967,9.600,false
61.000,1,2.000,1.323,85,false,96.708,16.800,false
61.000,2,2.000,2.550,110,false,133.974,25.200,true
61.000,3,5.000,3.388,173,false,205.361,36.000,false
61.000,4,2.000,2.298,254,false,275.458,48.000,false
62.000,0,0.000,0.384,38,false,40.320,9.600,false
62.000,1,1.000,1.226,86,false,96.738,16.800,false
62.000,2,3.000,2.685,113,false,138.325,25.200,true
62.000,3,2.000,2.972,174,false,202.196,36.000,false
62.000,4,3.000,2.509,257,false,280.564,48.000,false
63.000,0,0.000,0.269,38,false,39.167,9.600,false
63.000,1,2.000,1.458,88,false,101.060,16.800,false
63.000,2,2.000,2.479,115,false,138.270,25.200,false
63.000,3,2.000,2.680,176,false,201.280,36.000,false
63.000,4,0.000,1.756,257,false,273.037,48.000,false
64.000,0,1.000,0.488,39,false,42.360,9.600,false
64.000,1,0.000,1.021,88,false,96.685,16.800,false
64.000,2,5.000,3.236,120,false,150.832,25.200,true
64.000,3,2.000,2.476,178,false,201.239,36.000,false
64.000,4,3.000,2.129,259,false,278.769,48.000,false
65.000,0,1.000,0.642,40,false,44.895,9.600,false
65.000,1,1.000,1.015,89,false,97.622,16.800,false
65.000,2,2.000,2.865,121,false,148.125,25.200,true
65.000,3,4.000,2.933,182,false,209.810,36.000,false
65.000,4,1.000,1.791,260,false,276.381,48.000,false
66.000,0,0.000,0.449,40,false,42.969,9.600,false
66.000,1,3.000,1.610,92,false,106.578,16.800,false
66.000,2,6.000,3.805,127,false,163.531,25.200,true
66.000,3,2.000,2.653,183,false,208.010,36.000,false
66.000,4,8.000,3.653,268,false,303.010,48.000,false
67.000,0,1.000,0.615,41,false,45.621,9.600,false
67.000,1,2.000,1.727,94,false,109.748,16.800,true
67.000,2,1.000,2.964,128,false,156.114,25.200,true
67.000,3,8.000,4.257,191,false,232.050,36.000,true
67.000,4,2.000,3.157,269,false,299.050,48.000,false
68.000,0,0.000,0.430,41,false,43.778,9.600,false
68.000,1,0.000,1.209,94,false,104.566,16.800,false
68.000,2,2.000,2.675,130,false,155.223,25.200,true
68.000,3,3.000,3.880,194,false,231.278,36.000,true
68.000,4,6.000,4.010,275,false,313.578,48.000,false
69.000,0,1.000,0.601,41,false,45.487,9.600,false
69.000,1,2.000,1.446,96,false,108.939,16.800,false
69.000,2,6.000,3.672,136,false,171.199,25.200,true
69.000,3,4.000,3.916,198,false,235.637,36.000,true
69.000,4,0.000,2.807,275,false,301.547,48.000,false
70.000,0,0.000,0.421,41,false,43.684,9.600,false
70.000,1,1.000,1.312,97,false,108.600,16.800,false
70.000,2,1.000,2.871,136,false,163.182,25.200,true
70.000,3,3.000,3.641,201,false,235.889,36.000,true
70.000,4,3.000,2.865,278,false,305.126,48.000,false
71.000,0,1.000,0.595,42,false,46.422,9.600,false
71.000,1,1.000,1.219,97,false,107.663,16.800,false
71.000,2,6.000,3.809,142,false,178.570,25.200,true
71.000,3,7.000,4.649,208,false,252.965,36.000,true
71.000,4,4.000,3.205,282,false,312.531,48.000,false
72.000,0,1.000,0.716,42,false,47.638,9.600,false
72.000,1,5.000,2.353,102,false,124.007,16.800,true
72.000,2,0.000,2.667,142,false,167.142,25.200,true
72.000,3,4.000,4.454,211,false,254.018,36.000,true
72.000,4,4.000,3.444,286,false,318.915,48.000,false
73.000,0,0.000,0.501,42,false,45.489,9.600,false
73.000,1,2.000,2.247,104,false,124.948,16.800,true
73.000,2,0.000,1.867,142,false,159.142,25.200,false
73.000,3,5.000,4.618,216,false,260.656,36.000,true
73.000,4,3.000,3.311,289,false,320.583,48.000,false
74.000,0,1.000,0.651,43,false,47.985,9.600,false
74.000,1,1.000,1.873,105,false,122.206,16.800,true
74.000,2,3.000,2.207,145,false,165.542,25.200,false
74.000,3,3.000,4.133,219,false,258.802,36.000,true
74.000,4,5.000,3.817,294,false,330.651,48.000,false
75.000,0,0.000,0.456,43,false,46.033,9.600,false
75.000,1,1.000,1.611,106,false,120.587,16.800,false
75.000,2,1.000,1.845,146,false,162.923,25.200,false
75.000,3,2.000,3.493,221,false,254.404,36.000,false
75.000,4,3.000,3.572,297,false,331.199,48.000,false
76.000,0,2.000,0.919,44,false,51.666,9.600,false
76.000,1,0.000,1.128,106,false,115.754,16.800,false
76.000,2,3.000,2.191,149,false,169.389,25.200,false
76.000,3,3.000,3.345,224,false,255.926,36.000,false
76.000,4,6.000,4.301,303,false,344.482,48.000,false
77.000,0,1.000,0.943,45,false,52.909,9.600,false
77.000,1,3.000,1.689,109,false,124.371,16.800,true
77.000,2,2.000,2.134,151,false,170.815,25.200,false
77.000,3,4.000,3.541,227,false,260.891,36.000,false
77.000,4,8.000,5.410,311,false,363.580,48.000,true
78.000,0,1.000,0.960,46,false,54.079,9.600,true
78.000,1,1.000,1.483,109,false,122.302,16.800,false
78.000,2,0.000,1.494,150,false,163.413,25.200,false
78.000,3,0.000,2.479,227,false,250.266,36.000,false
78.000,4,4.000,4.987,315,false,363.349,48.000,true
79.000,0,0.000,0.672,46,false,51.198,9.600,false
79.000,1,2.000,1.638,111,false,125.854,16.800,false
79.000,2,3.000,1.946,153,false,170.932,25.200,false
79.000,3,4.000,2.935,231,false,258.829,36.000,false
79.000,4,2.000,4.091,317,false,356.387,48.000,false
80.000,0,1.000,0.771,47,false,53.182,9.600,false
80.000,1,1.000,1.446,112,false,124.941,16.800,false
80.000,2,1.000,1.662,154,false,169.095,25.200,false
80.000,3,5.000,3.555,235,false,269.023,36.000,false
80.000,4,4.000,4.064,321,false,360.114,48.000,false
81.000,0,2.000,1.139,49,false,58.870,9.600,true
81.000,1,1.000,1.313,113,false,124.602,16.800,false
81.000,2,4.000,2.363,158,false,180.110,25.200,false
81.000,3,3.000,3.388,238,false,270.359,36.000,false
81.000,4,5.000,4.345,326,false,367.923,48.000,false
82.000,0,1.000,1.098,50,false,59.452,9.600,true
82.000,1,1.000,1.219,114,false,124.664,16.800,false
82.000,2,0.000,1.654,158,false,173.020,25.200,false
82.000,3,3.000,3.272,241,false,272.194,36.000,false
82.000,4,4.000,4.241,330,false,370.889,48.000,false
83.000,0,1.000,1.068,50,false,59.159,9.600,true
83.000,1,1.000,1.153,114,false,124.008,16.800,false
83.000,2,0.000,1.158,158,false,168.057,25.200,false
83.000,3,3.000,3.190,244,false,274.379,36.000,false
83.000,4,4.000,4.169,333,false,373.165,48.000,false
84.000,0,0.000,0.748,50,false,55.954,9.600,false
84.000,1,0.000,0.807,114,false,120.548,16.800,false
84.000,2,2.000,1.411,160,false,172.582,25.200,false
84.000,3,7.000,4.333,251,false,292.808,36.000,true
84.000,4,1.000,3.218,334,false,364.658,48.000,false
85.000,0,0.000,0.523,50,false,53.711,9.600,false
85.000,1,2.000,1.165,116,false,126.127,16.800,false
85.000,2,3.000,1.887,162,false,179.351,25.200,false
85.000,3,3.000,3.933,253,false,290.809,36.000,true
85.000,4,0.000,2.253,334,false,355.004,48.000,false
86.000,0,0.000,0.366,50,false,52.140,9.600,false
86.000,1,2.000,1.416,118,false,130.631,16.800,false
86.000,2,3.000,2.221,165,false,185.688,25.200,false
86.000,3,2.000,3.353,255,false,287.009,36.000,false
86.000,4,4.000,2.777,338,false,364.245,48.000,false
87.000,0,1.000,0.556,50,false,54.041,9.600,false
87.000,1,1.000,1.291,119,false,130.385,16.800,false
87.000,2,0.000,1.555,165,false,179.025,25.200,false
87.000,3,5.000,3.847,260,false,296.949,36.000,true
87.000,4,3.000,2.844,341,false,367.915,48.000,false
88.000,0,0.000,0.390,50,false,52.372,9.600,false
88.000,1,0.000,0.904,118,false,125.512,16.800,false
88.000,2,1.000,1.388,165,false,177.360,25.200,false
88.000,3,2.000,3.293,262,false,293.407,36.000,false
88.000,4,2.000,2.591,343,false,367.383,48.000,false
89.000,0,0.000,0.273,50,false,51.203,9.600,false
89.000,1,4.000,1.833,122,false,138.801,16.800,true
89.000,2,2.000,1.572,167,false,181.195,25.200,false
89.000,3,3.000,3.205,265,false,295.528,36.000,false
89.000,4,2.000,2.413,345,false,367.611,48.000,false
90.000,0,0.000,0.191,50,false,50.385,9.600,false
90.000,1,0.000,1.283,122,false,133.304,16.800,false
90.000,2,0.000,1.100,167,false,176.479,25.200,false
90.000,3,2.000,2.844,266,false,292.912,36.000,false
90.000,4,4.000,2.889,348,false,375.371,48.000,false
91.000,0,0.000,0.134,50,false,49.812,9.600,false
91.000,1,2.000,1.498,124,false,137.456,16.800,false
91.000,2,3.000,1.670,170,false,185.178,25.200,false
91.000,3,4.000,3.191,270,false,300.382,36.000,false
91.000,4,3.000,2.923,351,false,378.702,48.000,false
92.000,0,1.000,0.394,51,false,53.411,9.600,false
92.000,1,2.000,1.649,126,false,140.962,16.800,false
92.000,2,4.000,2.369,174,false,196.168,25.200,false
92.000,3,4.000,3.433,274,false,306.810,36.000,false
92.000,4,4.000,3.246,354,false,384.934,48.000,false
93.000,0,0.000,0.275,51,false,52.231,9.600,false
93.000,1,2.000,1.754,128,false,144.016,16.800,true
93.000,2,3.000,2.558,177,false,201.060,25.200,true
93.000,3,5.000,3.903,279,false,316.510,36.000,true
93.000,4,6.000,4.072,360,false,399.197,48.000,false
94.000,0,0.000,0.193,50,false,50.404,9.600,false
94.000,1,2.000,1.828,129,false,145.754,16.800,true
94.000,2,2.000,2.391,179,false,201.385,25.200,false
94.000,3,0.000,2.732,279,false,304.800,36.000,false
94.000,4,0.000,2.850,360,false,386.981,48.000,false
95.000,0,1.000,0.435,51,false,53.826,9.600,false
95.000,1,1.000,1.579,130,false,144.271,16.800,false
95.000,2,3.000,2.574,181,false,205.212,25.200,true
95.000,3,1.000,2.213,280,false,300.603,36.000,false
95.000,4,2.000,2.595,362,false,386.429,48.000,false
96.000,0,0.000,0.304,50,false,51.521,9.600,false
96.000,1,1.000,1.406,131,false,143.532,16.800,false
96.000,2,2.000,2.402,183,false,205.492,25.200,false
96.000,3,5.000,3.049,285,false,313.965,36.000,false
96.000,4,6.000,3.617,368,false,402.643,48.000,false
97.000,0,0.000,0.213,50,false,50.608,9.600,false
97.000,1,2.000,1.584,133,false,147.316,16.800,false
97.000,2,0.000,1.681,183,false,198.287,25.200,false
97.000,3,6.000,3.934,291,false,328.818,36.000,true
97.000,4,7.000,4.632,375,false,419.793,48.000,false
98.000,0,0.000,0.149,50,false,49.968,9.600,false
98.000,1,2.000,1.709,135,false,150.564,16.800,true
98.000,2,1.000,1.477,184,false,197.244,25.200,false
98.000,3,4.000,3.954,295,false,333.016,36.000,true
98.000,4,5.000,4.742,379,false,424.898,48.000,false
99.000,0,1.000,0.404,51,false,53.521,9.600,false
99.000,1,0.000,1.196,134,false,144.437,16.800,false
99.000,2,0.000,1.034,184,false,192.813,25.200,false
99.000,3,2.000,3.368,297,false,329.154,36.000,false
99.000,4,2.000,3.920,381,false,418.672,48.000,false
100.000,0,1.000,0.583,52,false,56.307,9.600,false
100.000,1,0.000,0.837,134,false,140.849,16.800,false
100.000,2,0.000,0.724,184,false,189.712,25.200,false
100.000,3,6.000,4.157,303,false,343.050,36.000,true
100.000,4,3.000,3.644,384,false,418.913,48.000,false
101.000,0,1.000,0.708,53,false,58.558,9.600,false
101.000,1,2.000,1.186,136,false,146.337,16.800,false
101.000,2,1.000,0.807,185,false,191.541,25.200,false
101.000,3,2.000,3.510,305,false,338.578,36.000,false
101.000,4,6.000,4.351,390,false,431.982,48.000,false
102.000,0,0.000,0.496,52,false,55.433,9.600,false
102.000,1,1.000,1.130,137,false,146.779,16.800,false
102.000,2,1.000,0.865,185,false,192.122,25.200,false
102.000,3,2.000,3.057,307,false,336.048,36.000,false
102.000,4,3.000,3.945,393,false,430.930,48.000,false
103.000,0,0.000,0.347,52,false,53.946,9.600,false
103.000,1,0.000,0.791,137,false,143.388,16.800,false
103.000,2,2.000,1.205,187,false,197.528,25.200,false
103.000,3,6.000,3.940,313,false,350.876,36.000,true
103.000,4,6.000,4.562,399,false,443.094,48.000,false
104.000,0,1.000,0.543,52,false,55.905,9.600,false
104.000,1,2.000,1.154,139,false,149.015,16.800,false
104.000,2,3.000,1.744,190,false,205.913,25.200,false
104.000,3,3.000,3.658,315,false,350.056,36.000,true
104.000,4,2.000,3.793,401,false,437.409,48.000,false
105.000,0,1.000,0.680,53,false,58.277,9.600,false
105.000,1,1.000,1.108,140,false,149.553,16.800,false
105.000,2,1.000,1.521,191,false,204.682,25.200,false
105.000,3,1.000,2.861,316,false,343.082,36.000,false
105.000,4,1.000,2.955,402,false,430.029,48.000,false
106.000,0,0.000,0.476,53,false,56.236,9.600,false
106.000,1,5.000,2.275,144,false,165.230,16.800,true
106.000,2,1.000,1.364,192,false,204.120,25.200,false
106.000,3,0.000,2.002,316,false,334.500,36.000,false
106.000,4,5.000,3.569,407,false,441.163,48.000,false
107.000,0,1.000,0.633,54,false,58.808,9.600,false
107.000,1,3.000,2.493,147,false,170.404,16.800,true
107.000,2,4.000,2.155,196,false,216.027,25.200,false
107.000,3,5.000,2.902,321,false,348.493,36.000,false
107.000,4,3.000,3.398,410,false,442.457,48.000,false
108.000,0,0.000,0.443,53,false,55.909,9.600,false
108.000,1,2.000,2.345,149,false,170.926,16.800,true
108.000,2,2.000,2.109,198,false,217.562,25.200,false
108.000,3,5.000,3.531,325,false,358.788,36.000,false
108.000,4,3.000,3.279,413,false,444.263,48.000,false
109.000,0,0.000,0.310,53,false,54.579,9.600,false
109.000,1,0.000,1.641,149,false,163.891,16.800,false
109.000,2,2.000,2.076,200,false,219.236,25.200,false
109.000,3,3.000,3.372,328,false,360.194,36.000,false
109.000,4,2.000,2.895,415,false,442.427,48.000,false
110.000,0,1.000,0.517,54,false,57.648,9.600,false
110.000,1,1.000,1.449,150,false,162.966,16.800,false
110.000,2,1.000,1.753,201,false,217.008,25.200,false
110.000,3,4.000,3.560,332,false,366.079,36.000,false
110.000,4,5.000,3.527,420,false,453.742,48.000,false
111.000,0,1.000,0.662,55,false,60.097,9.600,false
111.000,1,0.000,1.014,150,false,158.619,16.800,false
111.000,2,0.000,1.227,201,false,211.749,25.200,false
111.000,3,4.000,3.692,336,false,371.398,36.000,true
111.000,4,8.000,4.869,427,false,474.162,48.000,true
112.000,0,0.000,0.463,55,false,58.110,9.600,false
112.000,1,1.000,1.010,151,false,159.576,16.800,false
112.000,2,1.000,1.159,202,false,212.067,25.200,false
112.000,3,4.000,3.785,340,false,376.322,36.000,true
112.000,4,3.000,4.308,430,false,471.556,48.000,false
113.000,0,2.000,0.924,57,false,64.720,9.600,false
113.000,1,2.000,1.307,153,false,164.546,16.800,false
113.000,2,1.000,1.111,203,false,212.590,25.200,false
113.000,3,1.000,2.949,341,false,368.968,36.000,false
113.000,4,10.000,6.016,440,false,498.632,48.000,true
114.000,0,1.000,0.947,58,false,65.947,9.600,false
114.000,1,1.000,1.215,153,false,163.625,16.800,false
114.000,2,1.000,1.078,204,false,213.256,25.200,false
114.000,3,7.000,4.164,347,false,387.120,36.000,true
114.000,4,2.000,4.811,442,false,488.585,48.000,true
115.000,0,0.000,0.663,58,false,63.106,9.600,false
115.000,1,1.000,1.150,154,false,163.981,16.800,false
115.000,2,2.000,1.355,205,false,217.022,25.200,false
115.000,3,7.000,5.015,354,false,402.627,36.000,true
115.000,4,1.000,3.668,443,false,478.153,48.000,false
116.000,0,1.000,0.764,58,false,64.117,9.600,false
116.000,1,0.000,0.805,153,false,159.529,16.800,false
116.000,2,2.000,1.548,207,false,220.958,25.200,false
116.000,3,1.000,3.811,355,false,391.582,36.000,true
116.000,4,3.000,3.467,445,false,478.150,48.000,false
117.000,0,0.000,0.535,58,false,61.825,9.600,false
117.000,1,1.000,0.864,154,false,161.113,16.800,false
117.000,2,1.000,1.384,208,false,220.314,25.200,false
117.000,3,3.000,3.567,358,false,392.150,36.000,false
117.000,4,6.000,4.227,451,false,491.748,48.000,false
118.000,0,0.000,0.374,58,false,60.220,9.600,false
118.000,1,5.000,2.105,159,false,178.522,16.800,true
118.000,2,4.000,2.169,212,false,232.162,25.200,false
118.000,3,5.000,3.997,363,false,401.448,36.000,true
118.000,4,7.000,5.059,458,false,507.066,48.000,true
119.000,0,1.000,0.562,59,false,63.097,9.600,false
119.000,1,1.000,1.773,160,false,176.208,16.800,true
119.000,2,2.000,2.118,214,false,233.656,25.200,false
119.000,3,2.000,3.398,365,false,397.456,36.000,false
119.000,4,5.000,5.041,462,false,510.889,48.000,true
120.000,0,0.000,0.393,59,false,61.411,9.600,false
120.000,1,2.000,1.841,161,false,177.889,16.800,true
120.000,2,1.000,1.783,215,false,231.302,25.200,false
120.000,3,2.000,2.979,366,false,394.262,36.000,false
120.000,4,1.000,3.829,463,false,499.765,48.000,false
121.000,0,2.000,0.875,61,false,68.230,9.600,false
121.000,1,1.000,1.589,162,false,176.365,16.800,false
121.000,2,5.000,2.748,219,false,244.955,25.200,true
121.000,3,7.000,4.185,373,false,413.327,36.000,true
121.000,4,2.000,3.280,465,false,496.279,48.000,false
122.000,0,2.000,1.213,62,false,72.604,9.600,true
122.000,1,2.000,1.712,164,false,179.598,16.800,true
122.000,2,1.000,2.223,220,false,240.711,25.200,false
122.000,3,2.000,3.530,375,false,408.771,36.000,false
122.000,4,3.000,3.196,468,false,498.438,48.000,false
123.000,0,1.000,1.149,63,false,72.966,9.600,true
123.000,1,3.000,2.099,167,false,186.462,16.800,true
123.000,2,3.000,2.456,223,false,246.041,25.200,false
123.000,3,3.000,3.371,378,false,410.183,36.000,false
123.000,4,5.000,3.737,473,false,508.849,48.000,false
124.000,0,1.000,1.104,64,false,73.519,9.600,true
124.000,1,0.000,1.469,167,false,180.166,16.800,false
124.000,2,3.000,2.620,225,false,249.671,25.200,true
124.000,3,3.000,3.259,380,false,411.071,36.000,false
124.000,4,2.000,3.216,474,false,504.637,48.000,false
125.000,0,0.000,0.773,64,false,70.206,9.600,false
125.000,1,2.000,1.628,169,false,183.759,16.800,false
125.000,2,3.000,2.734,228,false,253.813,25.200,true
125.000,3,7.000,4.382,387,false,429.292,36.000,true
125.000,4,3.000,3.151,477,false,506.989,48.000,false
126.000,0,1.000,0.841,65,false,71.887,9.600,false
126.000,1,2.000,1.740,171,false,186.874,16.800,true
126.000,2,2.000,2.514,230,false,253.612,25.200,false
126.000,3,1.000,3.367,388,false,420.148,36.000,false
126.000,4,3.000,3.106,480,false,509.535,48.000,false
127.000,0,0.000,0.589,65,false,69.364,9.600,false
127.000,1,3.000,2.118,173,false,192.655,16.800,true
127.000,2,2.000,2.359,232,false,254.071,25.200,false
127.000,3,3.000,3.257,391,false,422.046,36.000,false
127.000,4,5.000,3.674,484,false,519.217,48.000,false
128.000,0,0.000,0.412,65,false,67.598,9.600,false
128.000,1,0.000,1.483,173,false,186.301,16.800,false
128.000,2,3.000,2.552,235,false,258.993,25.200,true
128.000,3,2.000,2.880,393,false,420.275,36.000,false
128.000,4,9.000,5.272,493,false,544.195,48.000,true
129.000,0,1.000,0.588,65,false,69.361,9.600,false
129.000,1,0.000,1.038,173,false,181.854,16.800,false
129.000,2,3.000,2.686,238,false,263.338,25.200,true
129.000,3,2.000,2.616,394,false,418.635,36.000,false
129.000,4,5.000,5.190,498,false,548.379,48.000,true
130.000,0,1.000,0.712,66,false,71.596,9.600,false
130.000,1,1.000,1.026,174,false,182.740,16.800,false
130.000,2,5.000,3.380,242,false,274.279,25.200,true
130.000,3,5.000,3.331,399,false,430.788,36.000,false
130.000,4,5.000,5.133,503,false,552.808,48.000,true
131.000,0,1.000,0.798,67,false,73.460,9.600,false
131.000,1,1.000,1.018,174,false,182.661,16.800,false
131.000,2,3.000,3.266,245,false,276.138,25.200,true
131.000,3,1.000,2.632,400,false,424.794,36.000,false
131.000,4,1.000,3.893,503,false,540.409,48.000,false
132.000,0,0.000,0.559,67,false,71.065,9.600,false
132.000,1,3.000,1.613,177,false,191.606,16.800,false
132.000,2,0.000,2.286,245,false,266.340,25.200,false
132.000,3,3.000,2.742,403,false,428.899,36.000,false
132.000,4,4.000,3.925,507,false,544.729,48.000,false
133.000,0,1.000,0.691,68,false,73.388,9.600,false
133.000,1,2.000,1.729,179,false,194.767,16.800,true
133.000,2,4.000,2.800,249,false,275.481,25.200,true
133.000,3,3.000,2.820,405,false,431.672,36.000,false
133.000,4,4.000,3.948,511,false,548.953,48.000,false
134.000,0,0.000,0.484,68,false,71.315,9.600,false
134.000,1,1.000,1.510,180,false,193.580,16.800,false
134.000,2,0.000,1.960,249,false,267.079,25.200,false
134.000,3,3.000,2.874,408,false,435.213,36.000,false
134.000,4,3.000,3.663,514,false,549.110,48.000,false
135.000,0,2.000,0.939,70,false,77.863,9.600,false
135.000,1,3.000,1.957,183,false,201.049,16.800,true
135.000,2,2.000,1.972,250,false,268.198,25.200,false
135.000,3,0.000,2.012,407,false,425.592,36.000,false
135.000,4,5.000,4.064,518,false,557.120,48.000,false
136.000,0,0.000,0.657,69,false,74.047,9.600,false
136.000,1,2.000,1.970,185,false,203.177,16.800,true
136.000,2,1.000,1.681,251,false,266.282,25.200,false
136.000,3,2.000,2.008,409,false,427.557,36.000,false
136.000,4,6.000,4.645,524,false,568.927,48.000,false
137.000,0,1.000,0.760,70,false,76.076,9.600,false
137.000,1,2.000,1.979,187,false,205.267,16.800,true
137.000,2,1.000,1.476,251,false,264.240,25.200,false
137.000,3,4.000,2.606,413,false,437.533,36.000,false
137.000,4,2.000,3.852,526,false,562.992,48.000,false
138.000,0,1.000,0.832,71,false,77.796,9.600,false
138.000,1,0.000,1.385,187,false,199.330,16.800,false
138.000,2,2.000,1.633,253,false,267.811,25.200,false
138.000,3,4.000,3.024,417,false,445.716,36.000,false
138.000,4,6.000,4.496,532,false,575.437,48.000,false
139.000,0,2.000,1.182,73,false,83.300,9.600,true
139.000,1,0.000,0.970,187,false,195.174,16.800,false
139.000,2,1.000,1.443,254,false,266.910,25.200,false
139.000,3,3.000,3.017,420,false,448.644,36.000,false
139.000,4,4.000,4.347,535,false,576.949,48.000,false
140.000,0,0.000,0.828,73,false,79.753,9.600,false
140.000,1,2.000,1.279,189,false,200.264,16.800,false
140.000,2,1.000,1.310,255,false,266.580,25.200,false
140.000,3,3.000,3.012,423,false,451.594,36.000,false
140.000,4,3.000,3.943,538,false,575.907,48.000,false
141.000,0,1.000,0.879,73,false,80.270,9.600,false
141.000,1,1.000,1.195,190,false,200.428,16.800,false
141.000,2,4.000,2.117,258,false,277.649,25.200,false
141.000,3,5.000,3.608,428,false,462.558,36.000,true
141.000,4,3.000,3.660,541,false,576.078,48.000,false
142.000,0,0.000,0.616,73,false,77.632,9.600,false
142.000,1,0.000,0.837,189,false,195.842,16.800,false
142.000,2,0.000,1.482,258,false,271.297,25.200,false
142.000,3,4.000,3.726,431,false,466.734,36.000,true
142.000,4,3.000,3.462,544,false,577.097,48.000,false
143.000,0,2.000,1.031,75,false,83.785,9.600,true
143.000,1,0.000,0.586,189,false,193.333,16.800,false
143.000,2,4.000,2.237,262,false,282.851,25.200,false
143.000,3,2.000,3.208,433,false,463.556,36.000,false
143.000,4,6.000,4.223,550,false,590.711,48.000,false
144.000,0,1.000,1.022,75,false,83.692,9.600,true
144.000,1,1.000,0.710,190,false,195.576,16.800,false
144.000,2,3.000,2.466,265,false,288.138,25.200,false
144.000,3,0.000,2.246,433,false,453.932,36.000,false
144.000,4,2.000,3.556,551,false,585.041,48.000,false
145.000,0,2.000,1.315,77,false,88.628,9.600,true
145.000,1,1.000,0.797,191,false,197.446,16.800,false
145.000,2,5.000,3.226,270,false,300.740,25.200,true
145.000,3,4.000,2.772,437,false,463.196,36.000,false
145.000,4,7.000,4.590,558,false,602.371,48.000,false
146.000,0,0.000,0.921,77,false,84.682,9.600,false
146.000,1,0.000,0.558,191,false,195.055,16.800,false
146.000,2,2.000,2.858,272,false,299.061,25.200,true
146.000,3,3.000,2.840,440,false,466.880,36.000,false
146.000,4,7.000,5.313,565,false,616.603,48.000,true
147.000,0,2.000,1.244,79,false,89.920,9.600,true
147.000,1,2.000,0.991,193,false,201.381,16.800,false
147.000,2,1.000,2.301,272,false,293.485,25.200,false
147.000,3,1.000,2.288,441,false,462.359,36.000,false
147.000,4,3.000,4.619,568,false,612.665,48.000,false
148.000,0,1.000,1.171,80,false,90.187,9.600,true
148.000,1,2.000,1.293,195,false,206.410,16.800,false
148.000,2,1.000,1.911,273,false,290.583,25.200,false
148.000,3,3.000,2.502,444,false,467.494,36.000,false
148.000,4,1.000,3.533,569,false,602.808,48.000,false
149.000,0,1.000,1.120,81,false,90.674,9.600,true
149.000,1,5.000,2.405,200,false,222.530,16.800,true
149.000,2,1.000,1.637,274,false,288.851,25.200,false
149.000,3,3.000,2.651,447,false,471.989,36.000,false
149.000,4,3.000,3.373,571,false,603.209,48.000,false
150.000,0,1.000,1.084,82,false,91.315,9.600,true
150.000,1,2.000,2.284,201,false,222.314,16.800,true
150.000,2,2.000,1.746,276,false,291.938,25.200,false
150.000,3,2.000,2.456,448,false,471.035,36.000,false
150.000,4,2.000,2.961,573,false,601.089,48.000,false
151.000,0,2.000,1.359,83,false,95.063,9.600,true
151.000,1,3.000,2.499,204,false,227.462,16.800,true
151.000,2,3.000,2.122,279,false,298.700,25.200,false
151.000,3,1.000,2.019,449,false,467.667,36.000,false
151.000,4,3.000,2.973,576,false,604.205,48.000,false
152.000,0,0.000,0.951,83,false,90.987,9.600,false
152.000,1,0.000,1.749,204,false,219.967,16.800,true
152.000,2,0.000,1.486,279,false,292.333,25.200,false
152.000,3,0.000,1.413,449,false,461.610,36.000,false
152.000,4,2.000,2.681,578,false,603.286,48.000,false
153.000,0,2.000,1.266,85,false,96.134,9.600,true
153.000,1,1.000,1.524,205,false,218.719,16.800,false
153.000,2,2.000,1.640,280,false,294.876,25.200,false
153.000,3,4.000,2.189,452,false,472.370,36.000,false
153.000,4,3.000,2.777,581,false,607.243,48.000,false
154.000,0,0.000,0.886,85,false,92.336,9.600,false
154.000,1,2.000,1.667,207,false,222.146,16.800,false
154.000,2,1.000,1.448,281,false,293.956,25.200,false
154.000,3,2.000,2.133,454,false,473.802,36.000,false
154.000,4,4.000,3.144,584,false,613.913,48.000,false
155.000,0,1.000,0.920,86,false,93.678,9.600,false
155.000,1,1.000,1.467,208,false,221.145,16.800,false
155.000,2,1.000,1.314,282,false,293.612,25.200,false
155.000,3,4.000,2.693,458,false,483.404,36.000,false
155.000,4,7.000,4.301,591,false,632.482,48.000,false
156.000,0,1.000,0.944,87,false,94.918,9.600,false
156.000,1,2.000,1.627,210,false,224.745,16.800,false
156.000,2,0.000,0.920,282,false,289.671,25.200,false
156.000,3,4.000,3.085,462,false,491.326,36.000,false
156.000,4,4.000,4.210,595,false,635.580,48.000,false
157.000,0,0.000,0.661,87,false,92.085,9.600,false
157.000,1,4.000,2.339,214,false,235.864,16.800,true
157.000,2,2.000,1.244,284,false,294.913,25.200,false
157.000,3,1.000,2.459,463,false,486.071,36.000,false
157.000,4,6.000,4.747,601,false,646.949,48.000,false
158.000,0,0.000,0.463,87,false,90.103,9.600,false
158.000,1,0.000,1.637,214,false,228.848,16.800,false
158.000,2,0.000,0.871,284,false,291.182,25.200,false
158.000,3,3.000,2.622,466,false,490.692,36.000,false
158.000,4,6.000,5.123,607,false,656.707,48.000,true
159.000,0,0.000,0.324,87,false,88.715,9.600,false
159.000,1,4.000,2.346,218,false,239.936,16.800,true
159.000,2,3.000,1.509,286,false,299.570,25.200,false
159.000,3,4.000,3.035,470,false,498.828,36.000,false
159.000,4,6.000,5.386,613,false,665.338,48.000,true
160.000,0,1.000,0.527,88,false,91.743,9.600,false
160.000,1,1.000,1.942,219,false,236.898,16.800,true
160.000,2,2.000,1.657,288,false,303.042,25.200,false
160.000,3,2.000,2.725,472,false,497.722,36.000,false
160.000,4,4.000,4.970,617,false,665.179,48.000,true
161.000,0,2.000,0.969,90,false,98.163,9.600,true
161.000,1,0.000,1.360,219,false,231.072,16.800,false
161.000,2,2.000,1.760,290,false,306.072,25.200,false
161.000,3,2.000,2.507,473,false,496.548,36.000,false
161.000,4,3.000,4.379,619,false,661.268,48.000,false
162.000,0,0.000,0.678,90,false,95.257,9.600,false
162.000,1,1.000,1.252,220,false,230.993,16.800,false
162.000,2,2.000,1.832,291,false,307.793,25.200,false
162.000,3,4.000,2.955,477,false,505.027,36.000,false
162.000,4,1.000,3.365,620,false,652.131,48.000,false
163.000,0,0.000,0.475,90,false,93.223,9.600,false
163.000,1,2.000,1.476,221,false,234.238,16.800,false
163.000,2,3.000,2.182,294,false,314.298,25.200,false
163.000,3,2.000,2.669,479,false,504.162,36.000,false
163.000,4,6.000,4.156,626,false,666.034,48.000,false
164.000,0,0.000,0.332,90,false,91.799,9.600,false
164.000,1,2.000,1.633,223,false,237.809,16.800,false
164.000,2,2.000,2.128,296,false,315.752,25.200,false
164.000,3,5.000,3.368,484,false,516.156,36.000,false
164.000,4,4.000,4.109,630,false,669.567,48.000,false
165.000,0,0.000,0.233,89,false,89.802,9.600,false
165.000,1,1.000,1.443,224,false,236.909,16.800,false
165.000,2,4.000,2.689,300,false,325.369,25.200,true
165.000,3,4.000,3.558,488,false,522.052,36.000,false
165.000,4,3.000,3.776,633,false,669.240,48.000,false
166.000,0,3.000,1.063,92,false,101.104,9.600,true
166.000,1,0.000,1.010,224,false,232.579,16.800,false
166.000,2,2.000,2.482,302,false,325.301,25.200,false
166.000,3,5.000,3.990,493,false,531.379,36.000,true
166.000,4,6.000,4.443,639,false,681.911,48.000,false
167.000,0,1.000,1.044,93,false,101.916,9.600,true
167.000,1,2.000,1.307,226,false,237.548,16.800,false
167.000,2,1.000,2.038,303,false,321.854,25.200,false
167.000,3,2.000,3.393,495,false,527.408,36.000,false
167.000,4,5.000,4.610,643,false,687.580,48.000,false
168.000,0,1.000,1.031,94,false,102.784,9.600,true
168.000,1,1.000,1.215,227,false,237.627,16.800,false
168.000,2,1.000,1.726,304,false,319.740,25.200,false
168.000,3,2.000,2.975,497,false,525.229,36.000,false
168.000,4,4.000,4.427,647,false,689.749,48.000,false
169.000,0,0.000,0.722,94,false,99.692,9.600,false
169.000,1,3.000,1.751,230,false,245.982,16.800,true
169.000,2,2.000,1.808,306,false,322.561,25.200,false
169.000,3,2.000,2.683,499,false,524.303,36.000,false
169.000,4,3.000,3.999,649,false,687.467,48.000,false
170.000,0,0.000,0.505,94,false,97.527,9.600,false
170.000,1,0.000,1.225,230,false,240.730,16.800,false
170.000,2,2.000,1.866,308,false,325.136,25.200,false
170.000,3,3.000,2.778,502,false,528.255,36.000,false
170.000,4,1.000,3.099,650,false,679.470,48.000,false
171.000,0,0.000,0.354,94,false,96.012,9.600,false
171.000,1,2.000,1.458,231,false,244.054,16.800,false
171.000,2,1.000,1.606,309,false,323.538,25.200,false
171.000,3,5.000,3.445,507,false,539.921,36.000,false
171.000,4,0.000,2.170,650,false,670.172,48.000,false
172.000,0,1.000,0.547,95,false,98.951,9.600,false
172.000,1,3.000,1.920,234,false,251.681,16.800,true
172.000,2,0.000,1.124,308,false,317.719,25.200,false
172.000,3,6.000,4.211,513,false,553.588,36.000,true
172.000,4,6.000,3.319,656,false,687.663,48.000,false
173.000,0,0.000,0.383,94,false,96.309,9.600,false
173.000,1,2.000,1.944,235,false,252.919,16.800,true
173.000,2,3.000,1.687,311,false,326.346,25.200,false
173.000,3,7.000,5.048,520,false,568.954,36.000,true
173.000,4,3.000,3.223,659,false,689.707,48.000,false
174.000,0,3.000,1.168,97,false,107.159,9.600,true
174.000,1,2.000,1.961,237,false,255.086,16.800,true
174.000,2,5.000,2.681,316,false,341.285,25.200,true
174.000,3,7.000,5.633,527,false,581.811,36.000,true
174.000,4,7.000,4.356,666,false,708.038,48.000,false
175.000,0,0.000,0.818,97,false,103.654,9.600,false
175.000,1,0.000,1.373,237,false,249.203,16.800,false
175.000,2,1.000,2.177,317,false,337.243,25.200,false
175.000,3,4.000,5.143,531,false,580.910,36.000,true
175.000,4,1.000,3.349,667,false,698.969,48.000,false
176.000,0,0.000,0.572,97,false,101.201,9.600,false
176.000,1,1.000,1.261,238,false,249.085,16.800,false
176.000,2,2.000,2.124,318,false,337.713,25.200,false
176.000,3,7.000,5.700,537,false,592.480,36.000,true
176.000,4,3.000,3.245,670,false,700.921,48.000,false
177.000,0,0.000,0.401,97,false,99.483,9.600,false
177.000,1,2.000,1.483,240,false,253.302,16.800,false
177.000,2,3.000,2.387,321,false,343.342,25.200,false
177.000,3,1.000,4.290,538,false,579.379,36.000,true
177.000,4,4.000,3.471,674,false,707.188,48.000,false
178.000,0,0.000,0.281,96,false,97.281,9.600,false
178.000,1,3.000,1.938,243,false,260.855,16.800,true
178.000,2,4.000,2.871,325,false,352.182,25.200,true
178.000,3,4.000,4.203,542,false,582.508,36.000,true
178.000,4,5.000,3.930,679,false,716.774,48.000,false
179.000,0,1.000,0.496,97,false,100.440,9.600,false
179.000,1,2.000,1.956,244,false,262.041,16.800,true
179.000,2,4.000,3.209,329,false,359.570,25.200,true
179.000,3,2.000,3.542,544,false,577.899,36.000,false
179.000,4,4.000,3.951,683,false,720.985,48.000,false
180.000,0,2.000,0.947,99,false,106.951,9.600,false
180.000,1,1.000,1.670,245,false,260.172,16.800,false
180.000,2,3.000,3.147,331,false,360.942,25.200,true
180.000,3,2.000,3.080,545,false,574.272,36.000,false
180.000,4,6.000,4.566,689,false,733.132,48.000,false
181.000,0,2.000,1.263,101,false,112.108,9.600,true
181.000,1,1.000,1.469,245,false,258.163,16.800,false
181.000,2,2.000,2.803,333,false,359.502,25.200,true
181.000,3,3.000,3.056,548,false,577.033,36.000,false
181.000,4,4.000,4.396,693,false,735.435,48.000,false
182.000,0,2.000,1.484,103,false,116.319,9.600,true
182.000,1,1.000,1.328,246,false,257.757,16.800,false
182.000,2,2.000,2.562,335,false,359.094,25.200,true
182.000,3,5.000,3.639,553,false,587.866,36.000,true
182.000,4,6.000,4.877,699,false,746.248,48.000,true
183.000,0,1.000,1.339,104,false,115.866,9.600,true
183.000,1,1.000,1.230,247,false,257.773,16.800,false
183.000,2,1.000,2.093,336,false,355.409,25.200,false
183.000,3,6.000,4.347,559,false,600.949,36.000,true
183.000,4,5.000,4.914,704,false,751.616,48.000,true
184.000,0,1.000,1.237,104,false,114.849,9.600,true
184.000,1,0.000,0.861,247,false,254.084,16.800,false
184.000,2,3.000,2.365,338,false,360.129,25.200,false
184.000,3,3.000,3.943,562,false,599.907,36.000,true
184.000,4,2.000,4.040,705,false,743.874,48.000,false
185.000,0,1.000,1.166,105,false,115.137,9.600,true
185.000,1,1.000,0.903,248,false,255.501,16.800,false
185.000,2,3.000,2.556,341,false,365.033,25.200,true
185.000,3,2.000,3.360,564,false,596.078,36.000,false
185.000,4,6.000,4.628,711,false,755.755,48.000,false
186.000,0,0.000,0.816,105,false,111.639,9.600,false
186.000,1,2.000,1.232,250,false,260.794,16.800,false
186.000,2,1.000,2.089,342,false,361.366,25.200,false
186.000,3,4.000,3.552,567,false,600.997,36.000,false
186.000,4,7.000,5.340,718,false,769.871,48.000,true
187.000,0,2.000,1.171,107,false,117.190,9.600,true
187.000,1,2.000,1.462,252,false,265.099,16.800,false
187.000,2,1.000,1.762,343,false,359.099,25.200,false
187.000,3,3.000,3.386,570,false,602.341,36.000,false
187.000,4,1.000,4.038,719,false,757.853,48.000,false
188.000,0,1.000,1.120,108,false,117.676,9.600,true
188.000,1,2.000,1.624,253,false,267.712,16.800,false
188.000,2,2.000,1.834,345,false,361.812,25.200,false
188.000,3,1.000,2.671,571,false,596.182,36.000,false
188.000,4,3.000,3.726,722,false,757.740,48.000,false
189.000,0,3.000,1.684,111,false,126.316,9.600,true
189.000,1,1.000,1.436,254,false,266.841,16.800,false
189.000,2,4.000,2.484,349,false,372.311,25.200,false
189.000,3,0.000,1.869,570,false,587.170,36.000,false
189.000,4,7.000,4.708,729,false,774.561,48.000,false
190.000,0,3.000,2.079,114,false,133.264,9.600,true
190.000,1,1.000,1.306,255,false,266.532,16.800,false
190.000,2,5.000,3.238,354,false,384.861,25.200,true
190.000,3,1.000,1.609,571,false,585.562,36.000,false
190.000,4,10.000,6.296,738,false,799.435,48.000,true
191.000,0,1.000,1.755,114,false,130.028,9.600,true
191.000,1,1.000,1.214,256,false,266.615,16.800,false
191.000,2,1.000,2.567,355,false,379.145,25.200,true
191.000,3,1.000,1.426,572,false,584.736,36.000,false
191.000,4,5.000,5.907,743,false,800.548,48.000,true
192.000,0,3.000,2.129,117,false,136.762,9.600,true
192.000,1,2.000,1.450,258,false,270.973,16.800,false
192.000,2,2.000,2.397,356,false,378.445,25.200,false
192.000,3,5.000,2.498,577,false,600.458,36.000,false
192.000,4,3.000,5.035,746,false,794.826,48.000,true
193.000,0,1.000,1.790,118,false,134.376,9.600,true
193.000,1,1.000,1.315,259,false,270.624,16.800,false
193.000,2,0.000,1.678,356,false,371.254,25.200,false
193.000,3,6.000,3.549,583,false,616.964,36.000,false
193.000,4,6.000,5.324,752,false,803.721,48.000,true
194.000,0,0.000,1.253,118,false,129.006,9.600,true
194.000,1,0.000,0.920,258,false,265.680,16.800,false
194.000,2,4.000,2.374,360,false,382.221,25.200,false
194.000,3,2.000,3.084,584,false,613.317,36.000,false
194.000,4,3.000,4.627,755,false,799.748,48.000,false
195.000,0,2.000,1.477,120,false,133.247,9.600,true
195.000,1,1.000,0.944,259,false,266.919,16.800,false
195.000,2,1.000,1.962,361,false,379.097,25.200,false
195.000,3,1.000,2.459,585,false,608.065,36.000,false
195.000,4,8.000,5.639,763,false,817.866,48.000,true
196.000,0,1.000,1.334,121,false,132.816,9.600,true
196.000,1,0.000,0.661,259,false,264.086,16.800,false
196.000,2,2.000,1.973,363,false,381.211,25.200,false
196.000,3,2.000,2.321,587,false,608.688,36.000,false
196.000,4,4.000,5.147,767,false,816.949,48.000,true
197.000,0,0.000,0.934,121,false,128.814,9.600,false
197.000,1,2.000,1.063,261,false,270.103,16.800,false
197.000,2,3.000,2.281,366,false,387.291,25.200,false
197.000,3,4.000,2.825,591,false,617.725,36.000,false
197.000,4,4.000,4.803,770,false,816.507,48.000,true
198.000,0,2.000,1.254,123,false,134.013,9.600,true
198.000,1,1.000,1.044,262,false,270.915,16.800,false
198.000,2,2.000,2.197,367,false,387.446,25.200,false
198.000,3,6.000,3.777,597,false,633.250,36.000,true
198.000,4,1.000,3.662,771,false,806.098,48.000,false
199.000,0,1.000,1.178,123,false,133.252,9.600,true
199.000,1,1.000,1.031,263,false,271.783,16.800,false
199.000,2,0.000,1.538,367,false,380.855,25.200,false
199.000,3,7.000,4.744,604,false,649.918,36.000,true
199.000,4,2.000,3.164,773,false,803.111,48.000,false
200.000,0,0.000,0.824,123,false,129.719,9.600,false
200.000,1,1.000,1.022,264,false,272.691,16.800,false
200.000,2,2.000,1.677,369,false,384.242,25.200,false
200.000,3,1.000,3.621,604,false,638.685,36.000,true
200.000,4,3.000,3.114,776,false,805.621,48.000,false
201.000,0,1.000,0.877,124,false,131.246,9.600,false
201.000,1,1.000,1.015,264,false,272.627,16.800,false
201.000,2,2.000,1.774,371,false,387.212,25.200,false
201.000,3,6.000,4.335,610,false,651.823,36.000,true
201.000,4,3.000,3.080,778,false,807.277,48.000,false
202.000,0,1.000,0.914,125,false,132.615,9.600,false
202.000,1,2.000,1.311,266,false,277.582,16.800,false
202.000,2,1.000,1.542,372,false,385.891,25.200,false
202.000,3,3.000,3.934,613,false,650.819,36.000,true
202.000,4,6.000,3.956,784,false,822.037,48.000,false
203.000,0,2.000,1.240,127,false,137.873,9.600,true
203.000,1,3.000,1.817,269,false,285.650,16.800,true
203.000,2,0.000,1.079,371,false,380.267,25.200,false
203.000,3,1.000,3.054,614,false,643.016,36.000,false
203.000,4,4.000,3.969,788,false,826.169,48.000,false
204.000,0,0.000,0.868,127,false,134.154,9.600,false
204.000,1,1.000,1.572,269,false,283.198,16.800,false
204.000,2,5.000,2.255,376,false,397.030,25.200,false
204.000,3,2.000,2.738,616,false,641.854,36.000,false
204.000,4,1.000,3.078,788,false,817.261,48.000,false
205.000,0,1.000,0.907,127,false,134.551,9.600,false
205.000,1,1.000,1.401,270,false,282.481,16.800,false
205.000,2,1.000,1.879,377,false,394.264,25.200,false
205.000,3,3.000,2.816,618,false,644.641,36.000,false
205.000,4,5.000,3.655,793,false,828.026,48.000,false
206.000,0,0.000,0.635,127,false,131.828,9.600,false
206.000,1,0.000,0.980,270,false,278.280,16.800,false
206.000,2,1.000,1.615,378,false,392.627,25.200,false
206.000,3,0.000,1.972,618,false,636.191,36.000,false
206.000,4,2.000,3.158,795,false,825.061,48.000,false
207.000,0,1.000,0.745,128,false,133.923,9.600,false
207.000,1,1.000,0.986,271,false,279.339,16.800,false
207.000,2,0.000,1.131,378,false,387.782,25.200,false
207.000,3,3.000,2.280,621,false,642.277,36.000,false
207.000,4,5.000,3.711,800,false,835.585,48.000,false
208.000,0,0.000,0.521,128,false,131.689,9.600,false
208.000,1,3.000,1.590,274,false,288.380,16.800,false
208.000,2,1.000,1.091,379,false,388.390,25.200,false
208.000,3,3.000,2.496,624,false,647.437,36.000,false
208.000,4,3.000,3.498,802,false,835.453,48.000,false
209.000,0,2.000,0.965,130,false,138.125,9.600,true
209.000,1,1.000,1.413,275,false,287.609,16.800,false
209.000,2,2.000,1.364,381,false,393.116,25.200,false
209.000,3,3.000,2.647,627,false,651.948,36.000,false
209.000,4,2.000,3.048,804,false,832.960,48.000,false
210.000,0,2.000,1.275,131,false,142.230,9.600,true
210.000,1,0.000,0.989,275,false,283.369,16.800,false
210.000,2,1.000,1.255,382,false,393.024,25.200,false
210.000,3,3.000,2.753,630,false,656.007,36.000,false
210.000,4,5.000,3.634,809,false,843.815,48.000,false
211.000,0,1.000,1.193,132,false,142.404,9.600,true
211.000,1,1.000,0.992,276,false,284.401,16.800,false
211.000,2,1.000,1.178,382,false,392.260,25.200,false
211.000,3,1.000,2.227,631,false,651.748,36.000,false
211.000,4,6.000,4.344,815,false,856.913,48.000,false
212.000,0,1.000,1.135,132,false,141.826,9.600,true
212.000,1,2.000,1.295,278,false,289.424,16.800,false
212.000,2,0.000,0.825,382,false,388.725,25.200,false
212.000,3,6.000,3.359,636,false,668.066,36.000,false
212.000,4,4.000,4.241,819,false,859.882,48.000,false
213.000,0,2.000,1.394,134,false,146.421,9.600,true
213.000,1,3.000,1.806,281,false,297.539,16.800,true
213.000,2,5.000,2.077,387,false,406.250,25.200,false
213.000,3,0.000,2.351,636,false,657.989,36.000,false
213.000,4,2.000,3.568,821,false,855.160,48.000,false
214.000,0,2.000,1.576,136,false,150.237,9.600,true
214.000,1,0.000,1.264,281,false,292.120,16.800,false
214.000,2,3.000,2.354,390,false,412.018,25.200,false
214.000,3,4.000,2.846,640,false,666.935,36.000,false
214.000,4,6.000,4.298,826,false,867.455,48.000,false
215.000,0,3.000,2.003,139,false,157.509,9.600,true
215.000,1,3.000,1.785,284,false,300.327,16.800,true
215.000,2,5.000,3.148,395,false,424.955,25.200,true
215.000,3,2.000,2.592,642,false,666.398,36.000,false
215.000,4,6.000,4.809,832,false,878.561,48.000,true
216.000,0,0.000,1.402,138,false,150.499,9.600,true
216.000,1,4.000,2.450,288,false,310.972,16.800,true
216.000,2,0.000,2.204,395,false,415.512,25.200,false
216.000,3,3.000,2.714,645,false,670.621,36.000,false
216.000,4,6.000,5.166,838,false,888.136,48.000,true
217.000,0,2.000,1.582,140,false,154.292,9.600,true
217.000,1,2.000,2.315,290,false,311.623,16.800,true
217.000,2,1.000,1.842,395,false,411.901,25.200,false
217.000,3,4.000,3.100,648,false,677.478,36.000,false
217.000,4,2.000,4.216,840,false,880.638,48.000,false
218.000,0,2.000,1.707,142,false,157.547,9.600,true
218.000,1,0.000,1.620,289,false,303.679,16.800,false
218.000,2,0.000,1.290,395,false,406.374,25.200,false
218.000,3,2.000,2.770,650,false,676.177,36.000,false
218.000,4,5.000,4.451,845,false,887.989,48.000,false
219.000,0,1.000,1.495,143,false,156.426,9.600,true
219.000,1,0.000,1.134,289,false,298.818,16.800,false
219.000,2,2.000,1.503,397,false,410.504,25.200,false
219.000,3,1.000,2.239,651,false,671.867,36.000,false
219.000,4,3.000,4.016,848,false,886.635,48.000,false
220.000,0,1.000,1.346,144,false,155.941,9.600,true
220.000,1,2.000,1.394,291,false,303.416,16.800,false
220.000,2,1.000,1.352,398,false,409.996,25.200,false
220.000,3,4.000,2.767,655,false,681.150,36.000,false
220.000,4,2.000,3.411,850,false,882.588,48.000,false
221.000,0,0.000,0.943,144,false,151.902,9.600,false
221.000,1,0.000,0.976,291,false,299.234,16.800,false
221.000,2,0.000,0.946,398,false,405.940,25.200,false
221.000,3,1.000,2.237,656,false,676.848,36.000,false
221.000,4,5.000,3.888,855,false,892.354,48.000,false
222.000,0,0.000,0.660,143,false,148.074,9.600,false
222.000,1,0.000,0.683,290,false,295.307,16.800,false
222.000,2,1.000,0.962,398,false,406.101,25.200,false
222.000,3,3.000,2.466,659,false,682.136,36.000,false
222.000,4,3.000,3.621,858,false,892.691,48.000,false
223.000,0,1.000,0.762,144,false,150.095,9.600,false
223.000,1,3.000,1.378,293,false,305.257,16.800,false
223.000,2,4.000,1.874,402,false,419.213,25.200,false
223.000,3,1.000,2.026,660,false,678.738,36.000,false
223.000,4,4.000,3.735,862,false,897.826,48.000,false
224.000,0,2.000,1.133,146,false,155.809,9.600,true
224.000,1,1.000,1.265,294,false,305.123,16.800,false
224.000,2,4.000,2.512,406,false,429.592,25.200,false
224.000,3,5.000,2.918,665,false,692.660,36.000,false
224.000,4,3.000,3.515,865,false,898.621,48.000,false
225.000,0,1.000,1.093,147,false,156.409,9.600,true
225.000,1,1.000,1.185,295,false,305.329,16.800,false
225.000,2,2.000,2.358,407,false,429.057,25.200,false
225.000,3,1.000,2.343,665,false,686.905,36.000,false
225.000,4,5.000,3.960,870,false,908.078,48.000,false
226.000,0,1.000,1.065,148,false,157.129,9.600,true
226.000,1,1.000,1.130,296,false,305.773,16.800,false
226.000,2,3.000,2.551,410,false,433.983,25.200,true
226.000,3,3.000,2.540,668,false,691.876,36.000,false
226.000,4,6.000,4.572,876,false,920.197,48.000,false
227.000,0,1.000,1.046,149,false,157.933,9.600,true
227.000,1,0.000,0.791,296,false,302.384,16.800,false
227.000,2,2.000,2.385,412,false,434.331,25.200,false
227.000,3,4.000,2.978,672,false,700.256,36.000,false
227.000,4,8.000,5.600,884,false,938.481,48.000,true
228.000,0,0.000,0.732,149,false,154.796,9.600,false
228.000,1,2.000,1.154,298,false,308.012,16.800,false
228.000,2,3.000,2.570,415,false,439.175,25.200,true
228.000,3,2.000,2.685,674,false,699.322,36.000,false
228.000,4,4.000,5.120,888,false,937.680,48.000,true
229.000,0,2.000,1.112,150,false,159.600,9.600,true
229.000,1,1.000,1.107,299,false,308.551,16.800,false
229.000,2,1.000,2.099,416,false,435.465,25.200,false
229.000,3,2.000,2.479,676,false,699.268,36.000,false
229.000,4,2.000,4.184,890,false,930.319,48.000,false
230.000,0,1.000,1.079,151,false,160.263,9.600,true
230.000,1,2.000,1.375,301,false,313.229,16.800,false
230.000,2,2.000,2.069,417,false,436.168,25.200,false
230.000,3,3.000,2.635,679,false,703.831,36.000,false
230.000,4,4.000,4.129,894,false,933.766,48.000,false
231.000,0,0.000,0.755,151,false,157.027,9.600,false
231.000,1,2.000,1.563,303,false,317.103,16.800,false
231.000,2,2.000,2.048,419,false,437.961,25.200,false
231.000,3,7.000,3.945,685,false,722.924,36.000,true
231.000,4,5.000,4.390,899,false,941.379,48.000,false
232.000,0,2.000,1.129,153,false,162.762,9.600,true
232.000,1,0.000,1.094,303,false,312.415,16.800,false
232.000,2,1.000,1.734,420,false,435.815,25.200,false
232.000,3,4.000,3.961,689,false,727.090,36.000,true
232.000,4,4.000,4.273,903,false,944.208,48.000,false
233.000,0,2.000,1.390,154,false,166.376,9.600,true
233.000,1,1.000,1.066,304,false,313.133,16.800,false
233.000,2,2.000,1.814,421,false,437.614,25.200,false
233.000,3,5.000,4.273,694,false,735.206,36.000,true
233.000,4,4.000,4.191,907,false,947.389,48.000,false
234.000,0,0.000,0.973,154,false,162.206,9.600,true
234.000,1,1.000,1.046,304,false,312.936,16.800,false
234.000,2,0.000,1.270,421,false,432.172,25.200,false
234.000,3,2.000,3.591,696,false,730.387,36.000,false
234.000,4,2.000,3.534,909,false,942.815,48.000,false
235.000,0,0.000,0.681,154,false,159.287,9.600,false
235.000,1,1.000,1.032,305,false,313.798,16.800,false
235.000,2,1.000,1.189,422,false,432.364,25.200,false
235.000,3,4.000,3.714,700,false,735.614,36.000,true
235.000,4,2.000,3.074,910,false,939.213,48.000,false
236.000,0,0.000,0.477,154,false,157.244,9.600,false
236.000,1,1.000,1.023,305,false,313.702,16.800,false
236.000,2,3.000,1.732,424,false,439.797,25.200,false
236.000,3,4.000,3.800,704,false,740.472,36.000,true
236.000,4,3.000,3.052,913,false,941.992,48.000,false
237.000,0,0.000,0.334,153,false,154.814,9.600,false
237.000,1,1.000,1.016,306,false,314.634,16.800,false
237.000,2,3.000,2.112,427,false,446.601,25.200,false
237.000,3,1.000,2.960,705,false,733.074,36.000,false
237.000,4,7.000,4.236,920,false,960.837,48.000,false
238.000,0,1.000,0.534,154,false,157.812,9.600,false
238.000,1,0.000,0.711,306,false,311.587,16.800,false
238.000,2,4.000,2.679,431,false,456.264,25.200,true
238.000,3,3.000,2.972,708,false,736.194,36.000,false
238.000,4,7.000,5.065,927,false,976.129,48.000,true
239.000,0,1.000,0.674,155,false,160.211,9.600,false
239.000,1,2.000,1.098,308,false,317.453,16.800,false
239.000,2,2.000,2.475,432,false,455.227,25.200,false
239.000,3,3.000,2.980,710,false,738.279,36.000,false
239.000,4,5.000,5.046,932,false,980.933,48.000,true
240.000,0,0.000,0.471,155,false,158.191,9.600,false
240.000,1,1.000,1.068,308,false,317.160,16.800,false
240.000,2,3.000,2.633,435,false,459.802,25.200,true
240.000,3,1.000,2.386,711,false,733.338,36.000,false
240.000,4,9.000,6.232,941,false,1001.796,48.000,true
241.000,0,0.000,0.330,154,false,155.776,9.600,false
241.000,1,1.000,1.048,309,false,317.955,16.800,false
241.000,2,5.000,3.343,440,false,471.904,25.200,true
241.000,3,3.000,2.570,714,false,738.180,36.000,false
241.000,4,6.000,6.162,947,false,1007.100,48.000,true
242.000,0,0.000,0.231,154,false,154.786,9.600,false
242.000,1,1.000,1.034,310,false,318.811,16.800,false
242.000,2,1.000,2.640,441,false,465.876,25.200,true
242.000,3,5.000,3.299,719,false,750.469,36.000,false
242.000,4,8.000,6.714,955,false,1020.613,48.000,true
243.000,0,0.000,0.162,154,false,154.093,9.600,false
243.000,1,0.000,0.723,310,false,315.711,16.800,false
243.000,2,2.000,2.448,443,false,465.956,25.200,false
243.000,3,1.000,2.609,720,false,744.571,36.000,false
243.000,4,8.000,7.100,963,false,1032.472,48.000,true
244.000,0,1.000,0.413,155,false,157.608,9.600,false
244.000,1,2.000,1.106,312,false,321.540,16.800,false
244.000,2,1.000,2.014,444,false,462.612,25.200,false
244.000,3,6.000,3.627,725,false,759.742,36.000,true
244.000,4,0.000,4.970,963,false,1011.173,48.000,true
245.000,0,3.000,1.189,158,false,168.369,9.600,true
245.000,1,3.000,1.674,315,false,330.221,16.800,false
245.000,2,2.000,2.010,446,false,464.571,25.200,false
245.000,3,2.000,3.139,727,false,756.863,36.000,false
245.000,4,2.000,4.079,965,false,1004.264,48.000,false
246.000,0,1.000,1.132,159,false,168.801,9.600,true
246.000,1,1.000,1.472,316,false,329.198,16.800,false
246.000,2,1.000,1.707,447,false,462.543,25.200,false
246.000,3,4.000,3.397,731,false,763.447,36.000,false
246.000,4,3.000,3.755,968,false,1004.028,48.000,false
247.000,0,0.000,0.793,158,false,164.403,9.600,false
247.000,1,2.000,1.631,318,false,332.781,16.800,false
247.000,2,1.000,1.495,447,false,460.423,25.200,false
247.000,3,7.000,4.478,738,false,781.256,36.000,true
247.000,4,1.000,2.929,969,false,996.762,48.000,false
248.000,0,1.000,0.855,159,false,166.025,9.600,false
248.000,1,1.000,1.441,319,false,331.890,16.800,false
248.000,2,3.000,1.946,450,false,467.939,25.200,false
248.000,3,3.000,4.035,741,false,779.822,36.000,true
248.000,4,5.000,3.550,974,false,1007.976,48.000,false
249.000,0,1.000,0.898,160,false,167.461,9.600,false
249.000,1,0.000,1.009,319,false,327.566,16.800,false
249.000,2,2.000,1.962,452,false,470.100,25.200,false
249.000,3,3.000,3.724,744,false,779.718,36.000,true
249.000,4,5.000,3.985,979,false,1017.326,48.000,false
250.000,0,0.000,0.629,159,false,163.765,9.600,false
250.000,1,1.000,1.006,320,false,328.539,16.800,false
250.000,2,6.000,3.174,457,false,487.213,25.200,true
250.000,3,2.000,3.207,746,false,776.545,36.000,false
250.000,4,7.000,4.890,986,false,1033.371,48.000,true
251.000,0,2.000,1.040,161,false,169.879,9.600,true
251.000,1,1.000,1.004,320,false,328.520,16.800,false
251.000,2,3.000,3.122,460,false,489.692,25.200,true
251.000,3,2.000,2.845,747,false,773.925,36.000,false
251.000,4,5.000,4.923,991,false,1038.703,48.000,true
252.000,0,0.000,0.728,160,false,165.758,9.600,false
252.000,1,4.000,1.903,324,false,341.507,16.800,true
252.000,2,1.000,2.485,461,false,484.327,25.200,false
252.000,3,1.000,2.291,748,false,769.390,36.000,false
252.000,4,10.000,6.446,1001,false,1063.935,48.000,true
253.000,0,0.000,0.510,160,false,163.573,9.600,false
253.000,1,0.000,1.332,324,false,335.798,16.800,false
253.000,2,0.000,1.740,461,false,476.872,25.200,false
253.000,3,4.000,2.804,752,false,778.516,36.000,false
253.000,4,3.000,5.412,1003,false,1055.597,48.000,true
254.000,0,0.000,0.357,160,false,162.044,9.600,false
254.000,1,0.000,0.933,324,false,331.801,16.800,false
254.000,2,2.000,1.818,463,false,479.653,25.200,false
254.000,3,2.000,2.563,754,false,778.104,36.000,false
254.000,4,7.000,5.888,1010,false,1067.361,48.000,true
255.000,0,1.000,0.550,161,false,164.974,9.600,false
255.000,1,3.000,1.553,327,false,341.004,16.800,false
255.000,2,3.000,2.172,466,false,486.200,25.200,false
255.000,3,0.000,1.794,754,false,770.416,36.000,false
255.000,4,2.000,4.722,1012,false,1057.695,48.000,false
256.000,0,1.000,0.685,162,false,167.325,9.600,false
256.000,1,2.000,1.687,329,false,344.345,16.800,true
256.000,2,1.000,1.821,467,false,483.683,25.200,false
256.000,3,7.000,3.356,761,false,793.034,36.000,false
256.000,4,0.000,3.305,1011,false,1042.530,48.000,false
257.000,0,1.000,0.779,163,false,169.270,9.600,false
257.000,1,1.000,1.481,329,false,342.285,16.800,false
257.000,2,4.000,2.474,470,false,493.221,25.200,false
257.000,3,4.000,3.549,764,false,797.967,36.000,false
257.000,4,0.000,2.314,1011,false,1032.614,48.000,false
258.000,0,1.000,0.846,164,false,170.932,9.600,false
258.000,1,2.000,1.637,331,false,345.842,16.800,false
258.000,2,2.000,2.332,472,false,493.797,25.200,false
258.000,3,3.000,3.384,767,false,799.319,36.000,false
258.000,4,4.000,2.820,1015,false,1041.672,48.000,false
259.000,0,0.000,0.592,164,false,168.395,9.600,false
259.000,1,2.000,1.746,333,false,348.932,16.800,true
259.000,2,4.000,2.832,476,false,502.801,25.200,true
259.000,3,6.000,4.169,773,false,813.166,36.000,true
259.000,4,4.000,3.174,1019,false,1049.214,48.000,false
260.000,0,2.000,1.014,166,false,174.619,9.600,true
260.000,1,0.000,1.222,333,false,343.696,16.800,false
260.000,2,2.000,2.583,478,false,502.304,25.200,true
260.000,3,2.000,3.518,775,false,808.659,36.000,false
260.000,4,3.000,3.122,1022,false,1051.692,48.000,false
261.000,0,1.000,1.010,167,false,175.576,9.600,true
261.000,1,1.000,1.155,334,false,344.030,16.800,false
261.000,2,1.000,2.108,479,false,498.555,25.200,false
261.000,3,4.000,3.663,779,false,814.104,36.000,true
261.000,4,5.000,3.685,1027,false,1062.327,48.000,false
262.000,0,0.000,0.707,167,false,172.546,9.600,false
262.000,1,1.000,1.109,335,false,344.564,16.800,false
262.000,2,5.000,2.976,484,false,512.232,25.200,true
262.000,3,4.000,3.764,783,false,819.116,36.000,true
262.000,4,0.000,2.580,1026,false,1050.272,48.000,false
263.000,0,0.000,0.495,167,false,170.425,9.600,false
263.000,1,2.000,1.376,336,false,348.237,16.800,false
263.000,2,0.000,2.083,484,false,503.305,25.200,false
263.000,3,2.000,3.235,785,false,815.824,36.000,false
263.000,4,2.000,2.406,1028,false,1050.533,48.000,false
264.000,0,0.000,0.346,167,false,168.941,9.600,false
264.000,1,4.000,2.163,340,false,360.109,16.800,true
264.000,2,3.000,2.358,486,false,508.056,25.200,false
264.000,3,4.000,3.464,789,false,822.120,36.000,false
264.000,4,7.000,3.784,1034,false,1070.316,48.000,false
265.000,0,2.000,0.843,169,false,175.901,9.600,false
265.000,1,1.000,1.814,341,false,357.619,16.800,true
265.000,2,2.000,2.251,488,false,508.982,25.200,false
265.000,3,3.000,3.325,792,false,823.727,36.000,false
265.000,4,5.000,4.149,1039,false,1078.964,48.000,false
266.000,0,0.000,0.590,169,false,173.374,9.600,false
266.000,1,2.000,1.870,343,false,360.176,16.800,true
266.000,2,2.000,2.175,490,false,510.230,25.200,false
266.000,3,2.000,2.928,794,false,821.751,36.000,false
266.000,4,5.000,4.404,1044,false,1086.518,48.000,false
267.000,0,0.000,0.413,168,false,170.604,9.600,false
267.000,1,2.000,1.909,345,false,362.566,16.800,true
267.000,2,4.000,2.723,494,false,519.704,25.200,true
267.000,3,3.000,2.949,797,false,824.969,36.000,false
267.000,4,2.000,3.683,1046,false,1081.305,48.000,false
268.000,0,0.000,0.289,168,false,169.366,9.600,false
268.000,1,0.000,1.336,344,false,355.839,16.800,false
268.000,2,3.000,2.806,497,false,523.536,25.200,true
268.000,3,2.000,2.664,799,false,824.121,36.000,false
268.000,4,4.000,3.778,1050,false,1086.257,48.000,false
269.000,0,1.000,0.502,169,false,172.499,9.600,false
269.000,1,2.000,1.535,346,false,359.830,16.800,false
269.000,2,3.000,2.864,500,false,527.118,25.200,true
269.000,3,3.000,2.765,802,false,828.128,36.000,false
269.000,4,5.000,4.145,1055,false,1094.922,48.000,false
270.000,0,0.000,0.352,169,false,170.992,9.600,false
270.000,1,1.000,1.375,347,false,359.224,16.800,false
270.000,2,3.000,2.905,502,false,529.525,25.200,true
270.000,3,6.000,3.736,808,false,843.832,36.000,true
270.000,4,4.000,4.101,1058,false,1097.489,48.000,false
271.000,0,0.000,0.246,169,false,169.937,9.600,false
271.000,1,0.000,0.962,347,false,355.100,16.800,false
271.000,2,1.000,2.333,503,false,524.811,25.200,false
271.000,3,3.000,3.515,811,false,844.625,36.000,false
271.000,4,4.000,4.071,1062,false,1101.185,48.000,false
272.000,0,0.000,0.172,169,false,169.199,9.600,false
272.000,1,4.000,1.874,351,false,368.213,16.800,true
272.000,2,2.000,2.233,505,false,525.810,25.200,false
272.000,3,5.000,3.960,816,false,854.081,36.000,true
272.000,4,2.000,3.450,1064,false,1096.972,48.000,false
273.000,0,1.000,0.421,170,false,172.682,9.600,false
273.000,1,2.000,1.912,353,false,370.592,16.800,true
273.000,2,1.000,1.863,506,false,523.110,25.200,false
273.000,3,5.000,4.272,821,false,862.199,36.000,true
273.000,4,7.000,4.515,1070,false,1113.623,48.000,false
274.000,0,1.000,0.594,171,false,175.420,9.600,false
274.000,1,1.000,1.638,354,false,368.857,16.800,false
274.000,2,2.000,1.904,508,false,525.520,25.200,false
274.000,3,5.000,4.491,826,false,869.382,36.000,true
274.000,4,5.000,4.660,1075,false,1120.079,48.000,false
275.000,0,0.000,0.416,170,false,172.637,9.600,false
275.000,1,1.000,1.447,355,false,367.943,16.800,false
275.000,2,0.000,1.333,507,false,518.807,25.200,false
275.000,3,5.000,4.643,831,false,875.911,36.000,true
275.000,4,7.000,5.362,1082,false,1134.098,48.000,true
276.000,0,0.000,0.291,170,false,171.389,9.600,false
276.000,1,1.000,1.313,356,false,367.603,16.800,false
276.000,2,0.000,0.933,507,false,514.808,25.200,false
276.000,3,2.000,3.850,833,false,869.980,36.000,true
276.000,4,5.000,5.254,1087,false,1138.012,48.000,true
277.000,0,0.000,0.204,170,false,170.515,9.600,false
277.000,1,0.000,0.919,356,false,363.665,16.800,false
277.000,2,2.000,1.253,509,false,520.008,25.200,false
277.000,3,6.000,4.495,838,false,881.429,36.000,true
277.000,4,5.000,5.177,1092,false,1142.251,48.000,true
278.000,0,2.000,0.743,172,false,177.903,9.600,false
278.000,1,2.000,1.243,357,false,367.908,16.800,false
278.000,2,0.000,0.877,509,false,516.249,25.200,false
278.000,3,5.000,4.647,843,false,887.943,36.000,true
278.000,4,5.000,5.124,1096,false,1145.719,48.000,true
279.000,0,3.000,1.420,174,false,186.675,9.600,true
279.000,1,2.000,1.470,359,false,372.179,16.800,false
279.000,2,1.000,0.914,510,false,517.617,25.200,false
279.000,3,2.000,3.853,845,false,882.003,36.000,true
279.000,4,4.000,4.787,1100,false,1146.346,48.000,false
280.000,0,2.000,1.594,176,false,190.416,9.600,true
280.000,1,0.000,1.029,359,false,367.768,16.800,false
280.000,2,3.000,1.540,513,false,526.875,25.200,false
280.000,3,1.000,2.997,846,false,874.445,36.000,false
280.000,4,4.000,4.551,1104,false,1147.985,48.000,false
281.000,0,0.000,1.116,176,false,185.634,9.600,true
281.000,1,1.000,1.020,360,false,368.680,16.800,false
281.000,2,0.000,1.078,513,false,522.255,25.200,false
281.000,3,2.000,2.698,848,false,873.454,36.000,false
281.000,4,3.000,4.086,1107,false,1146.332,48.000,false
282.000,0,1.000,1.081,177,false,186.286,9.600,true
282.000,1,1.000,1.014,361,false,369.619,16.800,false
282.000,2,2.000,1.355,515,false,527.021,25.200,false
282.000,3,4.000,3.088,852,false,881.361,36.000,false
282.000,4,0.000,2.860,1106,false,1133.075,48.000,false
283.000,0,2.000,1.357,179,false,191.043,9.600,true
283.000,1,0.000,0.710,361,false,366.576,16.800,false
283.000,2,1.000,1.248,516,false,526.958,25.200,false
283.000,3,2.000,2.762,853,false,879.095,36.000,false
283.000,4,1.000,2.302,1107,false,1128.496,48.000,false
284.000,0,1.000,1.250,179,false,189.973,9.600,true
284.000,1,2.000,1.097,362,false,371.446,16.800,false
284.000,2,2.000,1.474,518,false,531.213,25.200,false
284.000,3,4.000,3.133,857,false,886.810,36.000,false
284.000,4,4.000,2.811,1111,false,1137.590,48.000,false
285.000,0,0.000,0.875,179,false,186.224,9.600,false
285.000,1,1.000,1.068,363,false,372.155,16.800,false
285.000,2,1.000,1.332,519,false,530.792,25.200,false
285.000,3,4.000,3.393,861,false,893.410,36.000,false
285.000,4,4.000,3.168,1115,false,1145.156,48.000,false
286.000,0,1.000,0.912,180,false,187.600,9.600,false
286.000,1,2.000,1.348,365,false,376.952,16.800,false
286.000,2,2.000,1.532,520,false,533.797,25.200,false
286.000,3,7.000,4.475,868,false,911.230,36.000,true
286.000,4,6.000,4.018,1121,false,1159.652,48.000,false
287.000,0,0.000,0.639,180,false,184.863,9.600,false
287.000,1,4.000,2.143,369,false,388.909,16.800,true
287.000,2,5.000,2.572,525,false,549.201,25.200,true
287.000,3,1.000,3.433,869,false,901.804,36.000,false
287.000,4,2.000,3.412,1122,false,1154.599,48.000,false
288.000,0,0.000,0.447,180,false,182.947,9.600,false
288.000,1,1.000,1.800,369,false,385.479,16.800,true
288.000,2,1.000,2.101,526,false,545.484,25.200,false
288.000,3,1.000,2.703,869,false,894.505,36.000,false
288.000,4,2.000,2.989,1124,false,1152.362,48.000,false
289.000,0,1.000,0.613,181,false,185.606,9.600,false
289.000,1,0.000,1.260,369,false,380.078,16.800,false
289.000,2,3.000,2.371,529,false,551.181,25.200,false
289.000,3,4.000,3.092,873,false,902.397,36.000,false
289.000,4,3.000,2.992,1127,false,1155.396,48.000,false
290.000,0,1.000,0.729,181,false,186.767,9.600,false
290.000,1,2.000,1.482,371,false,384.298,16.800,false
290.000,2,1.000,1.959,530,false,548.070,25.200,false
290.000,3,3.000,3.064,876,false,905.120,36.000,false
290.000,4,3.000,2.994,1130,false,1158.420,48.000,false
291.000,0,0.000,0.510,181,false,184.580,9.600,false
291.000,1,1.000,1.337,372,false,383.851,16.800,false
291.000,2,5.000,2.872,535,false,562.192,25.200,true
291.000,3,3.000,3.045,879,false,907.927,36.000,false
291.000,4,4.000,3.296,1133,false,1164.437,48.000,false
292.000,0,0.000,0.357,181,false,183.049,9.600,false
292.000,1,0.000,0.936,371,false,378.839,16.800,false
292.000,2,2.000,2.610,537,false,561.577,25.200,true
292.000,3,1.000,2.432,880,false,902.792,36.000,false
292.000,4,2.000,2.907,1135,false,1162.549,48.000,false
293.000,0,1.000,0.550,182,false,185.977,9.600,false
293.000,1,3.000,1.555,374,false,388.030,16.800,false
293.000,2,2.000,2.427,538,false,560.747,25.200,false
293.000,3,1.000,2.002,881,false,899.497,36.000,false
293.000,4,5.000,3.535,1140,false,1173.827,48.000,false
294.000,0,0.000,0.385,181,false,183.327,9.600,false
294.000,1,0.000,1.089,374,false,383.364,16.800,false
294.000,2,2.000,2.299,540,false,561.466,25.200,false
294.000,3,1.000,1.701,882,false,897.491,36.000,false
294.000,4,8.000,4.875,1148,false,1195.222,48.000,true
295.000,0,1.000,0.570,182,false,186.172,9.600,false
295.000,1,2.000,1.362,376,false,388.098,16.800,false
295.000,2,1.000,1.909,540,false,557.569,25.200,false
295.000,3,2.000,1.791,883,false,899.386,36.000,false
295.000,4,1.000,3.712,1149,false,1184.598,48.000,false
296.000,0,0.000,0.399,182,false,184.463,9.600,false
296.000,1,2.000,1.553,378,false,392.011,16.800,false
296.000,2,3.000,2.236,543,false,563.841,25.200,false
296.000,3,1.000,1.554,884,false,898.013,36.000,false
296.000,4,1.000,2.899,1150,false,1177.462,48.000,false
297.000,0,0.000,0.279,182,false,183.267,9.600,false
297.000,1,1.000,1.387,378,false,390.351,16.800,false
297.000,2,1.000,1.866,544,false,561.132,25.200,false
297.000,3,4.000,2.288,887,false,908.352,36.000,false
297.000,4,5.000,3.529,1155,false,1188.766,48.000,false
298.000,0,0.000,0.195,181,false,181.430,9.600,false
298.000,1,1.000,1.271,379,false,390.188,16.800,false
298.000,2,3.000,2.206,547,false,567.535,25.200,false
298.000,3,3.000,2.501,890,false,913.489,36.000,false
298.000,4,3.000,3.370,1158,false,1190.179,48.000,false
299.000,0,1.000,0.437,182,false,184.844,9.600,false
299.000,1,0.000,0.890,379,false,386.375,16.800,false
299.000,2,1.000,1.844,548,false,564.917,25.200,false
299.000,3,6.000,3.551,895,false,928.985,36.000,false
299.000,4,5.000,3.859,1163,false,1200.068,48.000,false
300.000,0,1.000,0.606,182,false,186.533,9.600,false
300.000,1,4.000,1.823,383,false,399.705,16.800,true
300.000,2,1.000,1.591,548,false,562.385,25.200,false
300.000,3,1.000,2.786,896,false,922.333,36.000,false
300.000,4,4.000,3.901,1167,false,1204.491,48.000,false
301.000,0,0.000,0.424,182,false,184.716,9.600,false
301.000,1,0.000,1.276,383,false,394.236,16.800,false
301.000,2,4.000,2.314,552,false,573.612,25.200,false
301.000,3,4.000,3.150,900,false,929.976,36.000,false
301.000,4,2.000,3.331,1169,false,1200.786,48.000,false
302.000,0,1.000,0.597,183,false,187.444,9.600,false
302.000,1,1.000,1.193,384,false,394.408,16.800,false
302.000,2,4.000,2.820,556,false,582.671,25.200,true
302.000,3,6.000,4.005,906,false,944.526,36.000,true
302.000,4,3.000,3.232,1172,false,1202.793,48.000,false
303.000,0,1.000,0.718,184,false,189.654,9.600,false
303.000,1,1.000,1.135,384,false,393.829,16.800,false
303.000,2,2.000,2.574,558,false,582.213,25.200,true
303.000,3,6.000,4.603,912,false,956.511,36.000,true
303.000,4,3.000,3.162,1175,false,1205.098,48.000,false
304.000,0,1.000,0.802,185,false,191.501,9.600,false
304.000,1,1.000,1.095,385,false,394.423,16.800,false
304.000,2,2.000,2.402,560,false,582.492,25.200,false
304.000,3,2.000,3.822,914,false,950.701,36.000,true
304.000,4,3.000,3.114,1178,false,1207.612,48.000,false
305.000,0,1.000,0.862,186,false,193.093,9.600,false
305.000,1,1.000,1.066,386,false,395.139,16.800,false
305.000,2,2.000,2.281,562,false,583.287,25.200,false
305.000,3,6.000,4.476,920,false,963.233,36.000,true
305.000,4,4.000,3.379,1182,false,1214.271,48.000,false
306.000,0,4.000,1.803,189,false,205.508,9.600,true
306.000,1,1.000,1.046,387,false,395.940,16.800,false
306.000,2,0.000,1.597,562,false,576.444,25.200,false
306.000,3,3.000,4.033,922,false,960.806,36.000,true
306.000,4,4.000,3.566,1185,false,1219.133,48.000,false
307.000,0,0.000,1.262,189,false,200.099,9.600,true
307.000,1,2.000,1.332,389,false,400.801,16.800,false
307.000,2,3.000,2.018,565,false,583.654,25.200,false
307.000,3,2.000,3.423,924,false,956.707,36.000,false
307.000,4,4.000,3.696,1189,false,1224.436,48.000,false
308.000,0,1.000,1.184,190,false,200.312,9.600,true
308.000,1,1.000,1.233,390,false,400.804,16.800,false
308.000,2,0.000,1.412,564,false,576.600,25.200,false
308.000,3,4.000,3.596,928,false,962.438,36.000,false
308.000,4,4.000,3.787,1193,false,1229.348,48.000,false
309.000,0,0.000,0.828,190,false,196.761,9.600,false
309.000,1,4.000,2.063,394,false,413.105,16.800,true
309.000,2,1.000,1.289,565,false,576.363,25.200,false
309.000,3,2.000,3.117,930,false,959.649,36.000,false
309.000,4,5.000,4.151,1198,false,1237.986,48.000,false
310.000,0,1.000,0.880,191,false,198.276,9.600,false
310.000,1,0.000,1.444,394,false,406.917,16.800,false
310.000,2,2.000,1.502,567,false,580.497,25.200,false
310.000,3,3.000,3.082,932,false,961.297,36.000,false
310.000,4,3.000,3.806,1201,false,1237.533,48.000,false
311.000,0,1.000,0.916,191,false,198.636,9.600,false
311.000,1,1.000,1.311,395,false,406.584,16.800,false
311.000,2,1.000,1.351,568,false,579.991,25.200,false
311.000,3,2.000,2.757,934,false,960.051,36.000,false
311.000,4,4.000,3.864,1205,false,1242.116,48.000,false
312.000,0,0.000,0.641,191,false,195.888,9.600,false
312.000,1,0.000,0.918,395,false,402.652,16.800,false
312.000,2,3.000,1.846,570,false,586.936,25.200,false
312.000,3,2.000,2.530,935,false,958.779,36.000,false
312.000,4,1.000,3.005,1206,false,1234.524,48.000,false
313.000,0,1.000,0.749,192,false,197.964,9.600,false
313.000,1,1.000,0.942,396,false,403.899,16.800,false
313.000,2,3.000,2.192,573,false,593.398,25.200,false
313.000,3,1.000,2.071,936,false,955.188,36.000,false
313.000,4,5.000,3.603,1211,false,1245.510,48.000,false
314.000,0,1.000,0.824,193,false,199.718,9.600,false
314.000,1,2.000,1.260,398,false,409.072,16.800,false
314.000,2,4.000,2.735,577,false,602.822,25.200,true
314.000,3,6.000,3.250,942,false,972.974,36.000,false
314.000,4,4.000,3.722,1215,false,1250.700,48.000,false
315.000,0,1.000,0.877,194,false,201.245,9.600,false
315.000,1,2.000,1.482,400,false,413.293,16.800,false
315.000,2,2.000,2.514,579,false,602.618,25.200,false
315.000,3,4.000,3.475,946,false,979.225,36.000,false
315.000,4,4.000,3.806,1219,false,1255.533,48.000,false
316.000,0,2.000,1.214,196,false,206.615,9.600,true
316.000,1,1.000,1.337,401,false,412.848,16.800,false
316.000,2,0.000,1.760,579,false,595.075,25.200,false
316.000,3,3.000,3.332,949,false,980.800,36.000,false
316.000,4,7.000,4.764,1225,false,1271.116,48.000,false
317.000,0,1.000,1.150,197,false,206.973,9.600,true
317.000,1,1.000,1.236,401,false,411.837,16.800,false
317.000,2,1.000,1.532,580,false,593.796,25.200,false
317.000,3,3.000,3.233,952,false,982.803,36.000,false
317.000,4,5.000,4.835,1230,false,1276.824,48.000,true
318.000,0,2.000,1.405,199,false,211.524,9.600,true
318.000,1,0.000,0.865,401,false,408.129,16.800,false
318.000,2,4.000,2.272,584,false,605.200,25.200,false
318.000,3,2.000,2.863,954,false,981.105,36.000,false
318.000,4,4.000,4.584,1234,false,1278.320,48.000,false
319.000,0,1.000,1.283,200,false,211.310,9.600,true
319.000,1,1.000,0.906,402,false,409.533,16.800,false
319.000,2,1.000,1.891,584,false,601.383,25.200,false
319.000,3,4.000,3.204,957,false,987.516,36.000,false
319.000,4,7.000,5.309,1241,false,1292.567,48.000,true
320.000,0,2.000,1.498,202,false,215.460,9.600,true
320.000,1,0.000,0.634,402,false,406.816,16.800,false
320.000,2,5.000,2.823,589,false,615.711,25.200,true
320.000,3,3.000,3.143,960,false,989.904,36.000,false
320.000,4,4.000,4.916,1245,false,1292.639,48.000,true
321.000,0,0.000,1.049,202,false,210.965,9.600,true
321.000,1,0.000,0.444,402,false,404.914,16.800,false
321.000,2,4.000,3.176,593,false,623.240,25.200,true
321.000,3,4.000,3.400,964,false,996.476,36.000,false
321.000,4,5.000,4.941,1250,false,1297.890,48.000,true
322.000,0,0.000,0.734,202,false,207.818,9.600,false
322.000,1,0.000,0.311,402,false,403.583,16.800,false
322.000,2,1.000,2.523,594,false,617.711,25.200,true
322.000,3,3.000,3.280,966,false,997.276,36.000,false
322.000,4,5.000,4.959,1255,false,1303.066,48.000,true
323.000,0,0.000,0.514,202,false,205.616,9.600,false
323.000,1,1.000,0.517,403,false,406.651,16.800,false
323.000,2,3.000,2.666,597,false,622.141,25.200,true
323.000,3,3.000,3.196,969,false,999.436,36.000,false
323.000,4,5.000,4.971,1259,false,1307.189,48.000,true
324.000,0,0.000,0.360,202,false,204.074,9.600,false
324.000,1,0.000,0.362,403,false,405.098,16.800,false
324.000,2,2.000,2.467,599,false,622.141,25.200,false
324.000,3,0.000,2.237,969,false,989.848,36.000,false
324.000,4,7.000,5.580,1266,false,1320.275,48.000,true
325.000,0,1.000,0.552,203,false,206.994,9.600,false
325.000,1,1.000,0.554,403,false,407.012,16.800,false
325.000,2,2.000,2.327,601,false,622.742,25.200,false
325.000,3,1.000,1.866,970,false,987.137,36.000,false
325.000,4,3.000,4.806,1269,false,1315.536,48.000,true
326.000,0,1.000,0.686,204,false,209.339,9.600,false
326.000,1,2.000,0.987,405,false,413.351,16.800,false
326.000,2,1.000,1.929,601,false,618.762,25.200,false
326.000,3,2.000,1.906,972,false,989.538,36.000,false
326.000,4,4.000,4.564,1273,false,1317.118,48.000,false
327.000,0,1.000,0.780,205,false,211.280,9.600,false
327.000,1,1.000,0.991,406,false,414.389,16.800,false
327.000,2,2.000,1.950,603,false,620.976,25.200,false
327.000,3,1.000,1.634,973,false,987.820,36.000,false
327.000,4,2.000,3.795,1275,false,1311.425,48.000,false
328.000,0,2.000,1.146,206,false,215.939,9.600,true
328.000,1,0.000,0.694,406,false,411.415,16.800,false
328.000,2,6.000,3.165,609,false,639.126,25.200,true
328.000,3,1.000,1.444,974,false,986.917,36.000,false
328.000,4,4.000,3.856,1279,false,1316.041,48.000,false
329.000,0,1.000,1.102,207,false,216.500,9.600,true
329.000,1,0.000,0.486,405,false,408.333,16.800,false
329.000,2,2.000,2.816,611,false,637.631,25.200,true
329.000,3,2.000,1.611,976,false,990.585,36.000,false
329.000,4,5.000,4.200,1284,false,1324.471,48.000,false
330.000,0,1.000,1.072,208,false,217.193,9.600,true
330.000,1,3.000,1.240,408,false,418.876,16.800,false
330.000,2,1.000,2.271,612,false,633.185,25.200,false
330.000,3,0.000,1.128,976,false,985.752,36.000,false
330.000,4,5.000,4.440,1288,false,1330.873,48.000,false
331.000,0,0.000,0.750,208,false,213.978,9.600,false
331.000,1,0.000,0.868,408,false,415.156,16.800,false
331.000,2,3.000,2.490,615,false,638.372,25.200,false
331.000,3,2.000,1.389,978,false,990.369,36.000,false
331.000,4,1.000,3.408,1289,false,1321.554,48.000,false
332.000,0,1.000,0.825,209,false,215.727,9.600,false
332.000,1,2.000,1.208,410,false,420.552,16.800,false
332.000,2,2.000,2.343,617,false,638.903,25.200,false
332.000,3,5.000,2.473,983,false,1006.201,36.000,false
332.000,4,8.000,4.785,1297,false,1343.330,48.000,false
333.000,0,1.000,0.878,209,false,216.252,9.600,false
333.000,1,3.000,1.745,413,false,428.929,16.800,true
333.000,2,1.000,1.940,618,false,635.875,25.200,false
333.000,3,4.000,2.931,987,false,1014.784,36.000,false
333.000,4,4.000,4.550,1301,false,1344.974,48.000,false
334.000,0,4.000,1.814,213,false,229.619,9.600,true
334.000,1,0.000,1.222,412,false,422.693,16.800,false
334.000,2,1.000,1.658,619,false,634.056,25.200,false
334.000,3,2.000,2.652,989,false,1013.992,36.000,false
334.000,4,5.000,4.685,1306,false,1351.325,48.000,false
335.000,0,1.000,1.570,214,false,228.176,9.600,true
335.000,1,2.000,1.455,414,false,427.028,16.800,false
335.000,2,5.000,2.661,624,false,649.082,25.200,true
335.000,3,5.000,3.356,994,false,1026.037,36.000,false
335.000,4,3.000,4.179,1309,false,1349.270,48.000,false
336.000,0,0.000,1.099,214,false,223.466,9.600,true
336.000,1,3.000,1.919,417,false,434.663,16.800,true
336.000,2,2.000,2.462,626,false,649.100,25.200,false
336.000,3,3.000,3.249,997,false,1027.969,36.000,false
336.000,4,4.000,4.126,1313,false,1352.732,48.000,false
337.000,0,3.000,1.669,217,false,232.169,9.600,true
337.000,1,1.000,1.643,418,false,432.907,16.800,false
337.000,2,2.000,2.324,628,false,649.713,25.200,false
337.000,3,1.000,2.574,998,false,1022.221,36.000,false
337.000,4,3.000,3.788,1316,false,1352.355,48.000,false
338.000,0,0.000,1.169,217,false,227.161,9.600,true
338.000,1,1.000,1.450,419,false,431.978,16.800,false
338.000,2,2.000,2.227,630,false,650.742,25.200,false
338.000,3,4.000,3.002,1002,false,1030.498,36.000,false
338.000,4,5.000,4.152,1321,false,1360.992,48.000,false
339.000,0,0.000,0.818,217,false,223.656,9.600,false
339.000,1,2.000,1.615,421,false,435.627,16.800,false
339.000,2,4.000,2.759,634,false,660.062,25.200,true
339.000,3,2.000,2.701,1004,false,1029.491,36.000,false
339.000,4,4.000,4.106,1325,false,1364.537,48.000,false
340.000,0,0.000,0.573,217,false,221.202,9.600,false
340.000,1,0.000,1.131,421,false,430.782,16.800,false
340.000,2,2.000,2.531,635,false,658.786,25.200,true
340.000,3,1.000,2.191,1005,false,1025.387,36.000,false
340.000,4,4.000,4.074,1329,false,1368.219,48.000,false
341.000,0,1.000,0.701,217,false,222.484,9.600,false
341.000,1,1.000,1.091,421,false,430.390,16.800,false
341.000,2,3.000,2.672,638,false,663.193,25.200,true
341.000,3,1.000,1.834,1006,false,1022.814,36.000,false
341.000,4,5.000,4.352,1334,false,1375.996,48.000,false
342.000,0,1.000,0.791,218,false,224.382,9.600,false
342.000,1,2.000,1.364,423,false,435.116,16.800,false
342.000,2,0.000,1.870,638,false,655.178,25.200,false
342.000,3,2.000,1.884,1007,false,1024.312,36.000,false
342.000,4,6.000,4.846,1340,false,1386.940,48.000,true
343.000,0,1.000,0.853,219,false,226.010,9.600,false
343.000,1,1.000,1.255,424,false,435.024,16.800,false
343.000,2,2.000,1.909,639,false,656.568,25.200,false
343.000,3,2.000,1.919,1009,false,1026.661,36.000,false
343.000,4,5.000,4.892,1345,false,1392.401,48.000,true
344.000,0,1.000,0.897,220,false,227.450,9.600,false
344.000,1,1.000,1.178,425,false,435.260,16.800,false
344.000,2,1.000,1.636,640,false,654.840,25.200,false
344.000,3,5.000,2.843,1014,false,1040.906,36.000,false
344.000,4,3.000,4.325,1348,false,1389.723,48.000,false
345.000,0,0.000,0.628,220,false,224.758,9.600,false
345.000,1,3.000,1.725,428,false,443.725,16.800,true
345.000,2,3.000,2.045,643,false,661.931,25.200,false
345.000,3,3.000,2.890,1017,false,1044.377,36.000,false
345.000,4,7.000,5.127,1355,false,1404.749,48.000,true
346.000,0,2.000,1.040,221,false,229.873,9.600,true
346.000,1,1.000,1.507,429,false,442.550,16.800,false
346.000,2,3.000,2.332,646,false,667.795,25.200,false
346.000,3,2.000,2.623,1018,false,1042.707,36.000,false
346.000,4,4.000,4.789,1359,false,1405.367,48.000,false
347.000,0,0.000,0.728,221,false,226.754,9.600,false
347.000,1,2.000,1.655,431,false,446.028,16.800,false
347.000,2,1.000,1.932,647,false,664.799,25.200,false
347.000,3,2.000,2.436,1020,false,1042.838,36.000,false
347.000,4,6.000,5.152,1365,false,1415.000,48.000,true
348.000,0,1.000,0.809,222,false,228.571,9.600,false
348.000,1,2.000,1.759,432,false,448.062,16.800,true
348.000,2,1.000,1.653,648,false,663.002,25.200,false
348.000,3,4.000,2.905,1024,false,1051.529,36.000,false
348.000,4,4.000,4.807,1368,false,1414.543,48.000,true
349.000,0,0.000,0.567,222,false,226.142,9.600,false
349.000,1,1.000,1.531,433,false,446.787,16.800,false
349.000,2,3.000,2.057,650,false,669.044,25.200,false
349.000,3,3.000,2.934,1027,false,1054.813,36.000,false
349.000,4,4.000,4.565,1372,false,1416.123,48.000,false
350.000,0,1.000,0.697,223,false,228.443,9.600,false
350.000,1,2.000,1.672,435,false,450.193,16.800,false
350.000,2,2.000,2.040,652,false,670.874,25.200,false
350.000,3,5.000,3.554,1032,false,1066.012,36.000,false
350.000,4,5.000,4.695,1377,false,1422.429,48.000,false
351.000,0,0.000,0.488,222,false,225.353,9.600,false
351.000,1,2.000,1.770,437,false,453.178,16.800,true
351.000,2,0.000,1.428,652,false,664.755,25.200,false
351.000,3,4.000,3.688,1036,false,1071.351,36.000,true
351.000,4,3.000,4.187,1380,false,1420.343,48.000,false
352.000,0,3.000,1.241,225,false,235.890,9.600,true
352.000,1,2.000,1.839,439,false,455.868,16.800,true
352.000,2,2.000,1.599,654,false,668.471,25.200,false
352.000,3,2.000,3.181,1037,false,1067.289,36.000,false
352.000,4,5.000,4.431,1385,false,1427.783,48.000,false
353.000,0,2.000,1.469,227,false,240.166,9.600,true
353.000,1,1.000,1.587,440,false,454.350,16.800,false
353.000,2,2.000,1.720,656,false,671.673,25.200,false
353.000,3,1.000,2.527,1038,false,1061.745,36.000,false
353.000,4,3.000,4.001,1388,false,1426.491,48.000,false
354.000,0,1.000,1.328,228,false,239.759,9.600,true
354.000,1,3.000,2.011,443,false,461.588,16.800,true
354.000,2,0.000,1.204,655,false,665.514,25.200,false
354.000,3,2.000,2.369,1040,false,1062.164,36.000,false
354.000,4,2.000,3.401,1390,false,1422.487,48.000,false
355.000,0,1.000,1.230,229,false,239.774,9.600,true
355.000,1,3.000,2.308,446,false,467.554,16.800,true
355.000,2,1.000,1.143,656,false,665.902,25.200,false
355.000,3,4.000,2.858,1044,false,1071.058,36.000,false
355.000,4,5.000,3.881,1394,false,1431.283,48.000,false
356.000,0,1.000,1.161,229,false,239.085,9.600,true
356.000,1,3.000,2.515,448,false,471.631,16.800,true
356.000,2,4.000,2.000,660,false,678.475,25.200,false
356.000,3,2.000,2.601,1045,false,1069.483,36.000,false
356.000,4,5.000,4.217,1399,false,1439.641,48.000,false
357.000,0,2.000,1.413,231,false,243.602,9.600,true
357.000,1,3.000,2.661,451,false,476.085,16.800,true
357.000,2,1.000,1.700,661,false,676.475,25.200,false
357.000,3,1.000,2.121,1046,false,1065.681,36.000,false
357.000,4,3.000,3.852,1402,false,1438.992,48.000,false
358.000,0,0.000,0.989,231,false,239.364,9.600,true
358.000,1,5.000,3.363,456,false,488.102,16.800,true
358.000,2,2.000,1.790,663,false,679.375,25.200,false
358.000,3,3.000,2.384,1049,false,1071.320,36.000,false
358.000,4,3.000,3.596,1405,false,1439.437,48.000,false
359.000,0,1.000,0.992,232,false,240.398,9.600,true
359.000,1,1.000,2.654,457,false,482.014,16.800,true
359.000,2,2.000,1.853,665,false,682.006,25.200,false
359.000,3,2.000,2.269,1051,false,1072.167,36.000,false
359.000,4,2.000,3.117,1407,false,1436.649,48.000,false
360.000,0,2.000,1.295,234,false,245.421,9.600,true
360.000,1,0.000,1.858,457,false,474.053,16.800,true
360.000,2,0.000,1.297,665,false,676.447,25.200,false
360.000,3,3.000,2.488,1054,false,1077.360,36.000,false
360.000,4,4.000,3.382,1411,false,1443.297,48.000,false
361.000,0,0.000,0.906,234,false,241.538,9.600,false
361.000,1,1.000,1.600,457,false,471.480,16.800,false
361.000,2,1.000,1.208,665,false,675.556,25.200,false
361.000,3,5.000,3.242,1058,false,1088.895,36.000,false
361.000,4,7.000,4.467,1418,false,1461.151,48.000,false
362.000,0,1.000,0.934,235,false,242.819,9.600,false
362.000,1,2.000,1.720,459,false,474.679,16.800,true
362.000,2,1.000,1.146,666,false,675.932,25.200,false
362.000,3,3.000,3.169,1061,false,1091.169,36.000,false
362.000,4,4.000,4.327,1421,false,1462.748,48.000,false
363.000,0,1.000,0.954,236,false,244.016,9.600,false
363.000,1,1.000,1.504,460,false,473.518,16.800,false
363.000,2,0.000,0.802,666,false,672.495,25.200,false
363.000,3,5.000,3.718,1066,false,1101.661,36.000,true
363.000,4,6.000,4.829,1427,false,1473.767,48.000,true
364.000,0,0.000,0.668,236,false,241.154,9.600,false
364.000,1,0.000,1.053,459,false,468.005,16.800,false
364.000,2,2.000,1.161,668,false,678.089,25.200,false
364.000,3,3.000,3.503,1069,false,1102.506,36.000,false
364.000,4,4.000,4.580,1431,false,1475.280,48.000,false
365.000,0,1.000,0.767,237,false,243.151,9.600,false
365.000,1,2.000,1.337,461,false,472.847,16.800,false
365.000,2,0.000,0.813,668,false,674.605,25.200,false
365.000,3,3.000,3.352,1072,false,1103.997,36.000,false
365.000,4,4.000,4.406,1435,false,1477.539,48.000,false
366.000,0,1.000,0.837,238,false,244.848,9.600,false
366.000,1,3.000,1.836,464,false,480.836,16.800,true
366.000,2,1.000,0.869,668,false,675.167,25.200,false
366.000,3,3.000,3.246,1075,false,1105.941,36.000,false
366.000,4,9.000,5.784,1444,false,1500.320,48.000,true
367.000,0,1.000,0.886,238,false,245.337,9.600,false
367.000,1,1.000,1.585,465,false,479.328,16.800,false
367.000,2,1.000,0.908,669,false,676.560,25.200,false
367.000,3,3.000,3.173,1077,false,1107.201,36.000,false
367.000,4,3.000,4.949,1447,false,1494.967,48.000,true
368.000,0,0.000,0.620,238,false,242.679,9.600,false
368.000,1,1.000,1.410,466,false,478.572,16.800,false
368.000,2,0.000,0.636,669,false,673.835,25.200,false
368.000,3,4.000,3.421,1081,false,1113.684,36.000,false
368.000,4,3.000,4.364,1450,false,1492.120,48.000,false
369.000,0,0.000,0.434,238,false,240.818,9.600,false
369.000,1,0.000,0.987,466,false,474.343,16.800,false
369.000,2,3.000,1.345,672,false,683.927,25.200,false
369.000,3,5.000,3.895,1086,false,1123.421,36.000,true
369.000,4,1.000,3.355,1451,false,1483.027,48.000,false
370.000,0,0.000,0.304,237,false,238.515,9.600,false
370.000,1,0.000,0.691,465,false,470.383,16.800,false
370.000,2,2.000,1.542,674,false,687.892,25.200,false
370.000,3,0.000,2.726,1086,false,1111.738,36.000,false
370.000,4,3.000,3.249,1454,false,1484.961,48.000,false
371.000,0,0.000,0.213,237,false,237.604,9.600,false
371.000,1,2.000,1.083,467,false,476.311,16.800,false
371.000,2,3.000,1.979,677,false,695.267,25.200,false
371.000,3,5.000,3.408,1091,false,1123.559,36.000,false
371.000,4,4.000,3.474,1458,false,1491.216,48.000,false
372.000,0,1.000,0.449,238,false,240.965,9.600,false
372.000,1,1.000,1.058,468,false,477.061,16.800,false
372.000,2,0.000,1.385,677,false,689.330,25.200,false
372.000,3,4.000,3.586,1094,false,1128.334,36.000,false
372.000,4,7.000,4.532,1465,false,1508.794,48.000,false
373.000,0,0.000,0.314,238,false,239.619,9.600,false
373.000,1,2.000,1.341,470,false,481.885,16.800,false
373.000,2,4.000,2.170,681,false,701.174,25.200,false
373.000,3,4.000,3.710,1098,false,1133.577,36.000,true
373.000,4,2.000,3.772,1467,false,1503.199,48.000,false
374.000,0,2.000,0.820,240,false,246.676,9.600,false
374.000,1,0.000,0.939,470,false,477.863,16.800,false
374.000,2,1.000,1.819,682,false,698.664,25.200,false
374.000,3,3.000,3.497,1100,false,1133.447,36.000,false
374.000,4,1.000,2.941,1468,false,1495.882,48.000,false
375.000,0,1.000,0.874,241,false,248.216,9.600,false
375.000,1,3.000,1.557,473,false,487.047,16.800,false
375.000,2,3.000,2.173,685,false,705.208,25.200,false
375.000,3,3.000,3.348,1103,false,1134.956,36.000,false
375.000,4,5.000,3.558,1473,false,1507.060,48.000,false
376.000,0,2.000,1.212,243,false,253.594,9.600,true
376.000,1,2.000,1.690,474,false,489.376,16.800,true
376.000,2,1.000,1.821,686,false,702.688,25.200,false
376.000,3,4.000,3.544,1107,false,1140.912,36.000,false
376.000,4,1.000,2.791,1474,false,1500.385,48.000,false
377.000,0,0.000,0.848,243,false,249.959,9.600,false
377.000,1,2.000,1.783,476,false,492.306,16.800,true
377.000,2,3.000,2.175,688,false,708.225,25.200,false
377.000,3,2.000,3.080,1109,false,1138.281,36.000,false
377.000,4,3.000,2.854,1477,false,1504.012,48.000,false
378.000,0,2.000,1.194,245,false,255.414,9.600,true
378.000,1,4.000,2.448,480,false,502.957,16.800,true
378.000,2,0.000,1.522,688,false,701.700,25.200,false
378.000,3,2.000,2.756,1111,false,1137.040,36.000,false
378.000,4,6.000,3.798,1482,false,1518.452,48.000,false
379.000,0,2.000,1.436,247,false,259.833,9.600,true
379.000,1,0.000,1.714,480,false,495.613,16.800,true
379.000,2,2.000,1.666,690,false,705.133,25.200,false
379.000,3,4.000,3.129,1115,false,1144.771,36.000,false
379.000,4,4.000,3.858,1486,false,1523.059,48.000,false
380.000,0,2.000,1.605,249,false,263.526,9.600,true
380.000,1,2.000,1.800,482,false,498.472,16.800,true
380.000,2,5.000,2.666,695,false,720.136,25.200,true
380.000,3,3.000,3.091,1118,false,1147.382,36.000,false
380.000,4,6.000,4.501,1492,false,1535.484,48.000,false
381.000,0,2.000,1.723,251,false,266.711,9.600,true
381.000,1,3.000,2.160,485,false,505.073,16.800,true
381.000,2,0.000,1.866,695,false,712.138,25.200,false
381.000,3,0.000,2.163,1118,false,1138.110,36.000,false
381.000,4,7.000,5.251,1499,false,1549.982,48.000,true
382.000,0,0.000,1.206,251,false,261.540,9.600,true
382.000,1,1.000,1.812,486,false,502.594,16.800,true
382.000,2,0.000,1.306,695,false,706.539,25.200,false
382.000,3,4.000,2.714,1122,false,1147.620,36.000,false
382.000,4,5.000,5.175,1504,false,1554.230,48.000,true
383.000,0,1.000,1.144,252,false,261.921,9.600,true
383.000,1,2.000,1.868,488,false,505.159,16.800,true
383.000,2,4.000,2.114,699,false,718.620,25.200,false
383.000,3,0.000,1.900,1121,false,1138.477,36.000,false
383.000,4,8.000,6.023,1512,false,1570.704,48.000,true
384.000,0,1.000,1.101,253,false,262.488,9.600,true
384.000,1,1.000,1.608,489,false,503.554,16.800,false
384.000,2,4.000,2.680,703,false,728.277,25.200,true
384.000,3,3.000,2.230,1124,false,1144.777,36.000,false
384.000,4,4.000,5.416,1516,false,1568.636,48.000,true
385.000,0,1.000,1.071,254,false,263.184,9.600,true
385.000,1,3.000,2.025,492,false,510.731,16.800,true
385.000,2,1.000,2.176,704,false,724.237,25.200,false
385.000,3,2.000,2.161,1126,false,1146.087,36.000,false
385.000,4,3.000,4.691,1519,false,1564.388,48.000,false
386.000,0,0.000,0.750,254,false,259.972,9.600,false
386.000,1,3.000,2.318,495,false,516.654,16.800,true
386.000,2,1.000,1.823,705,false,721.709,25.200,false
386.000,3,3.000,2.413,1129,false,1151.603,36.000,false
386.000,4,2.000,3.884,1521,false,1558.314,48.000,false
387.000,0,0.000,0.525,254,false,257.723,9.600,false
387.000,1,2.000,2.222,497,false,517.701,16.800,true
387.000,2,2.000,1.876,707,false,724.239,25.200,false
387.000,3,1.000,1.989,1130,false,1148.365,36.000,false
387.000,4,4.000,3.919,1525,false,1562.663,48.000,false
388.000,0,0.000,0.367,254,false,256.149,9.600,false
388.000,1,2.000,2.156,499,false,519.033,16.800,true
388.000,2,7.000,3.413,713,false,745.610,25.200,true
388.000,3,4.000,2.592,1133,false,1157.399,36.000,false
388.000,4,4.000,3.943,1529,false,1566.907,48.000,false
389.000,0,3.000,1.157,257,false,267.047,9.600,true
389.000,1,2.000,2.109,501,false,520.566,16.800,true
389.000,2,4.000,3.589,717,false,751.370,25.200,true
389.000,3,2.000,2.415,1135,false,1157.622,36.000,false
389.000,4,7.000,4.860,1535,false,1582.078,48.000,true
390.000,0,1.000,1.110,258,false,267.576,9.600,true
390.000,1,0.000,1.476,501,false,514.239,16.800,false
390.000,2,2.000,3.113,719,false,748.602,25.200,true
390.000,3,3.000,2.590,1138,false,1162.378,36.000,false
390.000,4,8.000,5.802,1543,false,1599.497,48.000,true
391.000,0,0.000,0.777,258,false,264.246,9.600,false
391.000,1,2.000,1.633,503,false,517.810,16.800,false
391.000,2,4.000,3.379,722,false,754.264,25.200,true
391.000,3,2.000,2.413,1140,false,1162.608,36.000,false
391.000,4,3.000,4.961,1546,false,1594.091,48.000,true
392.000,0,1.000,0.844,258,false,264.915,9.600,false
392.000,1,2.000,1.743,505,false,520.910,16.800,true
392.000,2,3.000,3.265,725,false,756.128,25.200,true
392.000,3,2.000,2.289,1142,false,1163.368,36.000,false
392.000,4,4.000,4.673,1550,false,1595.206,48.000,false
393.000,0,2.000,1.191,260,false,270.383,9.600,true
393.000,1,2.000,1.820,507,false,523.680,16.800,true
393.000,2,4.000,3.486,729,false,762.332,25.200,true
393.000,3,5.000,3.102,1147,false,1176.501,36.000,false
393.000,4,5.000,4.771,1555,false,1601.187,48.000,false
394.000,0,1.000,1.134,260,false,269.811,9.600,true
394.000,1,1.000,1.574,508,false,522.219,16.800,false
394.000,2,3.000,3.340,732,false,763.875,25.200,true
394.000,3,0.000,2.172,1147,false,1167.193,36.000,false
394.000,4,5.000,4.840,1560,false,1606.874,48.000,true
395.000,0,0.000,0.793,260,false,266.411,9.600,false
395.000,1,0.000,1.102,508,false,517.496,16.800,false
395.000,2,2.000,2.938,734,false,761.856,25.200,true
395.000,3,3.000,2.420,1150,false,1172.678,36.000,false
395.000,4,7.000,5.488,1567,false,1620.355,48.000,true
396.000,0,2.000,1.155,262,false,272.030,9.600,true
396.000,1,1.000,1.071,509,false,518.190,16.800,false
396.000,2,4.000,3.257,738,false,769.042,25.200,true
396.000,3,1.000,1.994,1151,false,1169.418,36.000,false
396.000,4,2.000,4.441,1569,false,1611.891,48.000,false
397.000,0,0.000,0.809,262,false,268.564,9.600,false
397.000,1,4.000,1.950,512,false,529.976,16.800,true
397.000,2,6.000,4.080,744,false,783.272,25.200,true
397.000,3,5.000,2.896,1156,false,1183.435,36.000,false
397.000,4,3.000,4.009,1572,false,1610.567,48.000,false
398.000,0,0.000,0.566,262,false,266.138,9.600,false
398.000,1,2.000,1.965,514,false,532.126,16.800,true
398.000,2,1.000,3.156,744,false,774.033,25.200,true
398.000,3,2.000,2.627,1158,false,1182.747,36.000,false
398.000,4,1.000,3.106,1573,false,1602.540,48.000,false
399.000,0,1.000,0.696,263,false,268.439,9.600,false
399.000,1,0.000,1.375,514,false,526.231,16.800,false
399.000,2,0.000,2.209,744,false,764.566,25.200,false
399.000,3,1.000,2.139,1159,false,1178.866,36.000,false
399.000,4,4.000,3.374,1577,false,1609.221,48.000,false
400.000,0,1.000,0.787,264,false,270.350,9.600,false
400.000,1,0.000,0.963,514,false,522.105,16.800,false
400.000,2,5.000,3.046,749,false,777.939,25.200,true
400.000,3,4.000,2.697,1163,false,1188.449,36.000,false
400.000,4,4.000,3.562,1581,false,1615.097,48.000,false
401.000,0,1.000,0.851,265,false,271.988,9.600,false
401.000,1,2.000,1.274,516,false,527.216,16.800,false
401.000,2,5.000,3.632,754,false,788.800,25.200,true
401.000,3,2.000,2.488,1165,false,1188.357,36.000,false
401.000,4,4.000,3.693,1585,false,1620.411,48.000,false
402.000,0,0.000,0.596,264,false,268.435,9.600,false
402.000,1,1.000,1.192,517,false,527.394,16.800,false
402.000,2,1.000,2.843,755,false,781.903,25.200,true
402.000,3,2.000,2.342,1166,false,1187.893,36.000,false
402.000,4,6.000,4.385,1591,false,1633.330,48.000,false
403.000,0,0.000,0.417,264,false,266.647,9.600,false
403.000,1,3.000,1.734,519,false,534.819,16.800,true
403.000,2,3.000,2.890,758,false,785.375,25.200,true
403.000,3,4.000,2.839,1170,false,1196.868,36.000,false
403.000,4,1.000,3.370,1591,false,1623.174,48.000,false
404.000,0,0.000,0.292,264,false,265.396,9.600,false
404.000,1,0.000,1.214,519,false,529.616,16.800,false
404.000,2,1.000,2.323,758,false,779.705,25.200,false
404.000,3,0.000,1.987,1170,false,1188.350,36.000,false
404.000,4,5.000,3.859,1596,false,1633.065,48.000,false
405.000,0,0.000,0.204,264,false,264.520,9.600,false
405.000,1,2.000,1.450,521,false,533.974,16.800,false
405.000,2,1.000,1.926,759,false,776.737,25.200,false
405.000,3,6.000,3.191,1176,false,1206.388,36.000,false
405.000,4,4.000,3.901,1600,false,1637.488,48.000,false
406.000,0,0.000,0.143,264,false,263.907,9.600,false
406.000,1,3.000,1.915,523,false,540.625,16.800,true
406.000,2,2.000,1.948,761,false,778.958,25.200,false
406.000,3,4.000,3.434,1180,false,1212.815,36.000,false
406.000,4,1.000,3.031,1601,false,1629.785,48.000,false
407.000,0,2.000,0.700,266,false,271.478,9.600,false
407.000,1,2.000,1.940,525,false,542.880,16.800,true
407.000,2,4.000,2.564,765,false,789.114,25.200,true
407.000,3,1.000,2.704,1180,false,1205.513,36.000,false
407.000,4,6.000,3.922,1607,false,1644.692,48.000,false
408.000,0,0.000,0.490,266,false,269.377,9.600,false
408.000,1,2.000,1.958,527,false,545.059,16.800,true
408.000,2,4.000,2.995,768,false,796.423,25.200,true
408.000,3,2.000,2.493,1182,false,1205.402,36.000,false
408.000,4,4.000,3.945,1611,false,1648.927,48.000,false
409.000,0,1.000,0.643,267,false,271.907,9.600,false
409.000,1,0.000,1.371,527,false,539.184,16.800,false
409.000,2,2.000,2.696,770,false,795.439,25.200,true
409.000,3,3.000,2.645,1185,false,1209.924,36.000,false
409.000,4,4.000,3.962,1615,false,1653.092,48.000,false
410.000,0,2.000,1.050,268,false,276.978,9.600,true
410.000,1,2.000,1.560,529,false,543.072,16.800,false
410.000,2,2.000,2.487,772,false,795.350,25.200,false
410.000,3,5.000,3.351,1189,false,1220.990,36.000,false
410.000,4,1.000,3.073,1616,false,1645.207,48.000,false
411.000,0,2.000,1.335,270,false,281.827,9.600,true
411.000,1,2.000,1.692,531,false,546.393,16.800,true
411.000,2,1.000,2.041,773,false,791.888,25.200,false
411.000,3,1.000,2.646,1190,false,1214.936,36.000,false
411.000,4,3.000,3.051,1619,false,1647.988,48.000,false
412.000,0,0.000,0.935,269,false,276.822,9.600,false
412.000,1,2.000,1.784,533,false,549.318,16.800,true
412.000,2,1.000,1.729,774,false,789.764,25.200,false
412.000,3,4.000,3.052,1194,false,1222.998,36.000,false
412.000,4,2.000,2.736,1621,false,1646.834,48.000,false
413.000,0,0.000,0.654,269,false,274.018,9.600,false
413.000,1,2.000,1.849,535,false,551.965,16.800,true
413.000,2,2.000,1.810,776,false,792.578,25.200,false
413.000,3,1.000,2.437,1195,false,1217.841,36.000,false
413.000,4,6.000,3.715,1627,false,1662.627,48.000,false
414.000,0,1.000,0.758,270,false,276.056,9.600,false
414.000,1,0.000,1.294,534,false,545.419,16.800,false
414.000,2,1.000,1.567,776,false,790.147,25.200,false
414.000,3,3.000,2.606,1198,false,1222.532,36.000,false
414.000,4,2.000,3.201,1629,false,1659.482,48.000,false
415.000,0,1.000,0.831,271,false,277.782,9.600,false
415.000,1,1.000,1.206,535,false,545.536,16.800,false
415.000,2,0.000,1.097,776,false,785.446,25.200,false
415.000,3,2.000,2.424,1199,false,1221.715,36.000,false
415.000,4,4.000,3.440,1633,false,1665.880,48.000,false
416.000,0,1.000,0.881,272,false,279.290,9.600,false
416.000,1,2.000,1.444,536,false,548.918,16.800,false
416.000,2,2.000,1.368,778,false,790.155,25.200,false
416.000,3,6.000,3.497,1205,false,1238.443,36.000,false
416.000,4,2.000,3.008,1635,false,1663.559,48.000,false
417.000,0,1.000,0.917,273,false,280.646,9.600,false
417.000,1,4.000,2.211,540,false,560.585,16.800,true
417.000,2,1.000,1.258,779,false,790.051,25.200,false
417.000,3,1.000,2.748,1205,false,1230.953,36.000,false
417.000,4,4.000,3.306,1639,false,1670.534,48.000,false
418.000,0,2.000,1.242,275,false,285.895,9.600,true
418.000,1,0.000,1.548,540,false,553.953,16.800,false
418.000,2,0.000,0.880,778,false,785.279,25.200,false
418.000,3,6.000,3.723,1211,false,1246.710,36.000,true
418.000,4,4.000,3.514,1643,false,1676.617,48.000,false
419.000,0,0.000,0.869,274,false,281.169,9.600,false
419.000,1,2.000,1.683,542,false,557.310,16.800,true
419.000,2,1.000,0.916,779,false,786.638,25.200,false
419.000,3,3.000,3.506,1214,false,1247.540,36.000,false
419.000,4,2.000,3.060,1645,false,1674.075,48.000,false
420.000,0,0.000,0.609,274,false,278.561,9.600,false
420.000,1,1.000,1.478,542,false,555.260,16.800,false
420.000,2,2.000,1.241,780,false,790.889,25.200,false
420.000,3,3.000,3.354,1217,false,1249.021,36.000,false
420.000,4,5.000,3.642,1649,false,1683.895,48.000,false
421.000,0,1.000,0.726,274,false,279.736,9.600,false
421.000,1,1.000,1.335,543,false,554.825,16.800,false
421.000,2,2.000,1.469,782,false,795.165,25.200,false
421.000,3,3.000,3.248,1220,false,1250.957,36.000,false
421.000,4,6.000,4.349,1655,false,1696.969,48.000,false
422.000,0,0.000,0.508,274,false,277.558,9.600,false
422.000,1,1.000,1.234,544,false,554.820,16.800,false
422.000,2,1.000,1.328,783,false,794.759,25.200,false
422.000,3,1.000,2.574,1221,false,1245.213,36.000,false
422.000,4,4.000,4.245,1659,false,1699.921,48.000,false
423.000,0,0.000,0.356,274,false,276.033,9.600,false
423.000,1,3.000,1.764,547,false,563.117,16.800,true
423.000,2,3.000,1.830,786,false,802.774,25.200,false
423.000,3,4.000,3.002,1224,false,1252.492,36.000,false
423.000,4,2.000,3.571,1661,false,1695.188,48.000,false
424.000,0,0.000,0.249,274,false,274.966,9.600,false
424.000,1,3.000,2.135,550,false,569.825,16.800,true
424.000,2,1.000,1.581,787,false,801.285,25.200,false
424.000,3,3.000,3.001,1227,false,1255.487,36.000,false
424.000,4,3.000,3.400,1664,false,1696.474,48.000,false
425.000,0,0.000,0.174,274,false,274.219,9.600,false
425.000,1,2.000,2.094,552,false,571.420,16.800,true
425.000,2,2.000,1.707,789,false,804.542,25.200,false
425.000,3,0.000,2.101,1227,false,1246.484,36.000,false
425.000,4,4.000,3.580,1668,false,1702.275,48.000,false
426.000,0,1.000,0.422,275,false,277.696,9.600,false
426.000,1,0.000,1.466,551,false,564.137,16.800,false
426.000,2,1.000,1.495,790,false,803.422,25.200,false
426.000,3,4.000,2.671,1231,false,1256.182,36.000,false
426.000,4,3.000,3.406,1671,false,1703.535,48.000,false
427.000,0,0.000,0.295,275,false,276.430,9.600,false
427.000,1,0.000,1.026,551,false,559.739,16.800,false
427.000,2,1.000,1.346,791,false,802.938,25.200,false
427.000,3,2.000,2.469,1233,false,1256.170,36.000,false
427.000,4,4.000,3.584,1675,false,1709.318,48.000,false
428.000,0,0.000,0.207,275,false,275.544,9.600,false
428.000,1,1.000,1.018,552,false,560.660,16.800,false
428.000,2,1.000,1.242,791,false,801.900,25.200,false
428.000,3,1.000,2.029,1234,false,1252.762,36.000,false
428.000,4,4.000,3.709,1679,false,1714.565,48.000,false
429.000,0,2.000,0.745,276,false,281.924,9.600,false
429.000,1,2.000,1.313,553,false,564.605,16.800,false
429.000,2,3.000,1.770,794,false,810.173,25.200,false
429.000,3,1.000,1.720,1235,false,1250.676,36.000,false
429.000,4,9.000,5.296,1688,false,1739.438,48.000,true
430.000,0,0.000,0.521,276,false,279.689,9.600,false
430.000,1,1.000,1.219,554,false,564.666,16.800,false
430.000,2,5.000,2.739,799,false,824.864,25.200,true
430.000,3,1.000,1.504,1236,false,1249.516,36.000,false
430.000,4,6.000,5.507,1694,false,1747.550,48.000,true
431.000,0,0.000,0.365,276,false,278.125,9.600,false
431.000,1,1.000,1.153,555,false,565.009,16.800,false
431.000,2,4.000,3.117,803,false,832.647,25.200,true
431.000,3,1.000,1.353,1237,false,1249.004,36.000,false
431.000,4,1.000,4.155,1695,false,1735.028,48.000,false
432.000,0,0.000,0.255,276,false,277.031,9.600,false
432.000,1,0.000,0.807,555,false,561.549,16.800,false
432.000,2,1.000,2.482,804,false,827.296,25.200,false
432.000,3,3.000,1.847,1240,false,1256.946,36.000,false
432.000,4,1.000,3.209,1696,false,1726.562,48.000,false
433.000,0,1.000,0.479,277,false,280.264,9.600,false
433.000,1,3.000,1.465,558,false,571.127,16.800,false
433.000,2,1.000,2.037,805,false,823.850,25.200,false
433.000,3,4.000,2.493,1244,false,1267.405,36.000,false
433.000,4,2.000,2.846,1697,false,1723.936,48.000,false
434.000,0,0.000,0.335,277,false,278.828,9.600,false
434.000,1,0.000,1.026,557,false,565.732,16.800,false
434.000,2,4.000,2.626,808,false,832.738,25.200,true
434.000,3,3.000,2.645,1247,false,1271.926,36.000,false
434.000,4,4.000,3.192,1701,false,1731.398,48.000,false
435.000,0,0.000,0.235,276,false,276.822,9.600,false
435.000,1,4.000,1.918,561,false,578.655,16.800,true
435.000,2,0.000,1.838,808,false,824.859,25.200,false
435.000,3,3.000,2.752,1250,false,1275.991,36.000,false
435.000,4,6.000,4.035,1707,false,1745.822,48.000,false
436.000,0,1.000,0.464,277,false,280.119,9.600,false
436.000,1,4.000,2.543,565,false,588.902,16.800,true
436.000,2,1.000,1.587,809,false,823.344,25.200,false
436.000,3,6.000,3.726,1256,false,1291.737,36.000,true
436.000,4,4.000,4.024,1711,false,1749.718,48.000,false
437.000,0,1.000,0.625,278,false,282.726,9.600,false
437.000,1,1.000,2.080,566,false,585.274,16.800,true
437.000,2,4.000,2.311,813,false,834.584,25.200,false
437.000,3,1.000,2.908,1257,false,1284.559,36.000,false
437.000,4,5.000,4.317,1716,false,1757.645,48.000,false
438.000,0,1.000,0.737,279,false,284.851,9.600,false
438.000,1,1.000,1.756,567,false,583.035,16.800,true
438.000,2,2.000,2.218,815,false,835.652,25.200,false
438.000,3,4.000,3.236,1261,false,1291.834,36.000,false
438.000,4,2.000,3.622,1718,false,1752.695,48.000,false
439.000,0,1.000,0.816,280,false,286.639,9.600,false
439.000,1,2.000,1.829,569,false,585.767,16.800,true
439.000,2,2.000,2.152,816,false,835.999,25.200,false
439.000,3,4.000,3.465,1265,false,1298.127,36.000,false
439.000,4,5.000,4.035,1723,false,1761.829,48.000,false
440.000,0,1.000,0.871,281,false,288.190,9.600,false
440.000,1,1.000,1.580,570,false,584.280,16.800,false
440.000,2,0.000,1.507,816,false,829.542,25.200,false
440.000,3,6.000,4.226,1271,false,1311.731,36.000,true
440.000,4,3.000,3.725,1726,false,1761.723,48.000,false
441.000,0,2.000,1.210,283,false,293.576,9.600,true
441.000,1,1.000,1.406,571,false,583.539,16.800,false
441.000,2,1.000,1.355,817,false,829.022,25.200,false
441.000,3,5.000,4.458,1276,false,1319.055,36.000,true
441.000,4,2.000,3.207,1728,false,1758.549,48.000,false
442.000,0,4.000,2.047,286,false,304.946,9.600,true
442.000,1,0.000,0.984,571,false,579.320,16.800,false
442.000,2,1.000,1.248,818,false,828.959,25.200,false
442.000,3,2.000,3.721,1278,false,1313.681,36.000,true
442.000,4,1.000,2.545,1728,false,1751.927,48.000,false
443.000,0,0.000,1.433,286,false,298.805,9.600,true
443.000,1,0.000,0.689,571,false,576.367,16.800,false
443.000,2,1.000,1.174,819,false,829.214,25.200,false
443.000,3,0.000,2.604,1278,false,1302.520,36.000,false
443.000,4,2.000,2.382,1730,false,1752.292,48.000,false
444.000,0,2.000,1.603,288,false,302.506,9.600,true
444.000,1,1.000,0.782,572,false,578.300,16.800,false
444.000,2,2.000,1.422,821,false,833.693,25.200,false
444.000,3,1.000,2.123,1278,false,1297.707,36.000,false
444.000,4,7.000,3.767,1737,false,1773.147,48.000,false
445.000,0,0.000,1.122,288,false,297.697,9.600,true
445.000,1,6.000,2.348,578,false,599.953,16.800,true
445.000,2,1.000,1.295,821,false,832.428,25.200,false
445.000,3,5.000,2.986,1283,false,1311.338,36.000,false
445.000,4,2.000,3.237,1739,false,1769.846,48.000,false
446.000,0,2.000,1.385,290,false,302.331,9.600,true
446.000,1,0.000,1.643,578,false,592.910,16.800,false
446.000,2,3.000,1.807,824,false,840.542,25.200,false
446.000,3,1.000,2.390,1284,false,1306.379,36.000,false
446.000,4,3.000,3.166,1742,false,1772.135,48.000,false
447.000,0,0.000,0.970,290,false,298.175,9.600,true
447.000,1,1.000,1.450,579,false,591.980,16.800,false
447.000,2,3.000,2.165,827,false,847.122,25.200,false
447.000,3,2.000,2.273,1286,false,1307.208,36.000,false
447.000,4,8.000,4.616,1750,false,1794.637,48.000,false
448.000,0,0.000,0.679,290,false,295.265,9.600,false
448.000,1,2.000,1.615,580,false,594.629,16.800,false
448.000,2,2.000,2.115,829,false,848.629,25.200,false
448.000,3,2.000,2.191,1288,false,1308.389,36.000,false
448.000,4,2.000,3.831,1752,false,1788.789,48.000,false
449.000,0,1.000,0.775,291,false,297.228,9.600,false
449.000,1,0.000,1.131,580,false,589.783,16.800,false
449.000,2,1.000,1.781,830,false,846.283,25.200,false
449.000,3,4.000,2.734,1292,false,1317.815,36.000,false
449.000,4,4.000,3.882,1755,false,1792.295,48.000,false
450.000,0,1.000,0.843,292,false,298.903,9.600,false
450.000,1,3.000,1.691,583,false,598.391,16.800,true
450.000,2,1.000,1.546,831,false,844.941,25.200,false
450.000,3,6.000,3.714,1298,false,1333.613,36.000,true
450.000,4,2.000,3.317,1757,false,1788.649,48.000,false
451.000,0,1.000,0.890,293,false,300.375,9.600,false
451.000,1,2.000,1.784,585,false,601.316,16.800,true
451.000,2,3.000,1.983,834,false,852.301,25.200,false
451.000,3,3.000,3.500,1301,false,1334.472,36.000,false
451.000,4,4.000,3.522,1761,false,1794.697,48.000,false
452.000,0,0.000,0.623,292,false,296.705,9.600,false
452.000,1,0.000,1.249,585,false,595.964,16.800,false
452.000,2,1.000,1.688,835,false,850.354,25.200,false
452.000,3,6.000,4.250,1307,false,1347.973,36.000,true
452.000,4,2.000,3.065,1763,false,1792.131,48.000,false
453.000,0,0.000,0.436,292,false,294.836,9.600,false
453.000,1,0.000,0.874,585,false,592.218,16.800,false
453.000,2,2.000,1.781,836,false,852.291,25.200,false
453.000,3,1.000,3.275,1308,false,1339.224,36.000,false
453.000,4,0.000,2.146,1763,false,1782.935,48.000,false
454.000,0,0.000,0.305,292,false,293.528,9.600,false
454.000,1,2.000,1.212,587,false,597.595,16.800,false
454.000,2,3.000,2.147,839,false,858.946,25.200,false
454.000,3,5.000,3.792,1313,false,1349.400,36.000,true
454.000,4,3.000,2.402,1766,false,1788.497,48.000,false
455.000,0,1.000,0.514,293,false,296.613,9.600,false
455.000,1,0.000,0.848,587,false,593.960,16.800,false
455.000,2,3.000,2.403,842,false,864.505,25.200,false
455.000,3,2.000,3.255,1315,false,1346.023,36.000,false
455.000,4,4.000,2.881,1770,false,1797.291,48.000,false
456.000,0,0.000,0.360,293,false,295.072,9.600,false
456.000,1,0.000,0.594,586,false,590.415,16.800,false
456.000,2,2.000,2.282,844,false,865.297,25.200,false
456.000,3,1.000,2.578,1316,false,1340.259,36.000,false
456.000,4,4.000,3.217,1774,false,1804.646,48.000,false
457.000,0,0.000,0.252,293,false,293.993,9.600,false
457.000,1,3.000,1.316,589,false,600.633,16.800,false
457.000,2,1.000,1.897,845,false,862.450,25.200,false
457.000,3,4.000,3.005,1320,false,1348.524,36.000,false
457.000,4,1.000,2.552,1775,false,1798.995,48.000,false
458.000,0,0.000,0.176,293,false,293.238,9.600,false
458.000,1,0.000,0.921,589,false,596.686,16.800,false
458.000,2,1.000,1.628,846,false,860.758,25.200,false
458.000,3,2.000,2.703,1321,false,1346.510,36.000,false
458.000,4,5.000,3.286,1780,false,1811.340,48.000,false
459.000,0,1.000,0.423,294,false,296.709,9.600,false
459.000,1,2.000,1.245,591,false,601.923,16.800,false
459.000,2,2.000,1.740,848,false,863.874,25.200,false
459.000,3,0.000,1.892,1321,false,1338.400,36.000,false
459.000,4,5.000,3.800,1785,false,1821.481,48.000,false
460.000,0,1.000,0.596,295,false,299.439,9.600,false
460.000,1,0.000,0.871,591,false,598.189,16.800,false
460.000,2,0.000,1.218,848,false,858.654,25.200,false
460.000,3,3.000,2.225,1324,false,1344.723,36.000,false
460.000,4,3.000,3.560,1788,false,1822.079,48.000,false
461.000,0,0.000,0.417,295,false,297.651,9.600,false
461.000,1,2.000,1.210,592,false,602.575,16.800,false
461.000,2,2.000,1.452,850,false,863.001,25.200,false
461.000,3,5.000,3.057,1329,false,1358.049,36.000,false
461.000,4,2.000,3.092,1790,false,1819.398,48.000,false
462.000,0,2.000,0.892,297,false,304.398,9.600,false
462.000,1,1.000,1.147,593,false,602.945,16.800,false
462.000,2,5.000,2.517,855,false,878.643,25.200,false
462.000,3,4.000,3.340,1333,false,1364.877,36.000,false
462.000,4,1.000,2.465,1791,false,1814.122,48.000,false
463.000,0,0.000,0.625,296,false,300.722,9.600,false
463.000,1,1.000,1.103,594,false,603.505,16.800,false
463.000,2,1.000,2.062,856,false,875.093,25.200,false
463.000,3,1.000,2.638,1334,false,1358.857,36.000,false
463.000,4,2.000,2.325,1793,false,1814.728,48.000,false
464.000,0,3.000,1.337,299,false,310.848,9.600,true
464.000,1,0.000,0.772,594,false,600.196,16.800,false
464.000,2,0.000,1.443,856,false,868.908,25.200,false
464.000,3,3.000,2.747,1337,false,1362.943,36.000,false
464.000,4,5.000,3.128,1798,false,1827.752,48.000,false
465.000,0,4.000,2.136,303,false,322.836,9.600,true
465.000,1,0.000,0.540,594,false,597.880,16.800,false
465.000,2,1.000,1.310,857,false,868.579,25.200,false
465.000,3,7.000,4.023,1344,false,1382.703,36.000,true
465.000,4,5.000,3.689,1803,false,1838.370,48.000,false
466.000,0,2.000,2.095,305,false,324.428,9.600,true
466.000,1,0.000,0.378,594,false,596.259,16.800,false
466.000,2,2.000,1.517,858,false,871.648,25.200,false
466.000,3,1.000,3.116,1345,false,1374.635,36.000,false
466.000,4,3.000,3.483,1805,false,1838.302,48.000,false
467.000,0,2.000,2.067,307,false,326.143,9.600,true
467.000,1,0.000,0.265,594,false,595.124,16.800,false
467.000,2,2.000,1.662,860,false,875.096,25.200,false
467.000,3,3.000,3.081,1348,false,1377.287,36.000,false
467.000,4,2.000,3.038,1807,false,1835.854,48.000,false
468.000,0,1.000,1.747,308,false,323.943,9.600,true
468.000,1,1.000,0.485,595,false,598.330,16.800,false
468.000,2,1.000,1.463,861,false,874.110,25.200,false
468.000,3,3.000,3.057,1351,false,1380.044,36.000,false
468.000,4,6.000,3.926,1813,false,1850.741,48.000,false
469.000,0,1.000,1.523,309,false,322.703,9.600,true
469.000,1,0.000,0.340,595,false,596.874,16.800,false
469.000,2,3.000,1.924,864,false,881.720,25.200,false
469.000,3,2.000,2.740,1353,false,1378.874,36.000,false
469.000,4,1.000,3.049,1814,false,1842.961,48.000,false
470.000,0,5.000,2.566,313,false,337.135,9.600,true
470.000,1,1.000,0.538,596,false,599.854,16.800,false
470.000,2,1.000,1.647,865,false,879.947,25.200,false
470.000,3,3.000,2.818,1356,false,1382.654,36.000,false
470.000,4,7.000,4.234,1821,false,1861.816,48.000,false
471.000,0,1.000,2.096,314,false,333.437,9.600,true
471.000,1,0.000,0.376,596,false,598.241,16.800,false
471.000,2,2.000,1.753,867,false,883.006,25.200,false
471.000,3,5.000,3.472,1361,false,1394.201,36.000,false
471.000,4,4.000,4.164,1824,false,1864.114,48.000,false
472.000,0,1.000,1.767,315,false,331.149,9.600,true
472.000,1,2.000,0.864,598,false,605.112,16.800,false
472.000,2,2.000,1.827,869,false,885.747,25.200,false
472.000,3,2.000,3.031,1362,false,1390.783,36.000,false
472.000,4,2.000,3.515,1826,false,1859.623,48.000,false
473.000,0,3.000,2.137,317,false,336.847,9.600,true
473.000,1,0.000,0.604,597,false,601.521,16.800,false
473.000,2,0.000,1.279,869,false,880.266,25.200,false
473.000,3,3.000,3.022,1365,false,1393.691,36.000,false
473.000,4,4.000,3.660,1830,false,1865.079,48.000,false
474.000,0,1.000,1.796,318,false,334.436,9.600,true
474.000,1,0.000,0.423,597,false,599.708,16.800,false
474.000,2,4.000,2.095,873,false,892.429,25.200,false
474.000,3,2.000,2.715,1367,false,1392.627,36.000,false
474.000,4,1.000,2.862,1831,false,1858.098,48.000,false
475.000,0,0.000,1.257,318,false,329.048,9.600,true
475.000,1,2.000,0.896,599,false,606.438,16.800,false
475.000,2,1.000,1.767,874,false,890.143,25.200,false
475.000,3,4.000,3.101,1371,false,1400.482,36.000,false
475.000,4,3.000,2.904,1834,false,1861.511,48.000,false
476.000,0,0.000,0.880,318,false,325.276,9.600,false
476.000,1,0.000,0.627,599,false,603.750,16.800,false
476.000,2,3.000,2.137,877,false,896.843,25.200,false
476.000,3,5.000,3.670,1376,false,1411.180,36.000,true
476.000,4,3.000,2.932,1837,false,1864.801,48.000,false
477.000,0,0.000,0.616,318,false,322.636,9.600,false
477.000,1,3.000,1.339,602,false,613.868,16.800,false
477.000,2,4.000,2.696,881,false,906.433,25.200,true
477.000,3,5.000,4.069,1381,false,1420.169,36.000,true
477.000,4,6.000,3.853,1843,false,1880.003,48.000,false
478.000,0,0.000,0.431,318,false,320.788,9.600,false
478.000,1,0.000,0.937,602,false,609.850,16.800,false
478.000,2,3.000,2.787,883,false,909.346,25.200,true
478.000,3,4.000,4.048,1384,false,1422.961,36.000,true
478.000,4,8.000,5.097,1851,false,1900.445,48.000,true
479.000,0,1.000,0.602,319,false,323.495,9.600,false
479.000,1,0.000,0.656,602,false,607.038,16.800,false
479.000,2,1.000,2.251,884,false,904.985,25.200,false
479.000,3,0.000,2.834,1384,false,1410.816,36.000,false
479.000,4,5.000,5.068,1856,false,1905.155,48.000,true
480.000,0,3.000,1.321,321,false,332.689,9.600,true
480.000,1,0.000,0.459,602,false,605.069,16.800,false
480.000,2,1.000,1.876,885,false,902.232,25.200,false
480.000,3,2.000,2.584,1386,false,1410.314,36.000,false
480.000,4,4.000,4.747,1859,false,1904.951,48.000,false
481.000,0,0.000,0.925,321,false,328.725,9.600,false
481.000,1,1.000,0.622,603,false,607.691,16.800,false
481.000,2,0.000,1.313,885,false,896.606,25.200,false
481.000,3,4.000,3.009,1390,false,1418.562,36.000,false
481.000,4,5.000,4.823,1864,false,1910.709,48.000,true
482.000,0,3.000,1.547,324,false,337.951,9.600,true
482.000,1,2.000,1.035,605,false,613.827,16.800,false
482.000,2,2.000,1.519,887,false,900.667,25.200,false
482.000,3,0.000,2.106,1390,false,1409.537,36.000,false
482.000,4,3.000,4.276,1867,false,1908.239,48.000,false
483.000,0,0.000,1.083,324,false,333.308,9.600,true
483.000,1,3.000,1.625,608,false,622.722,16.800,false
483.000,2,1.000,1.363,888,false,900.110,25.200,false
483.000,3,0.000,1.474,1389,false,1402.218,36.000,false
483.000,4,4.000,4.193,1871,false,1911.410,48.000,false
484.000,0,1.000,1.058,325,false,334.059,9.600,true
484.000,1,2.000,1.737,610,false,625.848,16.800,true
484.000,2,3.000,1.854,891,false,908.020,25.200,false
484.000,3,4.000,2.232,1393,false,1413.796,36.000,false
484.000,4,2.000,3.535,1873,false,1906.830,48.000,false
485.000,0,1.000,1.041,326,false,334.884,9.600,true
485.000,1,3.000,2.116,613,false,632.636,16.800,true
485.000,2,3.000,2.198,893,false,913.457,25.200,false
485.000,3,5.000,3.062,1398,false,1427.100,36.000,false
485.000,4,7.000,4.575,1879,false,1923.224,48.000,false
486.000,0,0.000,0.729,325,false,330.762,9.600,false
486.000,1,0.000,1.481,613,false,626.288,16.800,false
486.000,2,4.000,2.739,897,false,922.862,25.200,true
486.000,3,0.000,2.144,1398,false,1417.913,36.000,false
486.000,4,2.000,3.802,1881,false,1917.500,48.000,false
487.000,0,2.000,1.110,327,false,336.576,9.600,true
487.000,1,2.000,1.637,615,false,629.845,16.800,false
487.000,2,3.000,2.817,900,false,926.647,25.200,true
487.000,3,3.000,2.401,1401,false,1423.482,36.000,false
487.000,4,3.000,3.562,1884,false,1918.093,48.000,false
488.000,0,0.000,0.777,327,false,333.246,9.600,false
488.000,1,2.000,1.746,617,false,632.934,16.800,true
488.000,2,2.000,2.572,902,false,926.195,25.200,true
488.000,3,3.000,2.580,1404,false,1428.280,36.000,false
488.000,4,2.000,3.093,1885,false,1914.408,48.000,false
489.000,0,1.000,0.844,328,false,334.915,9.600,false
489.000,1,1.000,1.522,618,false,631.697,16.800,false
489.000,2,4.000,3.000,906,false,934.480,25.200,true
489.000,3,1.000,2.106,1405,false,1424.539,36.000,false
489.000,4,3.000,3.065,1888,false,1917.128,48.000,false
490.000,0,0.000,0.591,327,false,331.383,9.600,false
490.000,1,2.000,1.665,619,false,634.131,16.800,false
490.000,2,2.000,2.700,908,false,933.479,25.200,true
490.000,3,1.000,1.774,1405,false,1421.220,36.000,false
490.000,4,3.000,3.046,1891,false,1919.933,48.000,false
491.000,0,0.000,0.414,327,false,329.611,9.600,false
491.000,1,1.000,1.466,620,false,633.134,16.800,false
491.000,2,1.000,2.190,909,false,929.378,25.200,false
491.000,3,3.000,2.142,1408,false,1427.897,36.000,false
491.000,4,4.000,3.332,1895,false,1926.796,48.000,false
492.000,0,1.000,0.589,328,false,332.371,9.600,false
492.000,1,1.000,1.326,620,false,631.737,16.800,false
492.000,2,4.000,2.733,912,false,937.807,25.200,true
492.000,3,3.000,2.399,1411,false,1433.471,36.000,false
492.000,4,5.000,3.832,1900,false,1936.800,48.000,false
493.000,0,1.000,0.713,329,false,334.602,9.600,false
493.000,1,0.000,0.928,620,false,627.759,16.800,false
493.000,2,1.000,2.213,913,false,933.608,25.200,false
493.000,3,2.000,2.280,1412,false,1433.272,36.000,false
493.000,4,5.000,4.183,1905,false,1945.303,48.000,false
494.000,0,1.000,0.799,330,false,336.465,9.600,false
494.000,1,0.000,0.650,620,false,624.974,16.800,false
494.000,2,2.000,2.149,915,false,934.968,25.200,false
494.000,3,2.000,2.196,1414,false,1434.434,36.000,false
494.000,4,5.000,4.428,1909,false,1951.755,48.000,false
495.000,0,1.000,0.859,331,false,338.068,9.600,false
495.000,1,0.000,0.455,620,false,623.025,16.800,false
495.000,2,2.000,2.104,917,false,936.521,25.200,false
495.000,3,1.000,1.837,1415,false,1431.846,36.000,false
495.000,4,8.000,5.500,1917,false,1970.471,48.000,true
496.000,0,0.000,0.601,331,false,335.490,9.600,false
496.000,1,2.000,0.918,622,false,629.660,16.800,false
496.000,2,2.000,2.073,919,false,938.207,25.200,false
496.000,3,2.000,1.886,1416,false,1433.335,36.000,false
496.000,4,4.000,5.050,1921,false,1969.973,48.000,true
497.000,0,0.000,0.421,331,false,333.686,9.600,false
497.000,1,1.000,0.943,623,false,630.905,16.800,false
497.000,2,2.000,2.051,921,false,939.988,25.200,false
497.000,3,7.000,3.420,1423,false,1455.678,36.000,false
497.000,4,3.000,4.435,1924,false,1966.824,48.000,false
498.000,0,1.000,0.595,331,false,335.423,9.600,false
498.000,1,1.000,0.960,624,false,632.076,16.800,false
498.000,2,1.000,1.736,922,false,937.834,25.200,false
498.000,3,3.000,3.294,1426,false,1457.417,36.000,false
498.000,4,2.000,3.704,1926,false,1961.519,48.000,false
499.000,0,2.000,1.016,333,false,341.639,9.600,true
499.000,1,3.000,1.572,627,false,641.196,16.800,false
499.000,2,1.000,1.515,923,false,936.627,25.200,false
499.000,3,2.000,2.906,1428,false,1455.535,36.000,false
499.000,4,3.000,3.493,1929,false,1962.406,48.000,false
500.000,0,1.000,1.011,334,false,342.590,9.600,true
500.000,1,2.000,1.700,629,false,644.480,16.800,true
500.000,2,2.000,1.661,925,false,940.082,25.200,false
500.000,3,3.000,2.934,1431,false,1458.817,36.000,false
500.000,4,1.000,2.745,1930,false,1955.927,48.000,false
501.000,0,1.000,1.008,335,false,343.556,9.600,true
501.000,1,1.000,1.490,630,false,643.379,16.800,false
501.000,2,2.000,1.762,927,false,943.100,25.200,false
501.000,3,4.000,3.254,1435,false,1466.015,36.000,false
501.000,4,5.000,3.422,1935,false,1967.692,48.000,false
502.000,0,2.000,1.306,336,false,347.532,9.600,true
502.000,1,2.000,1.643,632,false,646.908,16.800,false
502.000,2,0.000,1.234,927,false,937.813,25.200,false
502.000,3,6.000,4.078,1441,false,1480.253,36.000,true
502.000,4,6.000,4.195,1940,false,1980.427,48.000,false
503.000,0,1.000,1.214,337,false,347.615,9.600,true
503.000,1,2.000,1.750,634,false,649.979,16.800,true
503.000,2,1.000,1.164,928,false,938.112,25.200,false
503.000,3,5.000,4.354,1446,false,1488.020,36.000,true
503.000,4,5.000,4.437,1945,false,1987.842,48.000,false
504.000,0,1.000,1.150,338,false,347.974,9.600,true
504.000,1,0.000,1.225,634,false,644.728,16.800,false
504.000,2,1.000,1.114,929,false,938.621,25.200,false
504.000,3,3.000,3.948,1449,false,1486.957,36.000,true
504.000,4,4.000,4.306,1949,false,1990.532,48.000,false
505.000,0,1.000,1.105,339,false,348.524,9.600,true
505.000,1,5.000,2.358,639,false,661.052,16.800,true
505.000,2,2.000,1.380,931,false,943.278,25.200,false
505.000,3,3.000,3.664,1452,false,1487.113,36.000,true
505.000,4,6.000,4.814,1955,false,2001.615,48.000,true
506.000,0,1.000,1.073,340,false,349.210,9.600,true
506.000,1,1.000,1.950,640,false,657.980,16.800,true
506.000,2,2.000,1.566,933,false,947.137,25.200,false
506.000,3,1.000,2.865,1453,false,1480.122,36.000,false
506.000,4,9.000,6.070,1964,false,2023.174,48.000,true
507.000,0,2.000,1.351,342,false,353.990,9.600,true
507.000,1,1.000,1.665,641,false,656.129,16.800,false
507.000,2,3.000,1.996,936,false,954.439,25.200,false
507.000,3,3.000,2.905,1456,false,1483.528,36.000,false
507.000,4,5.000,5.749,1969,false,2024.964,48.000,true
508.000,0,0.000,0.946,342,false,349.936,9.600,false
508.000,1,2.000,1.766,643,false,659.133,16.800,true
508.000,2,4.000,2.597,940,false,964.450,25.200,true
508.000,3,4.000,3.234,1460,false,1490.813,36.000,false
508.000,4,2.000,4.624,1971,false,2015.718,48.000,false
509.000,0,0.000,0.662,342,false,347.098,9.600,false
509.000,1,2.000,1.836,645,false,661.836,16.800,true
509.000,2,7.000,3.918,947,false,984.658,25.200,true
509.000,3,5.000,3.764,1465,false,1501.112,36.000,true
509.000,4,5.000,4.737,1975,false,2020.845,48.000,false
510.000,0,0.000,0.464,342,false,345.111,9.600,false
510.000,1,1.000,1.585,646,false,660.328,16.800,false
510.000,2,2.000,3.343,949,false,980.903,25.200,true
510.000,3,3.000,3.534,1468,false,1501.821,36.000,false
510.000,4,6.000,5.116,1981,false,2030.635,48.000,true
511.000,0,1.000,0.624,343,false,347.721,9.600,false
511.000,1,0.000,1.110,645,false,654.572,16.800,false
511.000,2,1.000,2.640,950,false,974.875,25.200,true
511.000,3,4.000,3.674,1472,false,1507.218,36.000,true
511.000,4,3.000,4.481,1984,false,2027.287,48.000,false
512.000,0,0.000,0.437,342,false,344.847,9.600,false
512.000,1,3.000,1.677,648,false,663.244,16.800,false
512.000,2,0.000,1.848,949,false,965.956,25.200,false
512.000,3,2.000,3.172,1474,false,1504.195,36.000,false
512.000,4,5.000,4.637,1989,false,2033.844,48.000,false
513.000,0,1.000,0.606,343,false,347.536,9.600,false
513.000,1,3.000,2.074,651,false,670.213,16.800,true
513.000,2,2.000,1.894,951,false,968.412,25.200,false
513.000,3,0.000,2.220,1474,false,1494.679,36.000,false
513.000,4,7.000,5.346,1996,false,2047.934,48.000,true
514.000,0,0.000,0.424,343,false,345.718,9.600,false
514.000,1,1.000,1.752,652,false,667.992,16.800,true
514.000,2,3.000,2.225,954,false,974.731,25.200,false
514.000,3,4.000,2.754,1478,false,1504.018,36.000,false
514.000,4,4.000,4.942,2000,false,2047.896,48.000,true
515.000,0,0.000,0.297,343,false,344.446,9.600,false
515.000,1,1.000,1.526,652,false,665.737,16.800,false
515.000,2,1.000,1.858,955,false,972.055,25.200,false
515.000,3,1.000,2.228,1478,false,1498.756,36.000,false
515.000,4,6.000,5.259,2006,false,2057.070,48.000,true
516.000,0,1.000,0.508,344,false,347.555,9.600,false
516.000,1,0.000,1.068,652,false,661.159,16.800,false
516.000,2,1.000,1.600,956,false,970.481,25.200,false
516.000,3,1.000,1.860,1479,false,1496.072,36.000,false
516.000,4,6.000,5.482,2012,false,2065.292,48.000,true
517.000,0,2.000,0.955,346,false,354.031,9.600,false
517.000,1,3.000,1.648,655,false,669.954,16.800,false
517.000,2,4.000,2.320,960,false,981.680,25.200,false
517.000,3,1.000,1.602,1480,false,1494.493,36.000,false
517.000,4,5.000,5.337,2017,false,2068.847,48.000,true
518.000,0,3.000,1.569,349,false,363.165,9.600,true
518.000,1,1.000,1.453,656,false,669.011,16.800,false
518.000,2,3.000,2.524,962,false,985.719,25.200,true
518.000,3,2.000,1.721,1482,false,1497.688,36.000,false
518.000,4,3.000,4.636,2020,false,2064.836,48.000,false
519.000,0,1.000,1.398,349,false,361.458,9.600,true
519.000,1,1.000,1.317,657,false,668.650,16.800,false
519.000,2,0.000,1.767,962,false,978.146,25.200,false
519.000,3,2.000,1.805,1484,false,1500.525,36.000,false
519.000,4,5.000,4.745,2025,false,2070.928,48.000,false
520.000,0,1.000,1.279,350,false,361.264,9.600,true
520.000,1,2.000,1.522,659,false,672.698,16.800,false
520.000,2,0.000,1.237,962,false,972.845,25.200,false
520.000,3,1.000,1.563,1485,false,1499.110,36.000,false
520.000,4,4.000,4.522,2029,false,2072.692,48.000,false
521.000,0,1.000,1.195,350,false,360.427,9.600,true
521.000,1,1.000,1.366,660,false,672.132,16.800,false
521.000,2,1.000,1.166,963,false,973.134,25.200,false
521.000,3,2.000,1.694,1487,false,1502.420,36.000,false
521.000,4,4.000,4.365,2033,false,2075.128,48.000,false
522.000,0,2.000,1.437,352,false,364.842,9.600,true
522.000,1,2.000,1.556,661,false,675.035,16.800,false
522.000,2,1.000,1.116,963,false,972.637,25.200,false
522.000,3,3.000,2.086,1490,false,1509.337,36.000,false
522.000,4,3.000,3.956,2036,false,2074.032,48.000,false
523.000,0,1.000,1.306,353,false,364.532,9.600,true
523.000,1,0.000,1.089,661,false,670.367,16.800,false
523.000,2,2.000,1.381,965,false,977.289,25.200,false
523.000,3,3.000,2.360,1492,false,1514.079,36.000,false
523.000,4,3.000,3.669,2039,false,2074.165,48.000,false
524.000,0,1.000,1.214,354,false,364.615,9.600,true
524.000,1,1.000,1.062,662,false,671.100,16.800,false
524.000,2,2.000,1.567,967,false,981.145,25.200,false
524.000,3,1.000,1.952,1493,false,1510.998,36.000,false
524.000,4,1.000,2.868,2039,false,2066.159,48.000,false
525.000,0,1.000,1.150,355,false,364.974,9.600,true
525.000,1,1.000,1.044,663,false,671.913,16.800,false
525.000,2,0.000,1.097,967,false,976.444,25.200,false
525.000,3,1.000,1.667,1494,false,1509.141,36.000,false
525.000,4,7.000,4.108,2046,false,2085.554,48.000,false
526.000,0,1.000,1.105,356,false,365.524,9.600,true
526.000,1,1.000,1.031,664,false,672.782,16.800,false
526.000,2,1.000,1.068,968,false,977.154,25.200,false
526.000,3,4.000,2.367,1498,false,1520.142,36.000,false
526.000,4,2.000,3.475,2048,false,2081.231,48.000,false
527.000,0,1.000,1.073,357,false,366.210,9.600,true
527.000,1,0.000,0.721,664,false,669.690,16.800,false
527.000,2,4.000,1.947,972,false,989.951,25.200,false
527.000,3,3.000,2.557,1501,false,1525.042,36.000,false
527.000,4,5.000,3.933,2053,false,2090.804,48.000,false
528.000,0,0.000,0.751,357,false,362.990,9.600,false
528.000,1,1.000,0.805,665,false,671.526,16.800,false
528.000,2,3.000,2.263,975,false,996.108,25.200,false
528.000,3,4.000,2.990,1505,false,1533.372,36.000,false
528.000,4,6.000,4.553,2059,false,2103.006,48.000,false
529.000,0,1.000,0.826,357,false,363.736,9.600,false
529.000,1,1.000,0.863,666,false,673.111,16.800,false
529.000,2,4.000,2.784,979,false,1005.319,25.200,true
529.000,3,2.000,2.693,1506,false,1531.403,36.000,false
529.000,4,4.000,4.387,2063,false,2105.347,48.000,false
530.000,0,1.000,0.878,358,false,365.258,9.600,false
530.000,1,1.000,0.904,667,false,674.521,16.800,false
530.000,2,3.000,2.849,982,false,1008.966,25.200,true
530.000,3,3.000,2.785,1509,false,1535.325,36.000,false
530.000,4,5.000,4.571,2067,false,2111.186,48.000,false
531.000,0,1.000,0.915,359,false,366.623,9.600,false
531.000,1,2.000,1.233,669,false,679.807,16.800,false
531.000,2,0.000,1.994,982,false,1000.419,25.200,false
531.000,3,4.000,3.149,1512,false,1541.971,36.000,false
531.000,4,5.000,4.700,2072,false,2117.473,48.000,false
532.000,0,1.000,0.940,360,false,367.879,9.600,false
532.000,1,2.000,1.463,671,false,684.108,16.800,false
532.000,2,4.000,2.596,986,false,1010.436,25.200,true
532.000,3,2.000,2.805,1514,false,1540.522,36.000,false
532.000,4,3.000,4.190,2075,false,2115.374,48.000,false
533.000,0,0.000,0.658,360,false,365.058,9.600,false
533.000,1,0.000,1.024,671,false,679.718,16.800,false
533.000,2,0.000,1.817,986,false,1002.648,25.200,false
533.000,3,3.000,2.863,1517,false,1544.108,36.000,false
533.000,4,3.000,3.833,2077,false,2113.805,48.000,false
534.000,0,1.000,0.761,361,false,367.084,9.600,false
534.000,1,1.000,1.017,672,false,680.646,16.800,false
534.000,2,6.000,3.072,991,false,1020.197,25.200,true
534.000,3,2.000,2.604,1519,false,1543.519,36.000,false
534.000,4,5.000,4.183,2082,false,2122.306,48.000,false
535.000,0,2.000,1.133,363,false,372.801,9.600,true
535.000,1,1.000,1.012,673,false,681.595,16.800,false
535.000,2,1.000,2.450,992,false,1014.980,25.200,false
535.000,3,4.000,3.023,1523,false,1551.706,36.000,false
535.000,4,3.000,3.828,2085,false,2121.757,48.000,false
536.000,0,2.000,1.393,365,false,377.404,9.600,true
536.000,1,1.000,1.008,674,false,682.559,16.800,false
536.000,2,1.000,2.015,993,false,1011.629,25.200,false
536.000,3,1.000,2.416,1524,false,1546.637,36.000,false
536.000,4,8.000,5.080,2093,false,2142.273,48.000,true
537.000,0,0.000,0.975,365,false,373.226,9.600,true
537.000,1,4.000,1.906,677,false,694.534,16.800,true
537.000,2,0.000,1.411,993,false,1005.583,25.200,false
537.000,3,4.000,2.891,1528,false,1555.389,36.000,false
537.000,4,2.000,4.156,2095,false,2135.034,48.000,false
538.000,0,0.000,0.682,364,false,369.301,9.600,false
538.000,1,1.000,1.634,678,false,692.817,16.800,false
538.000,2,2.000,1.587,995,false,1009.351,25.200,false
538.000,3,5.000,3.524,1533,false,1566.715,36.000,false
538.000,4,3.000,3.809,2098,false,2134.567,48.000,false
539.000,0,0.000,0.478,364,false,367.253,9.600,false
539.000,1,2.000,1.744,680,false,695.915,16.800,true
539.000,2,1.000,1.411,995,false,1007.589,25.200,false
539.000,3,3.000,3.367,1536,false,1568.143,36.000,false
539.000,4,5.000,4.166,2102,false,2142.139,48.000,false
540.000,0,0.000,0.334,364,false,365.820,9.600,false
540.000,1,1.000,1.521,681,false,694.683,16.800,false
540.000,2,3.000,1.888,998,false,1015.355,25.200,false
540.000,3,2.000,2.957,1538,false,1566.043,36.000,false
540.000,4,5.000,4.416,2107,false,2149.640,48.000,false
541.000,0,0.000,0.234,364,false,364.817,9.600,false
541.000,1,2.000,1.664,683,false,698.121,16.800,false
541.000,2,2.000,1.922,1000,false,1017.691,25.200,false
541.000,3,4.000,3.270,1542,false,1573.173,36.000,false
541.000,4,3.000,3.991,2110,false,2148.391,48.000,false
542.000,0,0.000,0.164,364,false,364.115,9.600,false
542.000,1,0.000,1.165,683,false,693.128,16.800,false
542.000,2,1.000,1.645,1001,false,1015.927,25.200,false
542.000,3,1.000,2.589,1543,false,1567.364,36.000,false
542.000,4,6.000,4.594,2115,false,2159.417,48.000,false
543.000,0,1.000,0.415,364,false,366.623,9.600,false
543.000,1,1.000,1.116,684,false,693.632,16.800,false
543.000,2,3.000,2.052,1003,false,1021.992,25.200,false
543.000,3,7.000,3.912,1550,false,1587.598,36.000,true
543.000,4,3.000,4.116,2118,false,2157.635,48.000,false
544.000,0,0.000,0.290,364,false,365.379,9.600,false
544.000,1,1.000,1.081,685,false,694.285,16.800,false
544.000,2,2.000,2.036,1005,false,1023.837,25.200,false
544.000,3,1.000,3.039,1550,false,1578.861,36.000,false
544.000,4,5.000,4.381,2123,false,2165.287,48.000,false
545.000,0,2.000,0.803,366,false,372.508,9.600,false
545.000,1,2.000,1.357,687,false,699.043,16.800,false
545.000,2,3.000,2.325,1008,false,1029.729,25.200,false
545.000,3,4.000,3.327,1554,false,1585.746,36.000,false
545.000,4,2.000,3.667,2125,false,2160.144,48.000,false
546.000,0,0.000,0.562,366,false,370.099,9.600,false
546.000,1,1.000,1.250,688,false,698.973,16.800,false
546.000,2,4.000,2.828,1012,false,1038.753,25.200,true
546.000,3,4.000,3.529,1558,false,1591.765,36.000,false
546.000,4,7.000,4.667,2132,false,2177.144,48.000,false
547.000,0,1.000,0.694,367,false,372.412,9.600,false
547.000,1,1.000,1.175,689,false,699.224,16.800,false
547.000,2,3.000,2.879,1015,false,1042.270,25.200,true
547.000,3,7.000,4.570,1565,false,1609.178,36.000,true
547.000,4,4.000,4.467,2136,false,2179.143,48.000,false
548.000,0,1.000,0.785,368,false,374.331,9.600,false
548.000,1,1.000,1.122,690,false,699.699,16.800,false
548.000,2,3.000,2.916,1018,false,1045.632,25.200,true
548.000,3,0.000,3.199,1565,false,1595.468,36.000,false
548.000,4,5.000,4.627,2141,false,2185.743,48.000,false
549.000,0,1.000,0.850,369,false,375.975,9.600,false
549.000,1,1.000,1.086,691,false,700.332,16.800,false
549.000,2,2.000,2.641,1020,false,1044.885,25.200,true
549.000,3,3.000,3.139,1568,false,1597.870,36.000,false
549.000,4,3.000,4.139,2144,false,2183.863,48.000,false
550.000,0,0.000,0.595,369,false,373.425,9.600,false
550.000,1,1.000,1.060,692,false,701.076,16.800,false
550.000,2,1.000,2.149,1020,false,1039.962,25.200,false
550.000,3,3.000,3.098,1571,false,1600.452,36.000,false
550.000,4,2.000,3.497,2146,false,2179.447,48.000,false
551.000,0,2.000,1.016,371,false,379.640,9.600,true
551.000,1,2.000,1.342,694,false,705.896,16.800,false
551.000,2,5.000,3.004,1025,false,1053.517,25.200,true
551.000,3,4.000,3.368,1575,false,1607.159,36.000,false
551.000,4,6.000,4.248,2152,false,2192.956,48.000,false
552.000,0,2.000,1.311,373,false,384.591,9.600,true
552.000,1,0.000,0.939,694,false,701.870,16.800,false
552.000,2,1.000,2.403,1026,false,1048.504,25.200,false
552.000,3,3.000,3.258,1578,false,1609.054,36.000,false
552.000,4,8.000,5.374,2160,false,2212.212,48.000,true
553.000,0,1.000,1.218,374,false,384.657,9.600,true
553.000,1,1.000,0.958,694,false,702.052,16.800,false
553.000,2,3.000,2.582,1029,false,1053.296,25.200,true
553.000,3,1.000,2.580,1579,false,1603.281,36.000,false
553.000,4,6.000,5.561,2166,false,2220.091,48.000,true
554.000,0,1.000,1.153,375,false,385.003,9.600,true
554.000,1,2.000,1.270,696,false,707.179,16.800,false
554.000,2,1.000,2.107,1030,false,1049.550,25.200,false
554.000,3,8.000,4.206,1587,false,1627.539,36.000,true
554.000,4,1.000,4.193,2167,false,2207.407,48.000,false
555.000,0,1.000,1.107,376,false,385.545,9.600,true
555.000,1,3.000,1.789,699,false,715.368,16.800,true
555.000,2,4.000,2.675,1033,false,1058.228,25.200,true
555.000,3,2.000,3.544,1589,false,1622.920,36.000,false
555.000,4,5.000,4.435,2172,false,2214.828,48.000,false
556.000,0,2.000,1.375,378,false,390.224,9.600,true
556.000,1,2.000,1.852,701,false,718.001,16.800,true
556.000,2,0.000,1.873,1033,false,1050.202,25.200,false
556.000,3,7.000,4.581,1595,false,1639.287,36.000,true
556.000,4,1.000,3.405,2172,false,2204.522,48.000,false
557.000,0,1.000,1.262,379,false,390.100,9.600,true
557.000,1,2.000,1.897,702,false,719.443,16.800,true
557.000,2,0.000,1.311,1033,false,1044.585,25.200,false
557.000,3,1.000,3.507,1596,false,1629.544,36.000,false
557.000,4,3.000,3.283,2175,false,2206.308,48.000,false
558.000,0,0.000,0.884,379,false,386.313,9.600,false
558.000,1,0.000,1.328,702,false,713.753,16.800,false
558.000,2,3.000,1.818,1036,false,1052.652,25.200,false
558.000,3,1.000,2.755,1597,false,1623.024,36.000,false
558.000,4,5.000,3.798,2180,false,2216.459,48.000,false
559.000,0,0.000,0.619,379,false,383.662,9.600,false
559.000,1,0.000,0.929,702,false,709.770,16.800,false
559.000,2,4.000,2.472,1040,false,1063.199,25.200,false
559.000,3,5.000,3.428,1602,false,1634.759,36.000,false
559.000,4,5.000,4.159,2185,false,2225.064,48.000,false
560.000,0,1.000,0.733,379,false,384.806,9.600,false
560.000,1,0.000,0.651,702,false,706.982,16.800,false
560.000,2,0.000,1.731,1040,false,1055.782,25.200,false
560.000,3,2.000,3.000,1604,false,1632.474,36.000,false
560.000,4,2.000,3.511,2187,false,2220.588,48.000,false
561.000,0,1.000,0.813,380,false,386.607,9.600,false
561.000,1,4.000,1.655,705,false,720.030,16.800,false
561.000,2,1.000,1.511,1040,false,1053.591,25.200,false
561.000,3,1.000,2.400,1605,false,1627.475,36.000,false
561.000,4,7.000,4.558,2194,false,2238.054,48.000,false
562.000,0,1.000,0.869,381,false,388.168,9.600,false
562.000,1,2.000,1.759,707,false,723.064,16.800,true
562.000,2,4.000,2.258,1044,false,1065.056,25.200,false
562.000,3,3.000,2.580,1607,false,1631.275,36.000,false
562.000,4,4.000,4.390,2198,false,2240.381,48.000,false
563.000,0,0.000,0.608,380,false,384.560,9.600,false
563.000,1,3.000,2.131,710,false,729.788,16.800,true
563.000,2,3.000,2.481,1047,false,1070.282,25.200,false
563.000,3,5.000,3.306,1612,false,1643.536,36.000,false
563.000,4,5.000,4.573,2202,false,2246.209,48.000,false
564.000,0,0.000,0.426,380,false,382.735,9.600,false
564.000,1,3.000,2.392,713,false,735.394,16.800,true
564.000,2,2.000,2.336,1049,false,1070.840,25.200,false
564.000,3,6.000,4.114,1618,false,1657.618,36.000,true
564.000,4,4.000,4.401,2206,false,2248.489,48.000,false
565.000,0,0.000,0.298,380,false,381.457,9.600,false
565.000,1,2.000,2.274,715,false,736.219,16.800,true
565.000,2,2.000,2.235,1051,false,1071.831,25.200,false
565.000,3,2.000,3.480,1619,false,1652.275,36.000,false
565.000,4,7.000,5.181,2213,false,2263.285,48.000,true
566.000,0,0.000,0.209,380,false,380.563,9.600,false
566.000,1,0.000,1.592,714,false,728.396,16.800,false
566.000,2,1.000,1.865,1052,false,1069.125,25.200,false
566.000,3,2.000,3.036,1621,false,1649.836,36.000,false
566.000,4,4.000,4.827,2217,false,2263.743,48.000,true
567.000,0,1.000,0.446,381,false,383.937,9.600,false
567.000,1,2.000,1.714,716,false,731.620,16.800,true
567.000,2,3.000,2.205,1054,false,1074.530,25.200,false
567.000,3,6.000,3.925,1627,false,1664.728,36.000,true
567.000,4,7.000,5.479,2223,false,2276.263,48.000,true
568.000,0,0.000,0.312,381,false,382.599,9.600,false
568.000,1,0.000,1.200,716,false,726.477,16.800,false
568.000,2,4.000,2.744,1058,false,1083.914,25.200,true
568.000,3,3.000,3.648,1630,false,1664.952,36.000,true
568.000,4,4.000,5.035,2227,false,2275.827,48.000,true
569.000,0,3.000,1.119,384,false,393.662,9.600,true
569.000,1,1.000,1.140,717,false,726.877,16.800,false
569.000,2,6.000,3.721,1064,false,1099.683,25.200,true
569.000,3,3.000,3.453,1633,false,1666.009,36.000,false
569.000,4,3.000,4.425,2230,false,2272.722,48.000,false
570.000,0,2.000,1.383,385,false,397.306,9.600,true
570.000,1,1.000,1.098,718,false,727.457,16.800,false
570.000,2,3.000,3.504,1067,false,1100.521,25.200,true
570.000,3,3.000,3.317,1636,false,1667.649,36.000,false
570.000,4,5.000,4.597,2235,false,2279.448,48.000,false
571.000,0,1.000,1.268,386,false,397.157,9.600,true
571.000,1,3.000,1.669,721,false,736.162,16.800,false
571.000,2,5.000,3.953,1072,false,1110.007,25.200,true
571.000,3,2.000,2.922,1638,false,1665.697,36.000,false
571.000,4,5.000,4.718,2239,false,2284.656,48.000,false
572.000,0,1.000,1.188,387,false,397.353,9.600,true
572.000,1,1.000,1.468,721,false,734.157,16.800,false
572.000,2,0.000,2.767,1072,false,1098.148,25.200,true
572.000,3,0.000,2.045,1638,false,1656.931,36.000,false
572.000,4,2.000,3.903,2241,false,2278.502,48.000,false
573.000,0,1.000,1.131,388,false,397.790,9.600,true
573.000,1,1.000,1.328,722,false,733.752,16.800,false
573.000,2,3.000,2.837,1074,false,1100.846,25.200,true
573.000,3,5.000,2.932,1643,false,1670.795,36.000,false
573.000,4,2.000,3.332,2243,false,2274.795,48.000,false
574.000,0,2.000,1.392,390,false,402.396,9.600,true
574.000,1,2.000,1.529,724,false,737.770,16.800,false
574.000,2,2.000,2.586,1076,false,1100.335,25.200,true
574.000,3,3.000,2.952,1646,false,1673.999,36.000,false
574.000,4,6.000,4.132,2249,false,2288.799,48.000,false
575.000,0,1.000,1.274,391,false,402.220,9.600,true
575.000,1,2.000,1.671,726,false,741.182,16.800,false
575.000,2,4.000,3.010,1080,false,1108.578,25.200,true
575.000,3,0.000,2.067,1646,false,1665.142,36.000,false
575.000,4,1.000,3.193,2249,false,2279.402,48.000,false
576.000,0,2.000,1.492,392,false,405.397,9.600,true
576.000,1,3.000,2.069,729,false,748.170,16.800,true
576.000,2,4.000,3.307,1084,false,1115.547,25.200,true
576.000,3,3.000,2.347,1649,false,1670.942,36.000,false
576.000,4,6.000,4.035,2255,false,2293.824,48.000,false
577.000,0,0.000,1.044,392,false,400.921,9.600,true
577.000,1,2.000,2.049,731,false,749.962,16.800,true
577.000,2,2.000,2.915,1086,false,1113.626,25.200,true
577.000,3,1.000,1.943,1650,false,1667.903,36.000,false
577.000,4,4.000,4.024,2259,false,2297.720,48.000,false
578.000,0,1.000,1.031,393,false,401.787,9.600,true
578.000,1,1.000,1.734,732,false,747.816,16.800,true
578.000,2,1.000,2.340,1087,false,1108.881,25.200,false
578.000,3,5.000,2.860,1655,false,1682.075,36.000,false
578.000,4,4.000,4.017,2262,false,2300.647,48.000,false
579.000,0,1.000,1.022,394,false,402.694,9.600,true
579.000,1,1.000,1.514,732,false,745.614,16.800,false
579.000,2,6.000,3.438,1093,false,1125.860,25.200,true
579.000,3,2.000,2.602,1657,false,1681.495,36.000,false
579.000,4,5.000,4.312,2267,false,2308.596,48.000,false
580.000,0,1.000,1.015,395,false,403.629,9.600,true
580.000,1,3.000,1.960,735,false,753.073,16.800,true
580.000,2,4.000,3.607,1097,false,1131.545,25.200,true
580.000,3,2.000,2.421,1659,false,1681.689,36.000,false
580.000,4,4.000,4.218,2271,false,2311.660,48.000,false
581.000,0,0.000,0.711,394,false,399.583,9.600,false
581.000,1,1.000,1.672,736,false,751.194,16.800,false
581.000,2,1.000,2.825,1098,false,1124.724,25.200,true
581.000,3,3.000,2.595,1661,false,1685.425,36.000,false
581.000,4,1.000,3.253,2272,false,2303.005,48.000,false
582.000,0,0.000,0.497,394,false,397.451,9.600,false
582.000,1,1.000,1.470,737,false,750.179,16.800,false
582.000,2,2.000,2.577,1099,false,1123.250,25.200,true
582.000,3,1.000,2.116,1662,false,1681.641,36.000,false
582.000,4,4.000,3.477,2276,false,2309.246,48.000,false
583.000,0,1.000,0.648,395,false,399.958,9.600,false
583.000,1,2.000,1.629,738,false,752.768,16.800,false
583.000,2,4.000,3.004,1103,false,1131.518,25.200,true
583.000,3,2.000,2.082,1664,false,1683.291,36.000,false
583.000,4,4.000,3.634,2279,false,2313.815,48.000,false
584.000,0,3.000,1.354,397,false,409.014,9.600,true
584.000,1,1.000,1.440,739,false,751.880,16.800,false
584.000,2,2.000,2.703,1105,false,1130.505,25.200,true
584.000,3,4.000,2.657,1668,false,1693.047,36.000,false
584.000,4,5.000,4.044,2284,false,2322.913,48.000,false
585.000,0,1.000,1.248,398,false,408.953,9.600,true
585.000,1,2.000,1.608,741,false,755.559,16.800,false
585.000,2,2.000,2.492,1107,false,1130.396,25.200,false
585.000,3,3.000,2.760,1671,false,1697.076,36.000,false
585.000,4,6.000,4.631,2289,false,2333.782,48.000,false
586.000,0,0.000,0.873,397,false,404.210,9.600,false
586.000,1,2.000,1.726,743,false,758.734,16.800,true
586.000,2,1.000,2.044,1108,false,1126.920,25.200,false
586.000,3,6.000,3.732,1676,false,1711.796,36.000,true
586.000,4,6.000,5.041,2295,false,2343.890,48.000,true
587.000,0,2.000,1.211,399,false,409.590,9.600,true
587.000,1,0.000,1.208,743,false,753.557,16.800,false
587.000,2,1.000,1.731,1109,false,1124.787,25.200,false
587.000,3,4.000,3.812,1680,false,1716.600,36.000,true
587.000,4,5.000,5.029,2300,false,2348.766,48.000,true
588.000,0,3.000,1.748,402,false,417.956,9.600,true
588.000,1,0.000,0.846,743,false,749.933,16.800,false
588.000,2,2.000,1.812,1110,false,1126.594,25.200,false
588.000,3,4.000,3.869,1684,false,1721.163,36.000,true
588.000,4,8.000,5.920,2307,false,2364.679,48.000,true
589.000,0,3.000,2.124,405,false,424.712,9.600,true
589.000,1,0.000,0.592,743,false,747.396,16.800,false
589.000,2,4.000,2.468,1114,false,1137.159,25.200,false
589.000,3,1.000,3.008,1685,false,1713.557,36.000,false
589.000,4,4.000,5.344,2311,false,2362.918,48.000,true
590.000,0,3.000,2.386,407,false,429.341,9.600,true
590.000,1,0.000,0.414,742,false,744.620,16.800,false
590.000,2,2.000,2.328,1116,false,1137.754,25.200,false
590.000,3,2.000,2.706,1687,false,1712.533,36.000,false
590.000,4,3.000,4.641,2314,false,2358.886,48.000,false
591.000,0,1.000,1.971,408,false,426.182,9.600,true
591.000,1,4.000,1.490,746,false,759.377,16.800,false
591.000,2,1.000,1.929,1117,false,1134.771,25.200,false
591.000,3,1.000,2.194,1687,false,1707.416,36.000,false
591.000,4,4.000,4.449,2317,false,2359.963,48.000,false
592.000,0,0.000,1.379,408,false,420.270,9.600,true
592.000,1,2.000,1.643,748,false,762.907,16.800,false
592.000,2,2.000,1.951,1118,false,1135.982,25.200,false
592.000,3,3.000,2.436,1690,false,1712.834,36.000,false
592.000,4,8.000,5.514,2325,false,2378.617,48.000,true
593.000,0,0.000,0.966,407,false,415.132,9.600,true
593.000,1,2.000,1.750,750,false,765.977,16.800,true
593.000,2,3.000,2.265,1121,false,1142.130,25.200,false
593.000,3,4.000,2.905,1694,false,1721.527,36.000,false
593.000,4,4.000,5.060,2329,false,2378.075,48.000,true
594.000,0,0.000,0.676,407,false,412.235,9.600,false
594.000,1,0.000,1.225,750,false,760.727,16.800,false
594.000,2,1.000,1.886,1122,false,1139.334,25.200,false
594.000,3,4.000,3.234,1698,false,1728.811,36.000,false
594.000,4,5.000,5.042,2334,false,2382.895,48.000,true
595.000,0,0.000,0.473,407,false,410.207,9.600,false
595.000,1,1.000,1.158,751,false,761.052,16.800,false
595.000,2,3.000,2.220,1124,false,1144.677,25.200,false
595.000,3,5.000,3.763,1703,false,1739.111,36.000,true
595.000,4,3.000,4.429,2337,false,2379.769,48.000,false
596.000,0,1.000,0.631,408,false,412.788,9.600,false
596.000,1,2.000,1.410,753,false,765.579,16.800,false
596.000,2,5.000,3.054,1129,false,1158.017,25.200,true
596.000,3,5.000,4.134,1707,false,1746.820,36.000,true
596.000,4,2.000,3.701,2338,false,2373.481,48.000,false
597.000,0,0.000,0.442,408,false,410.895,9.600,false
597.000,1,0.000,0.987,752,false,760.348,16.800,false
597.000,2,1.000,2.438,1130,false,1152.854,25.200,false
597.000,3,3.000,3.794,1710,false,1746.417,36.000,true
597.000,4,3.000,3.490,2341,false,2374.380,48.000,false
598.000,0,0.000,0.309,407,false,408.569,9.600,false
598.000,1,1.000,0.991,753,false,761.387,16.800,false
598.000,2,1.000,2.006,1131,false,1149.541,25.200,false
598.000,3,3.000,3.556,1713,false,1747.035,36.000,false
598.000,4,5.000,3.943,2346,false,2383.909,48.000,false
599.000,0,1.000,0.516,408,false,411.641,9.600,false
599.000,1,1.000,0.994,754,false,762.413,16.800,false
599.000,2,3.000,2.305,1134,false,1155.522,25.200,false
599.000,3,1.000,2.789,1714,false,1740.367,36.000,false
599.000,4,4.000,3.960,2350,false,2388.079,48.000,false
