time,node_id,observed_arrival_rate,smoothed_arrival_rate,waiting_queue_size,idle,predicted_queue_size,proactive_queue_threshold,proactive_risk
0.000,0,1.000,1.000,0,false,8.476,9.600,false
0.000,1,2.000,2.000,0,false,18.476,16.800,true
0.000,2,2.000,2.000,1,false,19.476,25.200,false
0.000,3,5.000,5.000,2,false,52.476,36.000,true
0.000,4,4.000,4.000,4,false,42.476,48.000,false
1.000,0,1.000,1.000,1,false,10.476,9.600,true
1.000,1,0.000,1.400,2,false,14.476,16.800,false
1.000,2,1.000,1.700,2,false,17.476,25.200,false
1.000,3,0.000,3.500,2,false,35.476,36.000,false
1.000,4,4.000,4.000,8,false,46.476,48.000,false
2.000,0,0.000,0.700,1,false,6.476,9.600,false
2.000,1,1.000,1.280,3,false,14.276,16.800,false
2.000,2,2.000,1.790,4,false,20.376,25.200,false
2.000,3,7.000,4.550,9,false,52.976,36.000,true
2.000,4,6.000,4.600,14,false,58.476,48.000,false
3.000,0,1.000,0.790,2,false,8.376,9.600,false
3.000,1,1.000,1.196,4,false,14.436,16.800,false
3.000,2,1.000,1.553,5,false,19.006,25.200,false
3.000,3,5.000,4.685,14,false,59.326,36.000,true
3.000,4,5.000,4.720,19,false,64.676,48.000,false
4.000,0,0.000,0.553,2,false,6.006,9.600,false
4.000,1,2.000,1.437,6,false,18.848,16.800,false
4.000,2,1.000,1.387,6,false,18.347,25.200,false
4.000,3,1.000,3.579,15,false,49.271,36.000,false
4.000,4,3.000,4.204,22,false,62.516,48.000,false
5.000,0,0.000,0.387,1,false,3.347,9.600,false
5.000,1,4.000,2.206,10,false,30.537,16.800,true
5.000,2,1.000,1.271,7,false,18.186,25.200,false
5.000,3,2.000,3.106,16,false,45.533,36.000,false
5.000,4,4.000,4.143,26,false,65.904,48.000,false
6.000,0,0.000,0.271,1,false,2.186,9.600,false
6.000,1,1.000,1.844,11,false,27.918,16.800,true
6.000,2,0.000,0.890,7,false,14.373,25.200,false
6.000,3,2.000,2.774,18,false,44.216,36.000,false
6.000,4,5.000,4.400,31,false,73.476,48.000,false
7.000,0,0.000,0.190,1,false,1.373,9.600,false
7.000,1,3.000,2.191,14,false,34.386,16.800,true
7.000,2,5.000,2.123,12,false,31.704,25.200,false
7.000,3,1.000,2.242,19,false,39.894,36.000,false
7.000,4,1.000,3.380,31,false,63.276,48.000,false
8.000,0,0.000,0.133,1,false,0.804,9.600,false
8.000,1,4.000,2.734,18,false,43.813,16.800,true
8.000,2,2.000,2.086,13,false,32.336,25.200,false
8.000,3,2.000,2.169,21,false,41.169,36.000,false
8.000,4,6.000,4.166,37,false,77.136,48.000,false
9.000,0,0.000,0.093,1,false,0.406,9.600,false
9.000,1,1.000,2.214,18,false,38.612,16.800,true
9.000,2,4.000,2.660,10,false,42.078,25.200,true
9.000,3,3.000,2.418,24,false,46.661,36.000,false
9.000,4,1.000,3.216,38,false,68.638,48.000,false
10.000,0,1.000,0.365,8,false,10.127,9.600,false
10.000,1,1.000,1.849,19,false,35.971,16.800,true
10.000,2,1.000,2.162,11,false,31.097,25.200,false
10.000,3,3.000,2.593,26,false,50.405,36.000,false
10.000,4,6.000,4.051,44,false,82.989,48.000,false
11.000,0,2.000,0.856,10,false,17.032,9.600,false
11.000,1,4.000,2.495,23,false,46.423,16.800,true
11.000,2,4.000,2.713,15,false,40.611,25.200,true
11.000,3,3.000,2.715,29,false,54.627,36.000,false
11.000,4,4.000,4.036,48,false,86.836,48.000,false
12.000,0,3.000,1.499,13,false,26.465,9.600,true
12.000,1,0.000,1.746,22,false,37.939,16.800,true
12.000,2,2.000,2.499,16,false,39.471,25.200,false
12.000,3,3.000,2.801,32,false,58.482,36.000,false
12.000,4,5.000,4.325,53,false,94.728,48.000,false
13.000,0,0.000,1.049,13,false,21.968,9.600,true
13.000,1,1.000,1.522,23,false,36.700,16.800,false
13.000,2,1.000,2.050,17,false,35.972,25.200,false
13.000,3,0.000,1.960,31,false,49.080,36.000,false
13.000,4,6.000,4.828,49,false,105.752,48.000,true
14.000,0,1.000,1.034,21,false,29.821,9.600,true
14.000,1,1.000,1.366,24,false,36.133,16.800,false
14.000,2,3.000,2.335,23,false,44.823,25.200,false
14.000,3,4.000,2.572,35,false,59.199,36.000,false
14.000,4,3.000,4.279,52,false,93.269,48.000,false
15.000,0,1.000,1.024,22,false,30.717,9.600,true
15.000,1,0.000,0.956,24,false,32.036,16.800,false
15.000,2,3.000,2.534,26,false,49.819,25.200,true
15.000,3,4.000,3.001,39,false,67.482,36.000,false
15.000,4,4.000,4.196,55,false,95.431,48.000,false
16.000,0,0.000,0.717,21,false,26.645,9.600,false
16.000,1,0.000,0.669,23,false,28.168,16.800,false
16.000,2,1.000,2.074,27,false,46.216,25.200,false
16.000,3,1.000,2.400,40,false,62.480,36.000,false
16.000,4,1.000,3.237,56,false,86.845,48.000,false
17.000,0,0.000,0.502,21,false,24.494,9.600,false
17.000,1,0.000,0.468,23,false,26.160,16.800,false
17.000,2,5.000,2.952,32,false,59.994,25.200,true
17.000,3,1.000,1.980,41,false,59.279,36.000,false
17.000,4,7.000,4.366,63,false,105.134,48.000,false
18.000,0,1.000,0.651,22,false,26.989,9.600,false
18.000,1,3.000,1.228,26,false,36.755,16.800,false
18.000,2,4.000,3.266,35,false,66.139,25.200,true
18.000,3,3.000,2.286,44,false,65.338,36.000,false
18.000,4,4.000,4.256,67,false,108.037,48.000,false
19.000,0,1.000,0.756,23,false,29.035,9.600,false
19.000,1,1.000,1.160,27,false,37.071,16.800,false
19.000,2,3.000,3.186,38,false,68.340,25.200,true
19.000,3,5.000,3.100,49,false,78.480,36.000,false
19.000,4,6.000,4.779,73,false,119.269,48.000,false
20.000,0,1.000,0.829,23,false,29.767,9.600,false
20.000,1,1.000,1.112,28,false,37.593,16.800,false
20.000,2,4.000,3.430,41,false,73.781,25.200,true
20.000,3,2.000,2.770,51,false,77.179,36.000,false
20.000,4,4.000,4.545,77,false,120.931,48.000,false
21.000,0,3.000,1.480,26,false,39.280,9.600,true
21.000,1,1.000,1.078,29,false,38.258,16.800,false
21.000,2,2.000,3.001,43,false,71.489,25.200,true
21.000,3,1.000,2.239,51,false,71.868,36.000,false
21.000,4,3.000,4.082,80,false,119.294,48.000,false
22.000,0,0.000,1.036,26,false,34.839,9.600,true
22.000,1,2.000,1.355,31,false,43.023,16.800,false
22.000,2,4.000,3.301,47,false,78.485,25.200,true
22.000,3,1.000,1.867,52,false,69.150,36.000,false
22.000,4,2.000,3.457,81,false,114.049,48.000,false
23.000,0,2.000,1.325,28,false,39.730,9.600,true
23.000,1,1.000,1.248,31,false,41.959,16.800,false
23.000,2,3.000,3.211,49,false,79.583,25.200,true
23.000,3,3.000,2.207,55,false,75.548,36.000,false
23.000,4,6.000,4.220,87,false,127.677,48.000,false
24.000,0,1.000,1.228,29,false,39.754,9.600,true
24.000,1,2.000,1.474,33,false,46.214,16.800,false
24.000,2,3.000,3.147,52,false,81.951,25.200,true
24.000,3,3.000,2.445,58,false,80.927,36.000,false
24.000,4,5.000,4.454,92,false,135.017,48.000,false
25.000,0,1.000,1.159,30,false,40.071,9.600,true
25.000,1,1.000,1.332,34,false,45.793,16.800,false
25.000,2,3.000,3.103,55,false,84.508,25.200,true
25.000,3,3.000,2.612,61,false,85.591,36.000,false
25.000,4,0.000,3.118,92,false,121.655,48.000,false
26.000,0,1.000,1.112,31,false,40.592,9.600,true
26.000,1,3.000,1.832,36,false,52.798,16.800,true
26.000,2,3.000,3.072,58,false,87.199,25.200,true
26.000,3,6.000,3.628,67,false,101.757,36.000,true
26.000,4,2.000,2.782,94,false,120.301,48.000,false
27.000,0,1.000,1.078,32,false,41.257,9.600,true
27.000,1,0.000,1.283,36,false,47.301,16.800,false
27.000,2,2.000,2.751,60,false,85.982,25.200,true
27.000,3,5.000,4.040,72,false,110.873,36.000,true
27.000,4,0.000,1.948,93,false,110.954,48.000,false
28.000,0,0.000,0.755,31,false,37.023,9.600,false
28.000,1,0.000,0.898,36,false,43.454,16.800,false
28.000,2,1.000,2.225,61,false,81.730,25.200,false
28.000,3,1.000,3.128,72,false,101.754,36.000,false
28.000,4,6.000,3.163,99,false,129.110,48.000,false
29.000,0,1.000,0.828,32,false,38.759,9.600,false
29.000,1,0.000,0.628,36,false,40.761,16.800,false
29.000,2,2.000,2.158,63,false,83.054,25.200,false
29.000,3,4.000,3.389,76,false,108.370,36.000,false
29.000,4,3.000,3.114,102,false,131.620,48.000,false
30.000,0,0.000,0.580,32,false,36.274,9.600,false
30.000,1,2.000,1.040,38,false,46.875,16.800,false
30.000,2,1.000,1.810,64,false,80.581,25.200,false
30.000,3,2.000,2.973,78,false,106.202,36.000,false
30.000,4,2.000,2.780,104,false,130.277,48.000,false
31.000,0,1.000,0.706,33,false,38.535,9.600,false
31.000,1,0.000,0.728,38,false,43.756,16.800,false
31.000,2,1.000,1.567,65,false,79.149,25.200,false
31.000,3,5.000,3.581,82,false,116.284,36.000,false
31.000,4,8.000,4.346,111,false,152.937,48.000,false
32.000,0,0.000,0.494,33,false,36.417,9.600,false
32.000,1,0.000,0.510,38,false,41.572,16.800,false
32.000,2,1.000,1.397,66,false,78.447,25.200,false
32.000,3,3.000,3.407,85,false,117.542,36.000,false
32.000,4,5.000,4.542,116,false,159.899,48.000,false
33.000,0,0.000,0.346,33,false,34.935,9.600,false
33.000,1,1.000,0.657,39,false,44.043,16.800,false
33.000,2,1.000,1.278,67,false,78.256,25.200,false
33.000,3,0.000,2.385,85,false,107.322,36.000,false
33.000,4,1.000,3.480,117,false,150.272,48.000,false
34.000,0,0.000,0.242,32,false,32.897,9.600,false
34.000,1,1.000,0.760,40,false,46.073,16.800,false
34.000,2,1.000,1.195,68,false,78.422,25.200,false
34.000,3,6.000,3.469,91,false,124.168,36.000,false
34.000,4,0.000,2.436,116,false,138.833,48.000,false
35.000,0,3.000,1.069,35,false,44.171,9.600,true
35.000,1,3.000,1.432,43,false,55.794,16.800,false
35.000,2,3.000,1.736,71,false,86.838,25.200,false
35.000,3,3.000,3.328,94,false,125.761,36.000,false
35.000,4,4.000,2.905,120,false,147.526,48.000,false
36.000,0,0.000,0.749,35,false,40.963,9.600,false
36.000,1,2.000,1.602,45,false,59.499,16.800,false
36.000,2,5.000,2.715,76,false,101.630,25.200,true
36.000,3,2.000,2.930,96,false,123.775,36.000,false
36.000,4,1.000,2.333,121,false,142.811,48.000,false
37.000,0,1.000,0.824,36,false,42.717,9.600,false
37.000,1,3.000,2.022,48,false,66.692,16.800,true
37.000,2,0.000,1.901,76,false,93.484,25.200,false
37.000,3,2.000,2.651,97,false,121.986,36.000,false
37.000,4,2.000,2.233,123,false,143.811,48.000,false
38.000,0,0.000,0.577,36,false,40.244,9.600,false
38.000,1,3.000,2.315,51,false,72.627,16.800,true
38.000,2,0.000,1.331,76,false,87.781,25.200,false
38.000,3,2.000,2.456,99,false,122.033,36.000,false
38.000,4,4.000,2.763,127,false,153.110,48.000,false
39.000,0,1.000,0.704,36,false,41.514,9.600,false
39.000,1,1.000,1.921,52,false,69.682,16.800,true
39.000,2,3.000,1.831,79,false,95.790,25.200,false
39.000,3,5.000,3.219,104,false,134.666,36.000,false
39.000,4,2.000,2.534,129,false,152.820,48.000,false
40.000,0,0.000,0.493,36,false,39.403,9.600,false
40.000,1,2.000,1.944,43,false,70.920,16.800,true
40.000,2,5.000,2.782,83,false,109.296,25.200,true
40.000,3,1.000,2.553,105,false,129.009,36.000,false
40.000,4,5.000,3.274,134,false,165.217,48.000,false
41.000,0,0.000,0.345,46,false,47.925,9.600,false
41.000,1,0.000,1.361,43,false,55.087,16.800,false
41.000,2,0.000,1.947,83,false,100.950,25.200,false
41.000,3,1.000,2.087,106,false,125.349,36.000,false
41.000,4,2.000,2.892,136,false,163.395,48.000,false
42.000,0,2.000,0.841,48,false,54.890,9.600,false
42.000,1,3.000,1.853,46,false,63.004,16.800,true
42.000,2,1.000,1.663,84,false,99.108,25.200,false
42.000,3,3.000,2.361,109,false,131.087,36.000,false
42.000,4,3.000,2.924,139,false,166.719,48.000,false
43.000,0,1.000,0.889,49,false,56.366,9.600,false
43.000,1,4.000,2.497,50,false,73.445,16.800,true
43.000,2,0.000,1.164,84,false,94.118,25.200,false
43.000,3,4.000,2.853,113,false,140.004,36.000,false
43.000,4,4.000,3.247,143,false,173.946,48.000,false
44.000,0,1.000,0.922,50,false,57.699,9.600,false
44.000,1,0.000,1.748,50,false,65.955,16.800,true
44.000,2,3.000,1.715,87,false,102.626,25.200,false
44.000,3,2.000,2.597,115,false,139.446,36.000,false
44.000,4,3.000,3.173,146,false,176.205,48.000,false
45.000,0,0.000,0.646,50,false,54.932,9.600,false
45.000,1,3.000,2.123,53,false,72.711,16.800,true
45.000,2,1.000,1.500,88,false,101.481,25.200,false
45.000,3,4.000,3.018,119,false,147.655,36.000,false
45.000,4,5.000,3.721,151,false,186.687,48.000,false
46.000,0,1.000,0.752,51,false,56.995,9.600,false
46.000,1,1.000,1.786,54,false,70.341,16.800,true
46.000,2,1.000,1.350,89,false,100.979,25.200,false
46.000,3,3.000,3.013,122,false,150.601,36.000,false
46.000,4,4.000,3.805,155,false,191.523,48.000,false
47.000,0,2.000,1.126,43,false,62.740,9.600,true
47.000,1,3.000,2.151,67,false,86.981,16.800,true
47.000,2,5.000,2.445,94,false,116.928,25.200,false
47.000,3,2.000,2.709,124,false,149.564,36.000,false
47.000,4,1.000,2.963,155,false,183.109,48.000,false
48.000,0,1.000,1.088,44,false,53.361,9.600,true
48.000,1,0.000,1.505,66,false,79.530,16.800,false
48.000,2,1.000,2.012,95,false,113.593,25.200,false
48.000,3,3.000,2.796,127,false,153.437,36.000,false
48.000,4,8.000,4.474,163,false,206.219,48.000,false
49.000,0,0.000,0.762,44,false,50.095,9.600,false
49.000,1,5.000,2.554,71,false,95.014,16.800,true
49.000,2,1.000,1.708,96,false,111.558,25.200,false
49.000,3,2.000,2.557,128,false,152.049,36.000,false
49.000,4,3.000,4.032,166,false,204.796,48.000,false
50.000,0,0.000,0.533,44,false,47.810,9.600,false
50.000,1,4.000,2.988,75,false,103.352,16.800,true
50.000,2,4.000,2.396,100,false,122.433,25.200,false
50.000,3,4.000,2.990,132,false,160.377,36.000,false
50.000,4,10.000,5.822,176,false,232.700,48.000,true
51.000,0,0.000,0.373,44,false,46.210,9.600,false
51.000,1,1.000,2.391,76,false,98.390,16.800,true
51.000,2,5.000,3.177,95,false,135.246,25.200,true
51.000,3,4.000,3.293,136,false,167.407,36.000,false
51.000,4,5.000,5.576,181,false,235.233,48.000,true
52.000,0,0.000,0.261,54,false,55.090,9.600,false
52.000,1,0.000,1.674,76,false,91.216,16.800,false
52.000,2,2.000,2.824,97,false,123.715,25.200,true
52.000,3,2.000,2.905,138,false,165.528,36.000,false
52.000,4,0.000,3.903,180,false,217.506,48.000,false
53.000,0,2.000,0.783,56,false,62.306,9.600,false
53.000,1,1.000,1.472,76,false,89.194,16.800,false
53.000,2,4.000,3.177,101,false,131.243,25.200,true
53.000,3,3.000,2.934,141,false,168.812,36.000,false
53.000,4,1.000,3.032,181,false,209.797,48.000,false
54.000,0,1.000,0.848,57,false,63.957,9.600,false
54.000,1,1.000,1.330,77,false,88.778,16.800,false
54.000,2,0.000,2.224,101,false,121.713,25.200,false
54.000,3,4.000,3.254,145,false,176.011,36.000,false
54.000,4,5.000,3.622,186,false,220.701,48.000,false
55.000,0,1.000,0.894,58,false,65.413,9.600,false
55.000,1,3.000,1.831,80,false,96.788,16.800,true
55.000,2,1.000,1.857,101,false,118.042,25.200,false
55.000,3,1.000,2.577,146,false,170.251,36.000,false
55.000,4,4.000,3.736,190,false,225.833,48.000,false
56.000,0,1.000,0.926,58,false,65.732,9.600,false
56.000,1,3.000,2.182,83,false,103.294,16.800,true
56.000,2,4.000,2.500,105,false,128.472,25.200,false
56.000,3,2.000,2.404,148,false,170.518,36.000,false
56.000,4,8.000,5.015,188,false,246.626,48.000,true
57.000,0,1.000,0.948,69,false,76.955,9.600,false
57.000,1,1.000,1.827,84,false,100.749,16.800,true
57.000,2,3.000,2.650,108,false,132.974,25.200,true
57.000,3,2.000,2.283,150,false,171.306,36.000,false
57.000,4,2.000,4.111,190,false,229.581,48.000,false
58.000,0,0.000,0.664,69,false,74.111,9.600,false
58.000,1,1.000,1.579,85,false,99.267,16.800,false
58.000,2,4.000,3.055,112,false,141.024,25.200,true
58.000,3,1.000,1.898,151,false,168.457,36.000,false
58.000,4,4.000,4.077,194,false,233.250,48.000,false
59.000,0,1.000,0.764,70,false,76.121,9.600,false
59.000,1,1.000,1.405,86,false,98.530,16.800,false
59.000,2,3.000,3.038,114,false,142.860,25.200,true
59.000,3,0.000,1.329,151,false,162.763,36.000,false
59.000,4,4.000,4.054,198,false,237.018,48.000,false
60.000,0,2.000,1.135,72,false,81.827,9.600,true
60.000,1,2.000,1.584,87,false,101.314,16.800,false
60.000,2,2.000,2.727,116,false,141.745,25.200,true
60.000,3,1.000,1.230,152,false,162.777,36.000,false
60.000,4,4.000,4.038,202,false,240.855,48.000,false
61.000,0,1.000,1.095,72,false,81.422,9.600,true
61.000,1,2.000,1.709,89,false,104.562,16.800,true
61.000,2,3.000,2.809,119,false,145.564,25.200,true
61.000,3,3.000,1.761,155,false,171.087,36.000,false
61.000,4,3.000,3.727,205,false,240.742,48.000,false
62.000,0,0.000,0.766,72,false,78.138,9.600,false
62.000,1,1.000,1.496,90,false,103.437,16.800,false
62.000,2,1.000,2.266,120,false,141.138,25.200,false
62.000,3,2.000,1.833,157,false,173.803,36.000,false
62.000,4,2.000,3.209,207,false,237.562,48.000,false
63.000,0,2.000,1.136,74,false,83.840,9.600,true
63.000,1,1.000,1.347,91,false,102.948,16.800,false
63.000,2,2.000,2.186,122,false,142.339,25.200,false
63.000,3,2.000,1.883,159,false,176.305,36.000,false
63.000,4,5.000,3.746,212,false,247.936,48.000,false
64.000,0,2.000,1.395,76,false,88.431,9.600,true
64.000,1,0.000,0.943,91,false,98.907,16.800,false
64.000,2,3.000,2.430,124,false,146.780,25.200,false
64.000,3,2.000,1.918,161,false,178.657,36.000,false
64.000,4,2.000,3.222,213,false,243.698,48.000,false
65.000,0,0.000,0.977,76,false,84.244,9.600,true
65.000,1,1.000,0.960,92,false,100.078,16.800,false
65.000,2,2.000,2.301,126,false,147.489,25.200,false
65.000,3,3.000,2.243,163,false,183.902,36.000,false
65.000,4,5.000,3.756,218,false,254.032,48.000,false
66.000,0,2.000,1.284,78,false,89.314,9.600,true
66.000,1,1.000,0.972,93,false,101.197,16.800,false
66.000,2,4.000,2.811,130,false,156.585,25.200,true
66.000,3,2.000,2.170,165,false,185.175,36.000,false
66.000,4,6.000,4.429,224,false,266.765,48.000,false
67.000,0,0.000,0.899,78,false,85.463,9.600,false
67.000,1,1.000,0.980,93,false,101.281,16.800,false
67.000,2,1.000,2.268,131,false,152.153,25.200,false
67.000,3,6.000,3.319,171,false,202.665,36.000,false
67.000,4,5.000,4.600,229,false,273.478,48.000,false
68.000,0,1.000,0.929,79,false,86.767,9.600,false
68.000,1,1.000,0.986,94,false,102.339,16.800,false
68.000,2,0.000,1.587,131,false,145.350,25.200,false
68.000,3,5.000,3.823,165,false,211.708,36.000,true
68.000,4,2.000,3.820,231,false,267.678,48.000,false
69.000,0,2.000,1.250,91,false,101.980,9.600,true
69.000,1,2.000,1.290,96,false,107.380,16.800,false
69.000,2,2.000,1.711,133,false,148.588,25.200,false
69.000,3,4.000,3.876,169,false,206.239,36.000,true
69.000,4,3.000,3.574,234,false,268.217,48.000,false
70.000,0,2.000,1.475,93,false,106.229,9.600,true
70.000,1,1.000,1.203,97,false,107.509,16.800,false
70.000,2,2.000,1.798,135,false,151.454,25.200,false
70.000,3,2.000,3.313,171,false,202.610,36.000,false
70.000,4,2.000,3.102,236,false,265.495,48.000,false
71.000,0,0.000,1.033,93,false,101.803,9.600,true
71.000,1,2.000,1.442,99,false,111.899,16.800,false
71.000,2,2.000,1.858,137,false,154.061,25.200,false
71.000,3,1.000,2.619,172,false,196.670,36.000,false
71.000,4,5.000,3.671,240,false,275.189,48.000,false
72.000,0,2.000,1.323,95,false,106.705,9.600,true
72.000,1,0.000,1.010,99,false,107.572,16.800,false
72.000,2,2.000,1.901,139,false,156.485,25.200,false
72.000,3,2.000,2.434,174,false,196.812,36.000,false
72.000,4,7.000,4.670,247,false,292.175,48.000,false
73.000,0,0.000,0.926,95,false,102.736,9.600,false
73.000,1,2.000,1.307,100,false,111.544,16.800,false
73.000,2,2.000,1.931,141,false,158.783,25.200,false
73.000,3,1.000,2.003,175,false,193.511,36.000,false
73.000,4,3.000,4.169,250,false,290.166,48.000,false
74.000,0,0.000,0.648,94,false,98.958,9.600,false
74.000,1,1.000,1.215,101,false,111.623,16.800,false
74.000,2,2.000,1.951,143,false,160.991,25.200,false
74.000,3,3.000,2.302,178,false,199.501,36.000,false
74.000,4,4.000,4.118,254,false,293.659,48.000,false
75.000,0,0.000,0.454,94,false,97.014,9.600,false
75.000,1,2.000,1.450,103,false,115.979,16.800,false
75.000,2,7.000,3.466,150,false,183.136,25.200,true
75.000,3,4.000,2.812,182,false,208.593,36.000,false
75.000,4,4.000,4.083,258,false,297.304,48.000,false
76.000,0,2.000,0.918,96,false,103.652,9.600,false
76.000,1,0.000,1.015,103,false,111.628,16.800,false
76.000,2,3.000,3.326,153,false,184.738,25.200,true
76.000,3,3.000,2.868,184,false,211.158,36.000,false
76.000,4,1.000,3.158,258,false,288.056,48.000,false
77.000,0,1.000,0.942,96,false,103.900,9.600,false
77.000,1,4.000,1.911,107,false,124.583,16.800,true
77.000,2,5.000,3.828,158,false,194.760,25.200,true
77.000,3,5.000,3.508,189,false,222.554,36.000,false
77.000,4,1.000,2.511,259,false,282.582,48.000,false
78.000,0,0.000,0.660,96,false,101.073,9.600,false
78.000,1,2.000,1.937,109,false,126.851,16.800,true
78.000,2,2.000,3.280,160,false,191.275,25.200,true
78.000,3,4.000,3.655,193,false,228.030,36.000,true
78.000,4,3.000,2.657,262,false,287.050,48.000,false
79.000,0,1.000,0.762,97,false,103.094,9.600,false
79.000,1,0.000,1.356,109,false,121.038,16.800,false
79.000,2,2.000,2.896,162,false,189.435,25.200,true
79.000,3,4.000,3.759,197,false,233.064,36.000,true
79.000,4,8.000,4.260,269,false,310.078,48.000,false
80.000,0,0.000,0.533,97,false,100.808,9.600,false
80.000,1,1.000,1.249,109,false,119.970,16.800,false
80.000,2,3.000,2.927,165,false,192.747,25.200,true
80.000,3,4.000,3.831,200,false,236.788,36.000,true
80.000,4,5.000,4.482,274,false,317.297,48.000,false
81.000,0,1.000,0.673,98,false,103.209,9.600,false
81.000,1,1.000,1.175,110,false,120.222,16.800,false
81.000,2,5.000,3.549,170,false,203.966,25.200,true
81.000,3,3.000,3.582,203,false,237.294,36.000,false
81.000,4,3.000,4.037,277,false,315.851,48.000,false
82.000,0,1.000,0.771,99,false,105.189,9.600,false
82.000,1,1.000,1.122,111,false,120.698,16.800,false
82.000,2,2.000,3.084,172,false,201.319,25.200,true
82.000,3,4.000,3.707,207,false,242.549,36.000,true
82.000,4,5.000,4.326,282,false,323.739,48.000,false
83.000,0,1.000,0.840,100,false,106.875,9.600,false
83.000,1,3.000,1.686,104,false,129.331,16.800,true
83.000,2,1.000,2.459,173,false,196.066,25.200,false
83.000,3,4.000,3.795,211,false,247.427,36.000,true
83.000,4,2.000,3.628,284,false,318.760,48.000,false
84.000,0,1.000,0.888,110,false,117.355,9.600,false
84.000,1,1.000,1.480,105,false,118.275,16.800,false
84.000,2,1.000,2.021,174,false,192.689,25.200,false
84.000,3,2.000,3.257,213,false,244.042,36.000,false
84.000,4,4.000,3.740,287,false,322.875,48.000,false
85.000,0,1.000,0.922,111,false,118.692,9.600,false
85.000,1,2.000,1.636,107,false,121.835,16.800,false
85.000,2,5.000,2.915,179,false,206.625,25.200,true
85.000,3,5.000,3.780,218,false,254.272,36.000,true
85.000,4,5.000,4.118,292,false,331.655,48.000,false
86.000,0,1.000,0.945,112,false,119.927,9.600,false
86.000,1,0.000,1.145,107,false,116.928,16.800,false
86.000,2,1.000,2.340,180,false,201.881,25.200,false
86.000,3,3.000,3.546,221,false,254.933,36.000,false
86.000,4,2.000,3.483,294,false,327.301,48.000,false
87.000,0,0.000,0.662,112,false,117.092,9.600,false
87.000,1,3.000,1.702,109,false,124.492,16.800,true
87.000,2,2.000,2.238,181,false,201.859,25.200,false
87.000,3,4.000,3.682,225,false,260.296,36.000,true
87.000,4,2.000,3.038,296,false,324.854,48.000,false
88.000,0,1.000,0.763,113,false,119.107,9.600,false
88.000,1,2.000,1.791,111,false,127.387,16.800,true
88.000,2,3.000,2.467,184,false,207.144,25.200,false
88.000,3,6.000,4.377,231,false,273.250,36.000,true
88.000,4,8.000,4.526,303,false,346.741,48.000,false
89.000,0,0.000,0.534,112,false,115.818,9.600,false
89.000,1,5.000,2.754,116,false,142.014,16.800,true
89.000,2,0.000,1.727,184,false,199.744,25.200,false
89.000,3,4.000,4.264,235,false,276.118,36.000,true
89.000,4,0.000,3.169,303,false,333.161,48.000,false
90.000,0,0.000,0.374,112,false,114.215,9.600,false
90.000,1,0.000,1.928,115,false,132.753,16.800,true
90.000,2,0.000,1.209,184,false,194.564,25.200,false
90.000,3,4.000,4.185,239,false,279.325,36.000,true
90.000,4,5.000,3.718,308,false,343.656,48.000,false
91.000,0,2.000,0.862,114,false,121.094,9.600,false
91.000,1,3.000,2.249,118,false,138.970,16.800,true
91.000,2,1.000,1.146,185,false,194.937,25.200,false
91.000,3,0.000,2.929,239,false,266.771,36.000,false
91.000,4,3.000,3.503,311,false,344.502,48.000,false
92.000,0,1.000,0.903,115,false,122.508,9.600,false
92.000,1,1.000,1.875,119,false,136.222,16.800,true
92.000,2,2.000,1.402,186,false,198.499,25.200,false
92.000,3,2.000,2.651,241,false,265.982,36.000,false
92.000,4,2.000,3.052,312,false,340.994,48.000,false
93.000,0,0.000,0.632,115,false,119.799,9.600,false
93.000,1,2.000,1.912,121,false,138.598,16.800,true
93.000,2,0.000,0.982,186,false,194.292,25.200,false
93.000,3,2.000,2.455,243,false,266.030,36.000,false
93.000,4,5.000,3.636,317,false,351.839,48.000,false
94.000,0,1.000,0.743,116,false,121.902,9.600,false
94.000,1,1.000,1.639,122,false,136.861,16.800,false
94.000,2,0.000,0.687,186,false,191.347,25.200,false
94.000,3,4.000,2.919,246,false,273.664,36.000,false
94.000,4,0.000,2.545,317,false,340.930,48.000,false
95.000,0,0.000,0.520,116,false,119.674,9.600,false
95.000,1,0.000,1.147,122,false,131.946,16.800,false
95.000,2,0.000,0.481,186,false,189.286,25.200,false
95.000,3,5.000,3.543,251,false,284.908,36.000,false
95.000,4,0.000,1.782,317,false,333.294,48.000,false
96.000,0,1.000,0.664,117,false,122.115,9.600,false
96.000,1,2.000,1.403,123,false,135.505,16.800,false
96.000,2,2.000,0.937,188,false,195.843,25.200,false
96.000,3,6.000,4.280,257,false,298.278,36.000,true
96.000,4,6.000,3.047,322,false,350.949,48.000,false
97.000,0,0.000,0.465,116,false,119.123,9.600,false
97.000,1,4.000,2.182,127,false,147.296,16.800,true
97.000,2,2.000,1.256,190,false,201.033,25.200,false
97.000,3,2.000,3.596,259,false,293.438,36.000,false
97.000,4,2.000,2.733,324,false,349.807,48.000,false
98.000,0,0.000,0.325,116,false,117.729,9.600,false
98.000,1,1.000,1.827,128,false,144.750,16.800,true
98.000,2,3.000,1.779,193,false,209.266,25.200,false
98.000,3,3.000,3.417,262,false,294.649,36.000,false
98.000,4,2.000,2.513,326,false,349.608,48.000,false
99.000,0,1.000,0.528,117,false,120.753,9.600,false
99.000,1,1.000,1.579,129,false,143.268,16.800,false
99.000,2,5.000,2.745,187,false,222.929,25.200,true
99.000,3,1.000,2.692,262,false,287.397,36.000,false
99.000,4,5.000,3.259,331,false,362.068,48.000,false
100.000,0,0.000,0.369,127,false,129.170,9.600,false
100.000,1,1.000,1.405,130,false,142.531,16.800,false
100.000,2,3.000,2.822,190,false,216.693,25.200,true
100.000,3,4.000,3.084,266,false,295.321,36.000,false
100.000,4,4.000,3.481,335,false,368.291,48.000,false
101.000,0,1.000,0.559,127,false,131.062,9.600,false
101.000,1,0.000,0.984,130,false,138.314,16.800,false
101.000,2,3.000,2.875,193,false,220.228,25.200,true
101.000,3,6.000,3.959,272,false,310.068,36.000,true
101.000,4,9.000,5.137,334,false,393.846,48.000,true
102.000,0,0.000,0.391,134,false,136.386,9.600,false
102.000,1,1.000,0.989,134,false,142.363,16.800,false
102.000,2,2.000,2.613,195,false,219.603,25.200,true
102.000,3,2.000,3.371,274,false,306.190,36.000,false
102.000,4,1.000,3.896,335,false,372.435,48.000,false
103.000,0,1.000,0.574,135,false,139.213,9.600,false
103.000,1,3.000,1.592,136,false,150.397,16.800,false
103.000,2,2.000,2.429,196,false,218.765,25.200,false
103.000,3,5.000,3.860,279,false,316.076,36.000,true
103.000,4,3.000,3.627,337,false,371.748,48.000,false
104.000,0,1.000,0.702,136,false,141.492,9.600,false
104.000,1,0.000,1.114,136,false,145.621,16.800,false
104.000,2,1.000,2.000,197,false,215.478,25.200,false
104.000,3,1.000,3.002,280,false,308.496,36.000,false
104.000,4,7.000,4.639,344,false,388.866,48.000,false
105.000,0,1.000,0.791,137,false,143.387,9.600,false
105.000,1,0.000,0.780,136,false,142.277,16.800,false
105.000,2,4.000,2.600,201,false,225.478,25.200,true
105.000,3,3.000,3.001,283,false,311.490,36.000,false
105.000,4,1.000,3.547,345,false,378.949,48.000,false
106.000,0,2.000,1.154,129,false,149.014,9.600,true
106.000,1,1.000,0.846,146,false,152.937,16.800,false
106.000,2,1.000,2.120,202,false,221.677,25.200,false
106.000,3,2.000,2.701,284,false,309.486,36.000,false
106.000,4,1.000,2.783,346,false,372.307,48.000,false
107.000,0,0.000,0.808,129,false,135.553,9.600,false
107.000,1,1.000,0.892,147,false,154.399,16.800,false
107.000,2,2.000,2.084,204,false,223.317,25.200,false
107.000,3,6.000,3.691,290,false,325.383,36.000,true
107.000,4,2.000,2.548,348,false,371.958,48.000,false
108.000,0,2.000,1.165,131,false,141.130,9.600,true
108.000,1,1.000,0.925,148,false,155.722,16.800,false
108.000,2,0.000,1.459,204,false,217.065,25.200,false
108.000,3,2.000,3.183,292,false,322.311,36.000,false
108.000,4,4.000,2.984,351,false,379.313,48.000,false
109.000,0,0.000,0.816,131,false,137.634,9.600,false
109.000,1,0.000,0.647,148,false,152.948,16.800,false
109.000,2,1.000,1.321,205,false,216.688,25.200,false
109.000,3,1.000,2.528,293,false,316.761,36.000,false
109.000,4,3.000,2.989,354,false,382.362,48.000,false
110.000,0,1.000,0.871,132,false,139.186,9.600,false
110.000,1,1.000,0.753,148,false,154.007,16.800,false
110.000,2,7.000,3.025,211,false,239.725,25.200,true
110.000,3,4.000,2.970,297,false,325.175,36.000,false
110.000,4,2.000,2.692,356,false,381.396,48.000,false
111.000,0,2.000,1.210,134,false,144.573,9.600,true
111.000,1,2.000,1.127,150,false,159.747,16.800,false
111.000,2,1.000,2.417,212,false,234.650,25.200,false
111.000,3,1.000,2.379,298,false,320.266,36.000,false
111.000,4,8.000,4.284,363,false,404.320,48.000,false
112.000,0,0.000,0.847,133,false,139.944,9.600,false
112.000,1,1.000,1.089,151,false,160.366,16.800,false
112.000,2,4.000,2.892,216,false,243.398,25.200,true
112.000,3,2.000,2.265,300,false,321.129,36.000,false
112.000,4,3.000,3.899,366,false,403.467,48.000,false
113.000,0,1.000,0.893,134,false,141.404,9.600,false
113.000,1,0.000,0.762,151,false,157.099,16.800,false
113.000,2,1.000,2.325,217,false,238.721,25.200,false
113.000,3,1.000,1.886,301,false,318.333,36.000,false
113.000,4,3.000,3.629,369,false,403.770,48.000,false
114.000,0,0.000,0.625,134,false,138.726,9.600,false
114.000,1,0.000,0.534,151,false,154.812,16.800,false
114.000,2,3.000,2.527,220,false,243.748,25.200,true
114.000,3,2.000,1.920,303,false,320.676,36.000,false
114.000,4,5.000,4.041,374,false,412.882,48.000,false
115.000,0,2.000,1.037,136,false,144.851,9.600,true
115.000,1,0.000,0.374,151,false,153.211,16.800,false
115.000,2,2.000,2.369,222,false,244.166,25.200,false
115.000,3,2.000,1.944,305,false,322.916,36.000,false
115.000,4,5.000,4.328,379,false,420.760,48.000,false
116.000,0,0.000,0.726,136,false,141.738,9.600,false
116.000,1,1.000,0.561,152,false,156.091,16.800,false
116.000,2,1.000,1.958,222,false,240.059,25.200,false
116.000,3,4.000,2.561,309,false,333.084,36.000,false
116.000,4,2.000,3.630,381,false,415.775,48.000,false
117.000,0,2.000,1.108,138,false,147.560,9.600,true
117.000,1,2.000,0.993,154,false,162.406,16.800,false
117.000,2,0.000,1.371,222,false,234.184,25.200,false
117.000,3,2.000,2.393,311,false,333.402,36.000,false
117.000,4,4.000,3.741,385,false,420.885,48.000,false
118.000,0,0.000,0.776,138,false,144.235,9.600,false
118.000,1,2.000,1.295,156,false,167.427,16.800,false
118.000,2,3.000,1.860,225,false,242.072,25.200,false
118.000,3,2.000,2.275,312,false,333.224,36.000,false
118.000,4,1.000,2.919,385,false,412.663,48.000,false
119.000,0,0.000,0.543,138,false,141.907,9.600,false
119.000,1,1.000,1.207,157,false,167.542,16.800,false
119.000,2,1.000,1.602,226,false,240.493,25.200,false
119.000,3,3.000,2.492,315,false,338.400,36.000,false
119.000,4,3.000,2.943,388,false,415.907,48.000,false
120.000,0,3.000,1.280,141,false,152.278,9.600,true
120.000,1,2.000,1.445,158,false,170.922,16.800,false
120.000,2,3.000,2.021,229,false,247.688,25.200,false
120.000,3,0.000,1.745,315,false,330.923,36.000,false
120.000,4,6.000,3.860,394,false,431.078,48.000,false
121.000,0,3.000,1.796,143,false,159.437,9.600,true
121.000,1,1.000,1.311,159,false,170.588,16.800,false
121.000,2,2.000,2.015,231,false,249.625,25.200,false
121.000,3,2.000,1.821,317,false,333.689,36.000,false
121.000,4,6.000,4.502,400,false,443.497,48.000,false
122.000,0,1.000,1.557,144,false,158.049,9.600,true
122.000,1,2.000,1.518,161,false,174.655,16.800,false
122.000,2,2.000,2.010,233,false,251.580,25.200,false
122.000,3,4.000,2.475,321,false,344.225,36.000,false
122.000,4,8.000,5.551,408,false,461.991,48.000,true
123.000,0,0.000,1.090,144,false,153.377,9.600,true
123.000,1,1.000,1.363,162,false,174.101,16.800,false
123.000,2,0.000,1.407,233,false,245.549,25.200,false
123.000,3,1.000,2.032,322,false,340.800,36.000,false
123.000,4,5.000,5.386,413,false,465.336,48.000,true
124.000,0,1.000,1.063,145,false,154.107,9.600,true
124.000,1,1.000,1.254,163,false,174.014,16.800,false
124.000,2,1.000,1.285,234,false,245.327,25.200,false
124.000,3,4.000,2.623,326,false,350.703,36.000,false
124.000,4,6.000,5.570,419,false,473.178,48.000,true
125.000,0,2.000,1.344,147,false,158.918,9.600,true
125.000,1,1.000,1.178,163,false,173.252,16.800,false
125.000,2,3.000,1.800,237,false,253.472,25.200,false
125.000,3,1.000,2.136,327,false,346.835,36.000,false
125.000,4,4.000,5.099,422,false,471.468,48.000,true
126.000,0,0.000,0.941,146,false,153.885,9.600,false
126.000,1,2.000,1.424,165,false,177.720,16.800,false
126.000,2,2.000,1.860,238,false,255.073,25.200,false
126.000,3,3.000,2.395,330,false,352.427,36.000,false
126.000,4,4.000,4.769,426,false,472.170,48.000,false
127.000,0,0.000,0.659,146,false,151.063,9.600,false
127.000,1,1.000,1.297,166,false,177.447,16.800,false
127.000,2,2.000,1.902,240,false,257.494,25.200,false
127.000,3,3.000,2.577,333,false,357.242,36.000,false
127.000,4,6.000,5.139,432,false,481.862,48.000,true
128.000,0,0.000,0.461,146,false,149.087,9.600,false
128.000,1,1.000,1.208,167,false,177.555,16.800,false
128.000,2,3.000,2.231,243,false,263.789,25.200,false
128.000,3,9.000,4.504,332,false,385.512,36.000,true
128.000,4,1.000,3.897,433,false,470.446,48.000,false
129.000,0,1.000,0.623,157,false,161.703,9.600,false
129.000,1,2.000,1.446,169,false,181.932,16.800,false
129.000,2,1.000,1.862,244,false,261.095,25.200,false
129.000,3,1.000,3.453,333,false,366.001,36.000,false
129.000,4,10.000,5.728,443,false,498.755,48.000,true
130.000,0,1.000,0.736,158,false,163.835,9.600,false
130.000,1,2.000,1.612,171,false,185.595,16.800,false
130.000,2,1.000,1.603,245,false,259.509,25.200,false
130.000,3,2.000,3.017,334,false,362.644,36.000,false
130.000,4,1.000,4.310,444,false,485.572,48.000,false
131.000,0,1.000,0.815,159,false,165.628,9.600,false
131.000,1,3.000,2.028,164,false,192.759,16.800,true
131.000,2,6.000,2.922,250,false,277.699,25.200,true
131.000,3,4.000,3.312,338,false,369.594,36.000,false
131.000,4,6.000,4.817,450,false,496.643,48.000,true
132.000,0,0.000,0.571,169,false,173.182,9.600,false
132.000,1,2.000,2.020,166,false,184.674,16.800,true
132.000,2,2.000,2.646,252,false,276.932,25.200,true
132.000,3,4.000,3.518,342,false,375.658,36.000,false
132.000,4,4.000,4.572,454,false,498.193,48.000,false
133.000,0,3.000,1.299,172,false,183.470,9.600,true
133.000,1,1.000,1.714,166,false,181.615,16.800,true
133.000,2,1.000,2.152,253,false,272.996,25.200,false
133.000,3,4.000,3.663,346,false,381.104,36.000,true
133.000,4,4.000,4.400,458,false,500.478,48.000,false
134.000,0,2.000,1.510,173,false,186.572,9.600,true
134.000,1,2.000,1.800,168,false,184.473,16.800,true
134.000,2,3.000,2.406,256,false,278.540,25.200,false
134.000,3,1.000,2.864,347,false,374.115,36.000,false
134.000,4,8.000,5.480,466,false,519.277,48.000,true
135.000,0,0.000,1.057,173,false,182.043,9.600,true
135.000,1,0.000,1.260,168,false,179.074,16.800,false
135.000,2,5.000,3.184,261,false,291.321,25.200,true
135.000,3,4.000,3.205,351,false,381.524,36.000,false
135.000,4,7.000,5.936,473,false,530.837,48.000,true
136.000,0,0.000,0.740,173,false,178.873,9.600,false
136.000,1,0.000,0.882,168,false,175.295,16.800,false
136.000,2,3.000,3.129,263,false,292.767,25.200,true
136.000,3,2.000,2.843,353,false,379.909,36.000,false
136.000,4,2.000,4.755,475,false,521.029,48.000,false
137.000,0,2.000,1.118,175,false,184.654,9.600,true
137.000,1,2.000,1.217,170,false,180.649,16.800,false
137.000,2,2.000,2.790,265,false,291.380,25.200,true
137.000,3,5.000,3.490,358,false,391.379,36.000,false
137.000,4,3.000,4.229,478,false,518.763,48.000,false
138.000,0,1.000,1.082,176,false,185.301,9.600,true
138.000,1,1.000,1.152,171,false,180.997,16.800,false
138.000,2,1.000,2.253,266,false,287.009,25.200,false
138.000,3,4.000,3.643,362,false,396.908,36.000,true
138.000,4,3.000,3.860,481,false,518.077,48.000,false
139.000,0,0.000,0.758,176,false,182.053,9.600,false
139.000,1,2.000,1.406,172,false,184.541,16.800,false
139.000,2,3.000,2.477,269,false,292.249,25.200,false
139.000,3,3.000,3.450,365,false,397.979,36.000,false
139.000,4,2.000,3.302,483,false,514.497,48.000,false
140.000,0,2.000,1.130,178,false,187.780,9.600,true
140.000,1,3.000,1.885,175,false,192.322,16.800,true
140.000,2,3.000,2.634,262,false,296.817,25.200,true
140.000,3,6.000,4.215,371,false,411.628,36.000,true
140.000,4,2.000,2.911,485,false,512.591,48.000,false
141.000,0,1.000,1.091,182,false,191.389,9.600,true
141.000,1,3.000,2.219,184,false,204.668,16.800,true
141.000,2,1.000,2.144,263,false,282.915,25.200,false
141.000,3,3.000,3.851,374,false,410.982,36.000,true
141.000,4,4.000,3.238,489,false,519.856,48.000,false
142.000,0,0.000,0.764,182,false,188.115,9.600,false
142.000,1,2.000,2.153,186,false,206.010,16.800,true
142.000,2,1.000,1.801,264,false,280.483,25.200,false
142.000,3,4.000,3.895,378,false,415.431,36.000,true
142.000,4,7.000,4.367,496,false,538.142,48.000,false
143.000,0,1.000,0.835,183,false,189.823,9.600,false
143.000,1,0.000,1.507,186,false,199.550,16.800,false
143.000,2,3.000,2.160,267,false,287.081,25.200,false
143.000,3,5.000,4.227,383,false,423.744,36.000,true
143.000,4,7.000,5.157,492,false,552.042,48.000,true
144.000,0,1.000,0.884,191,false,198.319,9.600,false
144.000,1,0.000,1.055,189,false,198.028,16.800,false
144.000,2,3.000,2.412,270,false,292.600,25.200,false
144.000,3,1.000,3.259,384,false,415.064,36.000,false
144.000,4,9.000,6.310,501,false,562.573,48.000,true
145.000,0,1.000,0.919,192,false,199.666,9.600,false
145.000,1,1.000,1.039,190,false,198.862,16.800,false
145.000,2,4.000,2.889,274,false,301.363,25.200,true
145.000,3,3.000,3.181,387,false,417.288,36.000,false
145.000,4,4.000,5.617,505,false,559.644,48.000,true
146.000,0,1.000,0.943,193,false,200.909,9.600,false
146.000,1,0.000,0.727,190,false,195.747,16.800,false
146.000,2,1.000,2.322,275,false,296.697,25.200,false
146.000,3,2.000,2.827,388,false,414.744,36.000,false
146.000,4,6.000,5.732,511,false,566.793,48.000,true
147.000,0,2.000,1.260,185,false,206.079,9.600,true
147.000,1,3.000,1.409,202,false,214.565,16.800,false
147.000,2,3.000,2.525,277,false,300.731,25.200,true
147.000,3,4.000,3.179,392,false,422.264,36.000,false
147.000,4,2.000,4.612,512,false,556.598,48.000,false
148.000,0,1.000,1.182,186,false,196.298,9.600,true
148.000,1,1.000,1.286,203,false,214.339,16.800,false
148.000,2,1.000,2.068,278,false,297.154,25.200,false
148.000,3,5.000,3.725,397,false,432.727,36.000,true
148.000,4,7.000,5.329,519,false,570.762,48.000,true
149.000,0,1.000,1.128,186,false,195.752,9.600,true
149.000,1,0.000,0.900,203,false,210.480,16.800,false
149.000,2,2.000,2.047,280,false,298.951,25.200,false
149.000,3,4.000,3.808,401,false,437.552,36.000,true
149.000,4,3.000,4.630,522,false,566.776,48.000,false
150.000,0,1.000,1.089,187,false,196.369,9.600,true
150.000,1,1.000,0.930,204,false,211.779,16.800,false
150.000,2,2.000,2.033,281,false,299.808,25.200,false
150.000,3,1.000,2.965,402,false,430.129,36.000,false
150.000,4,6.000,5.041,527,false,575.886,48.000,true
151.000,0,0.000,0.763,187,false,193.101,9.600,false
151.000,1,0.000,0.651,204,false,208.988,16.800,false
151.000,2,1.000,1.723,282,false,297.709,25.200,false
151.000,3,3.000,2.976,405,false,433.233,36.000,false
151.000,4,6.000,5.329,533,false,584.763,48.000,true
152.000,0,1.000,0.834,188,false,194.814,9.600,false
152.000,1,1.000,0.756,204,false,210.034,16.800,false
152.000,2,4.000,2.406,286,false,308.539,25.200,false
152.000,3,8.000,4.483,413,false,456.306,36.000,true
152.000,4,8.000,6.130,541,false,600.777,48.000,true
153.000,0,2.000,1.184,190,false,200.312,9.600,true
153.000,1,1.000,0.829,205,false,211.767,16.800,false
153.000,2,4.000,2.884,290,false,317.320,25.200,true
153.000,3,2.000,3.738,415,false,450.857,36.000,true
153.000,4,3.000,5.191,544,false,594.387,48.000,true
154.000,0,1.000,1.129,190,false,199.762,9.600,true
154.000,1,0.000,0.580,205,false,209.280,16.800,false
154.000,2,4.000,3.219,294,false,324.667,25.200,true
154.000,3,1.000,2.917,415,false,442.643,36.000,false
154.000,4,4.000,4.834,548,false,594.814,48.000,true
155.000,0,1.000,1.090,191,false,200.376,9.600,true
155.000,1,2.000,1.006,207,false,215.539,16.800,false
155.000,2,0.000,2.253,293,false,314.010,25.200,false
155.000,3,2.000,2.642,417,false,441.893,36.000,false
155.000,4,3.000,4.284,551,false,592.312,48.000,false
156.000,0,1.000,1.063,192,false,201.106,9.600,true
156.000,1,2.000,1.304,209,false,220.520,16.800,false
156.000,2,4.000,2.777,297,false,323.250,25.200,true
156.000,3,2.000,2.449,419,false,441.968,36.000,false
156.000,4,5.000,4.499,556,false,599.462,48.000,false
157.000,0,1.000,1.044,193,false,201.917,9.600,true
157.000,1,1.000,1.213,209,false,219.607,16.800,false
157.000,2,2.000,2.544,299,false,322.918,25.200,true
157.000,3,2.000,2.314,421,false,442.620,36.000,false
157.000,4,4.000,4.349,560,false,601.966,48.000,false
158.000,0,0.000,0.731,192,false,197.785,9.600,false
158.000,1,2.000,1.449,211,false,223.968,16.800,false
158.000,2,2.000,2.381,301,false,323.285,25.200,false
158.000,3,3.000,2.520,424,false,447.677,36.000,false
158.000,4,1.000,3.344,561,false,592.919,48.000,false
159.000,0,1.000,0.812,193,false,199.592,9.600,false
159.000,1,1.000,1.314,212,false,223.620,16.800,false
159.000,2,4.000,2.867,305,false,332.142,25.200,true
159.000,3,2.000,2.364,426,false,448.117,36.000,false
159.000,4,5.000,3.841,566,false,602.886,48.000,false
160.000,0,3.000,1.468,196,false,209.157,9.600,true
160.000,1,3.000,1.820,215,false,231.677,16.800,true
160.000,2,3.000,2.907,308,false,335.543,25.200,true
160.000,3,2.000,2.255,427,false,448.025,36.000,false
160.000,4,3.000,3.589,569,false,603.363,48.000,false
161.000,0,0.000,1.028,195,false,203.753,9.600,true
161.000,1,1.000,1.574,215,false,229.217,16.800,false
161.000,2,2.000,2.635,310,false,334.823,25.200,true
161.000,3,2.000,2.178,429,false,449.260,36.000,false
161.000,4,7.000,4.612,576,false,620.597,48.000,false
162.000,0,2.000,1.319,197,false,208.670,9.600,true
162.000,1,2.000,1.702,217,false,232.495,16.800,true
162.000,2,3.000,2.744,313,false,338.919,25.200,true
162.000,3,3.000,2.425,432,false,454.725,36.000,false
162.000,4,4.000,4.428,579,false,621.761,48.000,false
163.000,0,0.000,0.924,197,false,204.712,9.600,false
163.000,1,0.000,1.191,217,false,227.389,16.800,false
163.000,2,5.000,3.421,318,false,350.686,25.200,true
163.000,3,3.000,2.597,435,false,459.450,36.000,false
163.000,4,2.000,3.700,581,false,616.475,48.000,false
164.000,0,0.000,0.646,197,false,201.941,9.600,false
164.000,1,0.000,0.834,217,false,223.815,16.800,false
164.000,2,2.000,2.995,320,false,348.423,25.200,true
164.000,3,3.000,2.718,437,false,462.658,36.000,false
164.000,4,2.000,3.190,583,false,613.376,48.000,false
165.000,0,1.000,0.753,198,false,204.002,9.600,false
165.000,1,0.000,0.584,216,false,220.313,16.800,false
165.000,2,1.000,2.396,321,false,343.439,25.200,false
165.000,3,4.000,3.103,441,false,470.504,36.000,false
165.000,4,5.000,3.733,588,false,623.806,48.000,false
166.000,0,1.000,0.827,199,false,205.744,9.600,false
166.000,1,0.000,0.409,216,false,218.562,16.800,false
166.000,2,0.000,1.677,321,false,336.250,25.200,false
166.000,3,3.000,3.072,444,false,473.195,36.000,false
166.000,4,7.000,4.713,595,false,640.607,48.000,false
167.000,0,0.000,0.579,199,false,203.264,9.600,false
167.000,1,1.000,0.586,217,false,221.336,16.800,false
167.000,2,2.000,1.774,323,false,339.218,25.200,false
167.000,3,3.000,3.050,447,false,475.980,36.000,false
167.000,4,5.000,4.799,600,false,646.468,48.000,false
168.000,0,0.000,0.405,199,false,201.527,9.600,false
168.000,1,2.000,1.010,219,false,227.578,16.800,false
168.000,2,1.000,1.542,324,false,337.895,25.200,false
168.000,3,3.000,3.035,449,false,477.829,36.000,false
168.000,4,1.000,3.659,601,false,636.070,48.000,false
169.000,0,0.000,0.284,199,false,200.312,9.600,false
169.000,1,1.000,1.007,220,false,228.548,16.800,false
169.000,2,2.000,1.679,326,false,341.270,25.200,false
169.000,3,1.000,2.425,450,false,472.723,36.000,false
169.000,4,2.000,3.162,603,false,633.092,48.000,false
170.000,0,0.000,0.199,199,false,199.461,9.600,false
170.000,1,2.000,1.305,222,false,233.526,16.800,false
170.000,2,1.000,1.476,326,false,339.232,25.200,false
170.000,3,1.000,1.997,451,false,469.449,36.000,false
170.000,4,2.000,2.813,604,false,630.607,48.000,false
171.000,0,0.000,0.139,199,false,198.866,9.600,false
171.000,1,0.000,0.914,222,false,229.611,16.800,false
171.000,2,4.000,2.233,330,false,350.805,25.200,false
171.000,3,4.000,2.598,454,false,478.457,36.000,false
171.000,4,2.000,2.569,606,false,630.168,48.000,false
172.000,0,1.000,0.397,199,false,201.449,9.600,false
172.000,1,3.000,1.539,225,false,238.871,16.800,false
172.000,2,2.000,2.163,332,false,352.106,25.200,false
172.000,3,0.000,1.819,454,false,470.663,36.000,false
172.000,4,2.000,2.398,608,false,630.460,48.000,false
173.000,0,2.000,0.878,201,false,208.257,9.600,false
173.000,1,0.000,1.078,225,false,234.252,16.800,false
173.000,2,4.000,2.714,336,false,361.617,25.200,true
173.000,3,7.000,3.373,461,false,493.207,36.000,false
173.000,4,2.000,2.279,610,false,631.265,48.000,false
174.000,0,0.000,0.615,201,false,205.623,9.600,false
174.000,1,0.000,0.754,225,false,231.020,16.800,false
174.000,2,3.000,2.800,339,false,365.475,25.200,true
174.000,3,1.000,2.661,461,false,486.088,36.000,false
174.000,4,5.000,3.095,614,false,643.428,48.000,false
175.000,0,0.000,0.430,200,false,202.779,9.600,false
175.000,1,1.000,0.828,226,false,232.757,16.800,false
175.000,2,4.000,3.160,342,false,372.075,25.200,true
175.000,3,4.000,3.063,465,false,494.104,36.000,false
175.000,4,2.000,2.767,616,false,642.143,48.000,false
176.000,0,0.000,0.301,200,false,201.488,9.600,false
176.000,1,2.000,1.180,228,false,238.272,16.800,false
176.000,2,4.000,3.412,346,false,378.596,25.200,true
176.000,3,2.000,2.744,467,false,492.916,36.000,false
176.000,4,4.000,3.137,620,false,649.843,48.000,false
177.000,0,2.000,0.811,202,false,208.584,9.600,false
177.000,1,2.000,1.426,229,false,241.734,16.800,false
177.000,2,3.000,3.288,349,false,380.360,25.200,true
177.000,3,6.000,3.721,463,false,508.684,36.000,true
177.000,4,7.000,4.296,627,false,668.433,48.000,false
178.000,0,0.000,0.568,212,false,216.152,9.600,false
178.000,1,0.000,0.998,229,false,237.456,16.800,false
178.000,2,0.000,2.302,349,false,370.495,25.200,false
178.000,3,4.000,3.805,466,false,502.522,36.000,true
178.000,4,4.000,4.207,631,false,671.546,48.000,false
179.000,0,1.000,0.697,213,false,218.449,9.600,false
179.000,1,1.000,0.999,230,false,238.462,16.800,false
179.000,2,5.000,3.111,353,false,382.589,25.200,true
179.000,3,2.000,3.263,468,false,499.108,36.000,false
179.000,4,2.000,3.545,633,false,666.925,48.000,false
180.000,0,1.000,0.788,214,false,220.357,9.600,false
180.000,1,3.000,1.599,233,false,247.466,16.800,false
180.000,2,1.000,2.478,354,false,377.255,25.200,false
180.000,3,5.000,3.784,473,false,509.318,36.000,true
180.000,4,5.000,3.981,638,false,676.290,48.000,false
181.000,0,0.000,0.552,213,false,216.993,9.600,false
181.000,1,3.000,2.019,225,false,253.669,16.800,true
181.000,2,3.000,2.635,347,false,381.822,25.200,true
181.000,3,4.000,3.849,477,false,513.966,36.000,true
181.000,4,8.000,5.187,645,false,695.346,48.000,true
182.000,0,0.000,0.386,229,false,231.338,9.600,false
182.000,1,3.000,2.314,232,false,253.611,16.800,true
182.000,2,5.000,3.344,352,false,383.918,25.200,true
182.000,3,4.000,3.894,480,false,517.419,36.000,true
182.000,4,3.000,4.531,648,false,691.785,48.000,false
183.000,0,0.000,0.270,229,false,230.179,9.600,false
183.000,1,0.000,1.619,232,false,246.671,16.800,false
183.000,2,3.000,3.241,355,false,385.885,25.200,true
183.000,3,5.000,4.226,485,false,525.736,36.000,true
183.000,4,1.000,3.472,649,false,682.192,48.000,false
184.000,0,0.000,0.189,229,false,229.368,9.600,false
184.000,1,3.000,2.034,235,false,253.812,16.800,true
184.000,2,2.000,2.869,356,false,383.163,25.200,true
184.000,3,4.000,4.158,489,false,529.058,36.000,true
184.000,4,7.000,4.530,655,false,698.778,48.000,false
185.000,0,1.000,0.432,230,false,232.801,9.600,false
185.000,1,0.000,1.424,235,false,247.712,16.800,false
185.000,2,1.000,2.308,357,false,378.557,25.200,false
185.000,3,4.000,4.111,493,false,532.584,36.000,true
185.000,4,3.000,4.071,658,false,697.187,48.000,false
186.000,0,0.000,0.303,230,false,231.503,9.600,false
186.000,1,2.000,1.596,237,false,251.441,16.800,false
186.000,2,4.000,2.816,361,false,387.633,25.200,true
186.000,3,4.000,4.078,497,false,536.251,36.000,true
186.000,4,3.000,3.750,661,false,696.974,48.000,false
187.000,0,1.000,0.512,231,false,234.595,9.600,false
187.000,1,1.000,1.418,238,false,250.652,16.800,false
187.000,2,3.000,2.871,363,false,390.186,25.200,true
187.000,3,3.000,3.754,500,false,536.019,36.000,true
187.000,4,2.000,3.225,663,false,693.725,48.000,false
188.000,0,2.000,0.958,222,false,230.060,9.600,false
188.000,1,1.000,1.292,248,false,259.399,16.800,false
188.000,2,2.000,2.610,365,false,389.573,25.200,true
188.000,3,4.000,3.828,503,false,539.756,36.000,true
188.000,4,3.000,3.157,665,false,695.050,48.000,false
189.000,0,1.000,0.971,223,false,231.185,9.600,true
189.000,1,3.000,1.805,251,false,267.522,16.800,true
189.000,2,2.000,2.427,367,false,389.744,25.200,false
189.000,3,2.000,3.280,505,false,536.272,36.000,false
189.000,4,5.000,3.710,670,false,705.578,48.000,false
190.000,0,1.000,0.980,224,false,232.272,9.600,true
190.000,1,0.000,1.263,251,false,262.108,16.800,false
190.000,2,1.000,1.999,368,false,386.464,25.200,false
190.000,3,3.000,3.196,508,false,538.433,36.000,false
190.000,4,6.000,4.397,676,false,718.447,48.000,false
191.000,0,0.000,0.686,224,false,229.333,9.600,false
191.000,1,3.000,1.784,254,false,270.319,16.800,true
191.000,2,2.000,1.999,370,false,388.467,25.200,false
191.000,3,2.000,2.837,510,false,536.846,36.000,false
191.000,4,8.000,5.478,674,false,737.256,48.000,true
192.000,0,0.000,0.480,234,false,237.276,9.600,false
192.000,1,1.000,1.549,255,false,268.966,16.800,false
192.000,2,2.000,1.999,372,false,390.470,25.200,false
192.000,3,5.000,3.486,515,false,548.335,36.000,false
192.000,4,1.000,4.135,675,false,714.822,48.000,false
193.000,0,0.000,0.336,234,false,235.836,9.600,false
193.000,1,0.000,1.084,255,false,264.319,16.800,false
193.000,2,2.000,2.000,374,false,392.472,25.200,false
193.000,3,2.000,3.040,517,false,545.877,36.000,false
193.000,4,1.000,3.194,676,false,706.418,48.000,false
194.000,0,1.000,0.535,235,false,238.828,9.600,false
194.000,1,0.000,0.759,254,false,260.066,16.800,false
194.000,2,2.000,2.000,375,false,393.473,25.200,false
194.000,3,3.000,3.028,519,false,547.757,36.000,false
194.000,4,4.000,3.436,680,false,712.836,48.000,false
195.000,0,1.000,0.675,236,false,241.223,9.600,false
195.000,1,0.000,0.531,254,false,257.789,16.800,false
195.000,2,2.000,2.000,377,false,395.474,25.200,false
195.000,3,2.000,2.720,521,false,546.673,36.000,false
195.000,4,5.000,3.905,684,false,721.528,48.000,false
196.000,0,1.000,0.772,236,false,242.199,9.600,false
196.000,1,4.000,1.572,258,false,272.195,16.800,false
196.000,2,1.000,1.700,378,false,393.475,25.200,false
196.000,3,2.000,2.504,523,false,546.514,36.000,false
196.000,4,5.000,4.234,689,false,729.812,48.000,false
197.000,0,2.000,1.141,238,false,247.882,9.600,true
197.000,1,1.000,1.400,259,false,271.480,16.800,false
197.000,2,1.000,1.490,379,false,392.375,25.200,false
197.000,3,1.000,2.053,524,false,543.003,36.000,false
197.000,4,4.000,4.164,693,false,733.111,48.000,false
198.000,0,1.000,1.098,239,false,248.460,9.600,true
198.000,1,1.000,1.280,260,false,271.279,16.800,false
198.000,2,4.000,2.243,382,false,402.905,25.200,false
198.000,3,3.000,2.337,527,false,548.845,36.000,false
198.000,4,3.000,3.814,696,false,732.621,48.000,false
199.000,0,1.000,1.069,240,false,249.165,9.600,true
199.000,1,2.000,1.496,261,false,274.438,16.800,false
199.000,2,0.000,1.570,382,false,396.177,25.200,false
199.000,3,7.000,3.736,534,false,569.834,36.000,true
199.000,4,8.000,5.070,704,false,753.177,48.000,true
200.000,0,0.000,0.748,240,false,245.958,9.600,false
200.000,1,1.000,1.347,262,false,273.949,16.800,false
200.000,2,1.000,1.399,383,false,395.467,25.200,false
200.000,3,2.000,3.215,535,false,565.627,36.000,false
200.000,4,4.000,4.749,707,false,752.967,48.000,false
201.000,0,1.000,0.824,241,false,247.714,9.600,false
201.000,1,4.000,2.143,266,false,285.907,16.800,true
201.000,2,5.000,2.479,387,false,410.269,25.200,false
201.000,3,2.000,2.851,537,false,563.982,36.000,false
201.000,4,3.000,4.224,710,false,750.720,48.000,false
202.000,0,0.000,0.577,240,false,244.242,9.600,false
202.000,1,1.000,1.800,267,false,283.478,16.800,true
202.000,2,3.000,2.636,390,false,414.831,25.200,true
202.000,3,2.000,2.595,539,false,563.430,36.000,false
202.000,4,6.000,4.757,716,false,762.047,48.000,false
203.000,0,0.000,0.404,240,false,242.513,9.600,false
203.000,1,1.000,1.560,267,false,281.077,16.800,false
203.000,2,1.000,2.145,391,false,410.925,25.200,false
203.000,3,1.000,2.117,540,false,559.644,36.000,false
203.000,4,6.000,5.130,722,false,771.776,48.000,true
204.000,0,0.000,0.283,240,false,241.302,9.600,false
204.000,1,1.000,1.392,268,false,280.397,16.800,false
204.000,2,1.000,1.801,392,false,408.490,25.200,false
204.000,3,4.000,2.682,544,false,569.294,36.000,false
204.000,4,5.000,5.091,726,false,775.386,48.000,true
205.000,0,0.000,0.198,240,false,240.454,9.600,false
205.000,1,1.000,1.274,269,false,280.221,16.800,false
205.000,2,2.000,1.861,394,false,411.086,25.200,false
205.000,3,2.000,2.477,546,false,569.248,36.000,false
205.000,4,4.000,4.764,730,false,776.113,48.000,false
206.000,0,1.000,0.438,241,false,243.861,9.600,false
206.000,1,0.000,0.892,269,false,276.397,16.800,false
206.000,2,3.000,2.203,397,false,417.503,25.200,false
206.000,3,3.000,2.634,548,false,572.817,36.000,false
206.000,4,4.000,4.535,734,false,777.822,48.000,false
207.000,0,1.000,0.607,241,false,245.545,9.600,false
207.000,1,1.000,0.924,269,false,276.721,16.800,false
207.000,2,1.000,1.842,398,false,414.895,25.200,false
207.000,3,1.000,2.144,549,false,568.915,36.000,false
207.000,4,5.000,4.674,739,false,784.218,48.000,false
208.000,0,0.000,0.425,241,false,243.725,9.600,false
208.000,1,1.000,0.947,270,false,277.948,16.800,false
208.000,2,2.000,1.889,400,false,417.369,25.200,false
208.000,3,4.000,2.701,553,false,578.483,36.000,false
208.000,4,7.000,5.372,746,false,798.196,48.000,true
209.000,0,1.000,0.597,242,false,246.450,9.600,false
209.000,1,2.000,1.263,272,false,283.106,16.800,false
209.000,2,3.000,2.223,402,false,422.701,25.200,false
209.000,3,4.000,3.090,556,false,585.381,36.000,false
209.000,4,5.000,5.260,751,false,802.080,48.000,true
210.000,0,0.000,0.418,242,false,244.658,9.600,false
210.000,1,0.000,0.884,272,false,279.317,16.800,false
210.000,2,4.000,2.756,406,false,432.034,25.200,true
210.000,3,4.000,3.363,560,false,592.110,36.000,false
210.000,4,4.000,4.882,754,false,801.299,48.000,true
211.000,0,0.000,0.293,242,false,243.403,9.600,false
211.000,1,0.000,0.619,271,false,275.665,16.800,false
211.000,2,0.000,1.929,406,false,423.767,25.200,false
211.000,3,3.000,3.254,563,false,594.020,36.000,false
211.000,4,8.000,5.818,762,false,818.652,48.000,true
212.000,0,0.000,0.205,241,false,241.525,9.600,false
212.000,1,1.000,0.733,272,false,277.808,16.800,false
212.000,2,1.000,1.650,407,false,421.979,25.200,false
212.000,3,1.000,2.578,563,false,587.257,36.000,false
212.000,4,8.000,6.472,770,false,833.199,48.000,true
213.000,0,1.000,0.443,242,false,244.911,9.600,false
213.000,1,1.000,0.813,273,false,279.609,16.800,false
213.000,2,1.000,1.455,408,false,421.028,25.200,false
213.000,3,5.000,3.305,568,false,599.522,36.000,false
213.000,4,5.000,6.031,775,false,833.782,48.000,true
214.000,0,1.000,0.610,243,false,247.580,9.600,false
214.000,1,0.000,0.569,272,false,276.169,16.800,false
214.000,2,1.000,1.319,409,false,420.663,25.200,false
214.000,3,4.000,3.513,572,false,605.609,36.000,false
214.000,4,0.000,4.221,775,false,815.690,48.000,false
215.000,0,0.000,0.427,243,false,245.749,9.600,false
215.000,1,1.000,0.698,273,false,278.461,16.800,false
215.000,2,1.000,1.223,410,false,420.707,25.200,false
215.000,3,3.000,3.359,575,false,607.069,36.000,false
215.000,4,1.000,3.255,776,false,807.026,48.000,false
216.000,0,3.000,1.199,246,false,256.467,9.600,true
216.000,1,2.000,1.089,275,false,284.366,16.800,false
216.000,2,3.000,1.756,413,false,429.038,25.200,false
216.000,3,4.000,3.551,579,false,612.991,36.000,false
216.000,4,7.000,4.378,783,false,825.261,48.000,false
217.000,0,0.000,0.839,246,false,252.870,9.600,false
217.000,1,1.000,1.062,276,false,285.099,16.800,false
217.000,2,0.000,1.229,413,false,423.769,25.200,false
217.000,3,3.000,3.386,581,false,613.337,36.000,false
217.000,4,4.000,4.265,787,false,828.126,48.000,false
218.000,0,1.000,0.888,247,false,254.352,9.600,false
218.000,1,0.000,0.744,275,false,280.912,16.800,false
218.000,2,3.000,1.761,416,false,432.081,25.200,false
218.000,3,1.000,2.670,582,false,607.178,36.000,false
218.000,4,3.000,3.885,790,false,827.331,48.000,false
219.000,0,1.000,0.921,247,false,254.689,9.600,false
219.000,1,0.000,0.521,275,false,278.681,16.800,false
219.000,2,1.000,1.532,417,false,430.800,25.200,false
219.000,3,2.000,2.469,584,false,607.168,36.000,false
219.000,4,6.000,4.520,795,false,838.674,48.000,false
220.000,0,0.000,0.645,247,false,251.925,9.600,false
220.000,1,0.000,0.364,275,false,277.120,16.800,false
220.000,2,2.000,1.673,419,false,434.203,25.200,false
220.000,3,2.000,2.328,586,false,607.760,36.000,false
220.000,4,1.000,3.464,796,false,829.115,48.000,false
221.000,0,1.000,0.751,248,false,253.991,9.600,false
221.000,1,2.000,0.855,277,false,284.027,16.800,false
221.000,2,5.000,2.671,413,false,448.185,25.200,true
221.000,3,2.000,2.230,588,false,608.775,36.000,false
221.000,4,6.000,4.225,802,false,842.723,48.000,false
222.000,0,1.000,0.826,259,false,265.736,9.600,false
222.000,1,1.000,0.899,278,false,285.462,16.800,false
222.000,2,0.000,1.870,413,false,430.172,25.200,false
222.000,3,1.000,1.861,588,false,605.085,36.000,false
222.000,4,4.000,4.157,806,false,846.049,48.000,false
223.000,0,3.000,1.478,262,false,275.258,9.600,true
223.000,1,4.000,1.829,272,false,298.766,16.800,true
223.000,2,2.000,1.909,415,false,432.563,25.200,false
223.000,3,1.000,1.603,589,false,603.503,36.000,false
223.000,4,5.000,4.410,811,false,853.577,48.000,false
224.000,0,0.000,1.035,272,false,280.824,9.600,true
224.000,1,1.000,1.580,272,false,286.279,16.800,false
224.000,2,3.000,2.236,418,false,438.837,25.200,false
224.000,3,6.000,2.922,595,false,622.695,36.000,false
224.000,4,6.000,4.887,817,false,864.347,48.000,true
225.000,0,1.000,1.024,273,false,281.719,9.600,true
225.000,1,1.000,1.406,273,false,285.538,16.800,false
225.000,2,3.000,2.465,421,false,444.129,25.200,false
225.000,3,3.000,2.945,598,false,625.929,36.000,false
225.000,4,5.000,4.921,822,false,869.686,48.000,true
226.000,0,0.000,0.717,273,false,278.646,9.600,false
226.000,1,2.000,1.584,275,false,289.320,16.800,false
226.000,2,2.000,2.326,423,false,444.733,25.200,false
226.000,3,2.000,2.662,600,false,625.093,36.000,false
226.000,4,6.000,5.245,828,false,878.923,48.000,true
227.000,0,1.000,0.802,274,false,280.495,9.600,false
227.000,1,3.000,2.009,278,false,296.567,16.800,true
227.000,2,1.000,1.928,423,false,440.756,25.200,false
227.000,3,4.000,3.063,604,false,633.108,36.000,false
227.000,4,3.000,4.571,831,false,875.189,48.000,false
228.000,0,1.000,0.861,275,false,282.090,9.600,false
228.000,1,0.000,1.406,277,false,289.539,16.800,false
228.000,2,4.000,2.550,427,false,450.972,25.200,true
228.000,3,3.000,3.044,607,false,635.919,36.000,false
228.000,4,4.000,4.400,835,false,877.475,48.000,false
229.000,0,0.000,0.603,274,false,278.506,9.600,false
229.000,1,2.000,1.584,279,false,293.320,16.800,false
229.000,2,2.000,2.385,429,false,451.323,25.200,false
229.000,3,3.000,3.031,610,false,638.786,36.000,false
229.000,4,6.000,4.880,841,false,888.275,48.000,true
230.000,0,0.000,0.422,274,false,276.697,9.600,false
230.000,1,3.000,2.009,282,false,300.567,16.800,true
230.000,2,0.000,1.669,428,false,443.169,25.200,false
230.000,3,2.000,2.722,612,false,637.693,36.000,false
230.000,4,7.000,5.516,848,false,901.636,48.000,true
231.000,0,2.000,0.895,276,false,283.431,9.600,false
231.000,1,0.000,1.406,282,false,294.540,16.800,false
231.000,2,5.000,2.669,433,false,458.161,25.200,true
231.000,3,0.000,1.905,612,false,629.528,36.000,false
231.000,4,6.000,5.661,844,false,909.088,48.000,true
232.000,0,0.000,0.627,284,false,288.744,9.600,false
232.000,1,2.000,1.584,286,false,300.321,16.800,false
232.000,2,0.000,1.868,433,false,450.156,25.200,false
232.000,3,1.000,1.634,613,false,627.812,36.000,false
232.000,4,2.000,4.563,846,false,890.104,48.000,false
233.000,0,1.000,0.739,284,false,289.864,9.600,false
233.000,1,3.000,2.009,289,false,307.567,16.800,true
233.000,2,2.000,1.908,435,false,452.552,25.200,false
233.000,3,2.000,1.744,615,false,630.912,36.000,false
233.000,4,7.000,5.294,853,false,904.416,48.000,true
234.000,0,1.000,0.817,285,false,291.648,9.600,false
234.000,1,0.000,1.406,288,false,300.540,16.800,false
234.000,2,0.000,1.335,435,false,446.829,25.200,false
234.000,3,4.000,2.420,619,false,641.681,36.000,false
234.000,4,3.000,4.606,856,false,900.534,48.000,false
235.000,0,0.000,0.572,285,false,289.196,9.600,false
235.000,1,1.000,1.284,289,false,300.321,16.800,false
235.000,2,1.000,1.235,436,false,446.823,25.200,false
235.000,3,1.000,1.994,620,false,638.420,36.000,false
235.000,4,5.000,4.724,860,false,905.717,48.000,false
236.000,0,1.000,0.700,286,false,291.480,9.600,false
236.000,1,1.000,1.199,290,false,300.467,16.800,false
236.000,2,4.000,2.064,439,false,458.119,25.200,false
236.000,3,1.000,1.696,621,false,636.437,36.000,false
236.000,4,3.000,4.207,863,false,903.545,48.000,false
237.000,0,0.000,0.490,286,false,289.379,9.600,false
237.000,1,0.000,0.839,290,false,296.870,16.800,false
237.000,2,6.000,3.245,445,false,475.926,25.200,true
237.000,3,1.000,1.487,621,false,634.348,36.000,false
237.000,4,7.000,5.045,870,false,918.924,48.000,true
238.000,0,0.000,0.343,285,false,286.908,9.600,false
238.000,1,1.000,0.888,291,false,298.352,16.800,false
238.000,2,1.000,2.572,446,false,470.191,25.200,true
238.000,3,4.000,2.241,625,false,645.887,36.000,false
238.000,4,7.000,5.631,876,false,930.790,48.000,true
239.000,0,0.000,0.240,285,false,285.879,9.600,false
239.000,1,3.000,1.521,294,false,307.689,16.800,false
239.000,2,0.000,1.800,446,false,462.477,25.200,false
239.000,3,1.000,1.869,626,false,643.164,36.000,false
239.000,4,4.000,5.142,880,false,929.896,48.000,true
240.000,0,0.000,0.168,285,false,285.158,9.600,false
240.000,1,1.000,1.365,295,false,307.125,16.800,false
240.000,2,5.000,2.760,451,false,477.077,25.200,true
240.000,3,1.000,1.608,627,false,641.557,36.000,false
240.000,4,2.000,4.199,881,false,921.470,48.000,false
241.000,0,1.000,0.418,286,false,288.653,9.600,false
241.000,1,1.000,1.255,295,false,306.031,16.800,false
241.000,2,1.000,2.232,452,false,472.796,25.200,false
241.000,3,2.000,1.726,629,false,644.733,36.000,false
241.000,4,4.000,4.140,885,false,924.872,48.000,false
242.000,0,1.000,0.592,287,false,291.400,9.600,false
242.000,1,2.000,1.479,297,false,310.264,16.800,false
242.000,2,6.000,3.362,458,false,490.100,25.200,true
242.000,3,3.000,2.108,632,false,651.556,36.000,false
242.000,4,5.000,4.398,890,false,932.453,48.000,false
243.000,0,2.000,1.015,279,false,297.623,9.600,true
243.000,1,1.000,1.335,308,false,319.828,16.800,false
243.000,2,1.000,2.654,458,false,483.013,25.200,true
243.000,3,1.000,1.776,633,false,649.232,36.000,false
243.000,4,3.000,3.978,893,false,931.260,48.000,false
244.000,0,2.000,1.310,281,false,292.579,9.600,true
244.000,1,3.000,1.835,311,false,327.822,16.800,true
244.000,2,1.000,2.158,459,false,479.052,25.200,false
244.000,3,5.000,2.743,638,false,663.905,36.000,false
244.000,4,2.000,3.385,894,false,926.325,48.000,false
245.000,0,2.000,1.517,282,false,295.648,9.600,true
245.000,1,1.000,1.584,312,false,326.318,16.800,false
245.000,2,3.000,2.410,462,false,484.579,25.200,false
245.000,3,6.000,3.720,634,false,679.677,36.000,true
245.000,4,7.000,4.469,901,false,944.170,48.000,false
246.000,0,1.000,1.362,293,false,305.097,9.600,true
246.000,1,1.000,1.409,313,false,325.566,16.800,false
246.000,2,1.000,1.987,462,false,480.348,25.200,false
246.000,3,2.000,3.204,635,false,665.516,36.000,false
246.000,4,6.000,4.929,907,false,954.762,48.000,true
247.000,0,0.000,0.953,293,false,301.010,9.600,false
247.000,1,1.000,1.286,314,false,325.339,16.800,false
247.000,2,0.000,1.391,462,false,474.387,25.200,false
247.000,3,4.000,3.443,639,false,671.904,36.000,false
247.000,4,2.000,4.050,909,false,947.976,48.000,false
248.000,0,0.000,0.667,293,false,298.150,9.600,false
248.000,1,1.000,1.200,314,false,324.480,16.800,false
248.000,2,1.000,1.274,463,false,474.214,25.200,false
248.000,3,2.000,3.010,641,false,669.576,36.000,false
248.000,4,3.000,3.735,912,false,947.826,48.000,false
249.000,0,0.000,0.467,293,false,296.148,9.600,false
249.000,1,1.000,1.140,315,false,324.879,16.800,false
249.000,2,2.000,1.492,465,false,478.392,25.200,false
249.000,3,4.000,3.307,645,false,676.546,36.000,false
249.000,4,2.000,3.215,914,false,944.621,48.000,false
250.000,0,0.000,0.327,293,false,294.746,9.600,false
250.000,1,0.000,0.798,315,false,321.458,16.800,false
250.000,2,3.000,1.944,468,false,485.917,25.200,false
250.000,3,4.000,3.515,649,false,682.625,36.000,false
250.000,4,5.000,3.750,919,false,954.978,48.000,false
251.000,0,0.000,0.229,293,false,293.765,9.600,false
251.000,1,0.000,0.559,315,false,319.064,16.800,false
251.000,2,1.000,1.661,469,false,484.085,25.200,false
251.000,3,2.000,3.060,650,false,679.080,36.000,false
251.000,4,4.000,3.825,923,false,959.727,48.000,false
252.000,0,0.000,0.160,293,false,293.079,9.600,false
252.000,1,1.000,0.691,316,false,321.387,16.800,false
252.000,2,1.000,1.463,470,false,483.102,25.200,false
252.000,3,4.000,3.342,654,false,685.899,36.000,false
252.000,4,6.000,4.478,929,false,972.252,48.000,false
253.000,0,1.000,0.412,294,false,296.598,9.600,false
253.000,1,1.000,0.784,317,false,323.314,16.800,false
253.000,2,0.000,1.024,469,false,477.715,25.200,false
253.000,3,2.000,2.940,656,false,683.872,36.000,false
253.000,4,4.000,4.334,933,false,974.819,48.000,false
254.000,0,2.000,0.889,296,false,303.361,9.600,false
254.000,1,1.000,0.849,318,false,324.963,16.800,false
254.000,2,3.000,1.617,472,false,486.643,25.200,false
254.000,3,9.000,4.758,665,false,711.053,36.000,true
254.000,4,1.000,3.334,934,false,965.816,48.000,false
255.000,0,1.000,0.922,297,false,304.696,9.600,false
255.000,1,1.000,0.894,318,false,325.417,16.800,false
255.000,2,1.000,1.432,473,false,485.793,25.200,false
255.000,3,4.000,4.530,668,false,711.780,36.000,true
255.000,4,3.000,3.234,936,false,966.814,48.000,false
256.000,0,1.000,0.945,298,false,305.930,9.600,false
256.000,1,3.000,1.526,321,false,334.735,16.800,false
256.000,2,3.000,1.902,476,false,493.498,25.200,false
256.000,3,5.000,4.671,673,false,718.189,36.000,true
256.000,4,3.000,3.164,939,false,969.113,48.000,false
257.000,0,2.000,1.262,299,false,310.094,9.600,true
257.000,1,1.000,1.368,322,false,334.157,16.800,false
257.000,2,2.000,1.932,477,false,494.791,25.200,false
257.000,3,5.000,4.770,678,false,724.175,36.000,true
257.000,4,1.000,2.515,940,false,963.622,48.000,false
258.000,0,0.000,0.883,299,false,306.309,9.600,false
258.000,1,1.000,1.258,323,false,334.053,16.800,false
258.000,2,3.000,2.252,480,false,500.997,25.200,false
258.000,3,2.000,3.939,680,false,717.865,36.000,true
258.000,4,11.000,5.060,951,false,1000.078,48.000,true
259.000,0,3.000,1.518,302,false,315.659,9.600,true
259.000,1,0.000,0.880,323,false,330.280,16.800,false
259.000,2,0.000,1.576,480,false,494.241,25.200,false
259.000,3,2.000,3.357,682,false,714.049,36.000,false
259.000,4,6.000,5.342,957,false,1008.898,48.000,true
260.000,0,1.000,1.363,303,false,315.104,9.600,true
260.000,1,0.000,0.616,323,false,327.639,16.800,false
260.000,2,2.000,1.704,482,false,497.511,25.200,false
260.000,3,6.000,4.150,688,false,727.977,36.000,true
260.000,4,3.000,4.639,960,false,1004.871,48.000,false
261.000,0,0.000,0.954,303,false,311.016,9.600,false
261.000,1,1.000,0.731,324,false,329.790,16.800,false
261.000,2,3.000,2.092,485,false,504.401,25.200,false
261.000,3,5.000,4.405,693,false,735.527,36.000,true
261.000,4,4.000,4.448,963,false,1005.953,48.000,false
262.000,0,1.000,0.968,304,false,312.154,9.600,true
262.000,1,2.000,1.112,326,false,335.596,16.800,false
262.000,2,3.000,2.365,488,false,510.123,25.200,false
262.000,3,6.000,4.884,699,false,746.312,36.000,true
262.000,4,2.000,3.713,965,false,1000.610,48.000,false
263.000,0,2.000,1.277,306,false,317.251,9.600,true
263.000,1,2.000,1.378,328,false,340.260,16.800,false
263.000,2,1.000,1.955,489,false,507.029,25.200,false
263.000,3,1.000,3.718,700,false,735.661,36.000,true
263.000,4,8.000,4.999,973,false,1021.470,48.000,true
264.000,0,0.000,0.894,306,false,313.418,9.600,false
264.000,1,0.000,0.965,328,false,336.125,16.800,false
264.000,2,4.000,2.569,482,false,516.163,25.200,true
264.000,3,5.000,4.103,705,false,744.506,36.000,true
264.000,4,6.000,5.300,979,false,1030.472,48.000,true
265.000,0,0.000,0.626,316,false,320.736,9.600,false
265.000,1,1.000,0.975,329,false,337.230,16.800,false
265.000,2,1.000,2.098,483,false,502.457,25.200,false
265.000,3,2.000,3.472,707,false,740.197,36.000,false
265.000,4,8.000,6.110,987,false,1046.573,48.000,true
266.000,0,1.000,0.738,317,false,322.858,9.600,false
266.000,1,2.000,1.283,331,false,342.304,16.800,false
266.000,2,2.000,2.069,485,false,504.163,25.200,false
266.000,3,2.000,3.030,709,false,737.781,36.000,false
266.000,4,4.000,5.477,991,false,1044.244,48.000,true
267.000,0,1.000,0.817,318,false,324.643,9.600,false
267.000,1,1.000,1.198,331,false,341.456,16.800,false
267.000,2,2.000,2.048,486,false,504.957,25.200,false
267.000,3,3.000,3.021,711,false,739.689,36.000,false
267.000,4,4.000,5.034,995,false,1043.814,48.000,true
268.000,0,1.000,0.872,319,false,326.193,9.600,false
268.000,1,2.000,1.439,333,false,345.862,16.800,false
268.000,2,5.000,2.934,491,false,518.813,25.200,true
268.000,3,4.000,3.315,715,false,746.625,36.000,false
268.000,4,6.000,5.324,1001,false,1052.712,48.000,true
269.000,0,2.000,1.210,321,false,331.578,9.600,true
269.000,1,1.000,1.307,334,false,345.546,16.800,false
269.000,2,2.000,2.654,493,false,518.012,25.200,true
269.000,3,0.000,2.320,715,false,736.681,36.000,false
269.000,4,4.000,4.927,1005,false,1052.742,48.000,true
270.000,0,1.000,1.147,322,false,331.948,9.600,true
270.000,1,0.000,0.915,333,false,340.625,16.800,false
270.000,2,3.000,2.757,496,false,522.051,25.200,true
270.000,3,4.000,2.824,719,false,745.719,36.000,false
270.000,4,4.000,4.649,1009,false,1053.962,48.000,false
271.000,0,0.000,0.803,322,false,328.506,9.600,false
271.000,1,3.000,1.540,336,false,349.880,16.800,false
271.000,2,0.000,1.930,496,false,513.779,25.200,false
271.000,3,3.000,2.877,722,false,749.246,36.000,false
271.000,4,6.000,5.054,1005,false,1064.016,48.000,true
272.000,0,4.000,1.762,336,false,352.097,9.600,true
272.000,1,1.000,1.378,337,false,349.259,16.800,false
272.000,2,4.000,2.551,499,false,522.988,25.200,true
272.000,3,4.000,3.214,726,false,756.615,36.000,false
272.000,4,11.000,6.838,1016,false,1082.854,48.000,true
273.000,0,1.000,1.533,336,false,349.811,9.600,true
273.000,1,1.000,1.265,338,false,349.124,16.800,false
273.000,2,2.000,2.386,501,false,523.334,25.200,false
273.000,3,3.000,3.150,729,false,758.974,36.000,false
273.000,4,4.000,5.986,1020,false,1078.341,48.000,true
274.000,0,0.000,1.073,336,false,345.210,9.600,true
274.000,1,3.000,1.785,331,false,357.330,16.800,true
274.000,2,1.000,1.970,502,false,520.177,25.200,false
274.000,3,3.000,3.105,731,false,760.524,36.000,false
274.000,4,8.000,6.591,1028,false,1092.381,48.000,true
275.000,0,2.000,1.351,348,false,359.990,9.600,true
275.000,1,0.000,1.250,331,false,341.974,16.800,false
275.000,2,2.000,1.979,504,false,522.267,25.200,false
275.000,3,3.000,3.073,734,false,763.210,36.000,false
275.000,4,4.000,5.813,1032,false,1088.610,48.000,true
276.000,0,0.000,0.946,348,false,355.936,9.600,false
276.000,1,1.000,1.175,332,false,342.224,16.800,false
276.000,2,2.000,1.985,505,false,523.330,25.200,false
276.000,3,2.000,2.751,736,false,761.990,36.000,false
276.000,4,4.000,5.269,1036,false,1087.170,48.000,true
277.000,0,0.000,0.662,348,false,353.098,9.600,false
277.000,1,0.000,0.822,331,false,337.700,16.800,false
277.000,2,1.000,1.690,506,false,521.374,25.200,false
277.000,3,2.000,2.526,738,false,761.736,36.000,false
277.000,4,3.000,4.589,1039,false,1083.362,48.000,false
278.000,0,1.000,0.764,349,false,355.111,9.600,false
278.000,1,2.000,1.176,333,false,343.233,16.800,false
278.000,2,1.000,1.483,507,false,520.304,25.200,false
278.000,3,3.000,2.668,741,false,766.158,36.000,false
278.000,4,2.000,3.812,1040,false,1076.596,48.000,false
279.000,0,2.000,1.134,350,false,359.821,9.600,true
279.000,1,2.000,1.423,335,false,347.706,16.800,false
279.000,2,1.000,1.338,508,false,519.856,25.200,false
279.000,3,5.000,3.368,746,false,778.153,36.000,false
279.000,4,2.000,3.268,1042,false,1073.160,48.000,false
280.000,0,1.000,1.094,351,false,360.417,9.600,true
280.000,1,1.000,1.296,336,false,347.437,16.800,false
280.000,2,6.000,2.737,514,false,539.842,25.200,true
280.000,3,3.000,3.257,748,false,779.050,36.000,false
280.000,4,5.000,3.788,1047,false,1083.355,48.000,false
281.000,0,0.000,0.766,351,false,357.135,9.600,false
281.000,1,0.000,0.907,335,false,342.549,16.800,false
281.000,2,3.000,2.816,517,false,543.632,25.200,true
281.000,3,1.000,2.580,749,false,773.278,36.000,false
281.000,4,4.000,3.852,1051,false,1087.991,48.000,false
282.000,0,1.000,0.836,352,false,358.837,9.600,false
282.000,1,0.000,0.635,335,false,339.827,16.800,false
282.000,2,3.000,2.871,519,false,546.185,25.200,true
282.000,3,3.000,2.706,752,false,777.537,36.000,false
282.000,4,5.000,4.196,1056,false,1096.437,48.000,false
283.000,0,0.000,0.585,352,false,356.329,9.600,false
283.000,1,0.000,0.445,335,false,337.922,16.800,false
283.000,2,1.000,2.310,520,false,541.573,25.200,false
283.000,3,1.000,2.194,753,false,773.419,36.000,false
283.000,4,6.000,4.737,1062,false,1107.849,48.000,false
284.000,0,1.000,0.710,353,false,358.573,9.600,false
284.000,1,1.000,0.611,335,false,339.588,16.800,false
284.000,2,3.000,2.517,523,false,546.644,25.200,false
284.000,3,3.000,2.436,755,false,777.836,36.000,false
284.000,4,3.000,4.216,1065,false,1105.637,48.000,false
285.000,0,0.000,0.497,353,false,356.444,9.600,false
285.000,1,1.000,0.728,336,false,341.755,16.800,false
285.000,2,2.000,2.362,525,false,547.093,25.200,false
285.000,3,1.000,2.005,756,false,774.528,36.000,false
285.000,4,6.000,4.751,1071,false,1116.989,48.000,false
286.000,0,1.000,0.648,354,false,358.954,9.600,false
286.000,1,0.000,0.509,336,false,339.571,16.800,false
286.000,2,2.000,2.253,527,false,548.008,25.200,false
286.000,3,3.000,2.304,759,false,780.513,36.000,false
286.000,4,4.000,4.526,1074,false,1117.735,48.000,false
287.000,0,1.000,0.753,354,false,360.010,9.600,false
287.000,1,2.000,0.957,338,false,346.043,16.800,false
287.000,2,2.000,2.177,529,false,549.249,25.200,false
287.000,3,5.000,3.113,763,false,792.602,36.000,false
287.000,4,4.000,4.368,1078,false,1120.157,48.000,false
288.000,0,0.000,0.527,354,false,357.750,9.600,false
288.000,1,2.000,1.270,339,false,350.173,16.800,false
288.000,2,5.000,3.024,533,false,561.717,25.200,true
288.000,3,3.000,3.079,766,false,795.264,36.000,false
288.000,4,1.000,3.358,1079,false,1111.053,48.000,false
289.000,0,1.000,0.669,355,false,360.168,9.600,false
289.000,1,1.000,1.189,340,false,350.364,16.800,false
289.000,2,0.000,2.117,533,false,552.645,25.200,false
289.000,3,4.000,3.355,770,false,802.028,36.000,false
289.000,4,6.000,4.150,1085,false,1124.980,48.000,false
290.000,0,1.000,0.768,356,false,362.160,9.600,false
290.000,1,2.000,1.432,342,false,354.797,16.800,false
290.000,2,3.000,2.382,535,false,557.294,25.200,false
290.000,3,2.000,2.949,772,false,799.962,36.000,false
290.000,4,8.000,5.305,1093,false,1144.529,48.000,true
291.000,0,2.000,1.138,348,false,367.855,9.600,true
291.000,1,3.000,1.902,355,false,372.501,16.800,true
291.000,2,0.000,1.667,535,false,550.149,25.200,false
291.000,3,1.000,2.364,773,false,795.116,36.000,false
291.000,4,0.000,3.714,1093,false,1128.613,48.000,false
292.000,0,0.000,0.797,347,false,353.441,9.600,false
292.000,1,2.000,1.932,357,false,374.794,16.800,true
292.000,2,1.000,1.467,536,false,549.147,25.200,false
292.000,3,1.000,1.955,774,false,792.024,36.000,false
292.000,4,3.000,3.500,1096,false,1129.472,48.000,false
293.000,0,0.000,0.558,347,false,351.052,9.600,false
293.000,1,0.000,1.352,357,false,368.998,16.800,false
293.000,2,0.000,1.027,536,false,544.746,25.200,false
293.000,3,0.000,1.368,773,false,785.160,36.000,false
293.000,4,2.000,3.050,1098,false,1126.973,48.000,false
294.000,0,2.000,0.990,349,false,357.379,9.600,true
294.000,1,1.000,1.247,358,false,368.942,16.800,false
294.000,2,1.000,1.019,537,false,545.665,25.200,false
294.000,3,2.000,1.558,775,false,789.055,36.000,false
294.000,4,6.000,3.935,1104,false,1141.824,48.000,false
295.000,0,2.000,1.293,351,false,362.408,9.600,true
295.000,1,1.000,1.173,358,false,368.202,16.800,false
295.000,2,0.000,0.713,537,false,542.608,25.200,false
295.000,3,0.000,1.091,775,false,784.381,36.000,false
295.000,4,4.000,3.954,1108,false,1146.020,48.000,false
296.000,0,1.000,1.205,352,false,362.529,9.600,true
296.000,1,4.000,2.021,362,false,380.684,16.800,true
296.000,2,2.000,1.099,539,false,548.469,25.200,false
296.000,3,2.000,1.363,777,false,789.110,36.000,false
296.000,4,2.000,3.368,1110,false,1142.157,48.000,false
297.000,0,0.000,0.844,352,false,358.913,9.600,false
297.000,1,1.000,1.715,363,false,378.622,16.800,true
297.000,2,5.000,2.269,544,false,565.171,25.200,false
297.000,3,4.000,2.154,780,false,800.020,36.000,false
297.000,4,6.000,4.158,1115,false,1155.053,48.000,false
298.000,0,1.000,0.891,352,false,359.382,9.600,false
298.000,1,1.000,1.500,364,false,377.478,16.800,false
298.000,2,2.000,2.189,546,false,566.362,25.200,false
298.000,3,3.000,2.408,783,false,805.557,36.000,false
298.000,4,4.000,4.110,1119,false,1158.580,48.000,false
299.000,0,0.000,0.623,352,false,356.710,9.600,false
299.000,1,3.000,1.950,366,false,383.978,16.800,true
299.000,2,1.000,1.832,547,false,563.797,25.200,false
299.000,3,2.000,2.286,785,false,806.332,36.000,false
299.000,4,4.000,4.077,1123,false,1162.249,48.000,false
300.000,0,0.000,0.436,352,false,354.840,9.600,false
300.000,1,3.000,2.265,369,false,390.127,16.800,true
300.000,2,3.000,2.182,550,false,570.300,25.200,false
300.000,3,1.000,1.900,786,false,803.476,36.000,false
300.000,4,1.000,3.154,1123,false,1153.017,48.000,false
301.000,0,0.000,0.305,352,false,353.531,9.600,false
301.000,1,5.000,3.086,374,false,403.332,16.800,true
301.000,2,0.000,1.528,550,false,563.753,25.200,false
301.000,3,1.000,1.630,787,false,801.776,36.000,false
301.000,4,2.000,2.808,1125,false,1151.555,48.000,false
302.000,0,1.000,0.514,353,false,356.614,9.600,false
302.000,1,0.000,2.160,374,false,394.075,16.800,true
302.000,2,3.000,1.969,553,false,571.170,25.200,false
302.000,3,1.000,1.441,788,false,800.886,36.000,false
302.000,4,4.000,3.165,1129,false,1159.131,48.000,false
303.000,0,0.000,0.360,353,false,355.073,9.600,false
303.000,1,1.000,1.812,375,false,391.595,16.800,true
303.000,2,2.000,1.979,555,false,573.262,25.200,false
303.000,3,3.000,1.909,791,false,808.563,36.000,false
303.000,4,3.000,3.116,1132,false,1161.635,48.000,false
304.000,0,1.000,0.552,353,false,356.994,9.600,false
304.000,1,0.000,1.268,375,false,386.160,16.800,false
304.000,2,1.000,1.685,556,false,571.326,25.200,false
304.000,3,8.000,3.736,788,false,833.837,36.000,true
304.000,4,4.000,3.381,1135,false,1167.287,48.000,false
305.000,0,1.000,0.686,364,false,369.339,9.600,false
305.000,1,2.000,1.488,377,false,390.355,16.800,false
305.000,2,4.000,2.380,560,false,582.271,25.200,false
305.000,3,5.000,4.115,793,false,832.629,36.000,true
305.000,4,6.000,4.167,1141,false,1181.144,48.000,false
306.000,0,1.000,0.780,365,false,371.280,9.600,false
306.000,1,2.000,1.641,379,false,393.891,16.800,false
306.000,2,2.000,2.266,562,false,583.133,25.200,false
306.000,3,5.000,4.381,798,false,840.283,36.000,true
306.000,4,2.000,3.517,1143,false,1176.644,48.000,false
307.000,0,0.000,0.546,365,false,368.939,9.600,false
307.000,1,1.000,1.449,379,false,391.967,16.800,false
307.000,2,1.000,1.886,562,false,579.336,25.200,false
307.000,3,4.000,4.266,801,false,842.141,36.000,true
307.000,4,2.000,3.062,1145,false,1174.093,48.000,false
308.000,0,1.000,0.682,366,false,371.300,9.600,false
308.000,1,0.000,1.014,379,false,387.619,16.800,false
308.000,2,3.000,2.220,565,false,585.678,25.200,false
308.000,3,1.000,3.287,802,false,833.342,36.000,false
308.000,4,6.000,3.943,1151,false,1188.908,48.000,false
309.000,0,2.000,1.078,368,false,377.253,9.600,true
309.000,1,1.000,1.010,380,false,388.577,16.800,false
309.000,2,2.000,2.154,567,false,587.017,25.200,false
309.000,3,1.000,2.601,803,false,827.482,36.000,false
309.000,4,3.000,3.660,1154,false,1189.079,48.000,false
310.000,0,0.000,0.754,368,false,374.020,9.600,false
310.000,1,1.000,1.007,381,false,389.546,16.800,false
310.000,2,0.000,1.508,566,false,579.555,25.200,false
310.000,3,1.000,2.120,804,false,823.680,36.000,false
310.000,4,7.000,4.662,1161,false,1206.098,48.000,false
311.000,0,1.000,0.828,369,false,375.757,9.600,false
311.000,1,1.000,1.005,382,false,390.525,16.800,false
311.000,2,5.000,2.556,561,false,595.031,25.200,true
311.000,3,0.000,1.484,804,false,817.319,36.000,false
311.000,4,2.000,3.864,1162,false,1199.111,48.000,false
312.000,0,0.000,0.580,378,false,382.273,9.600,false
312.000,1,0.000,0.703,382,false,387.511,16.800,false
312.000,2,3.000,2.689,564,false,589.365,25.200,true
312.000,3,5.000,2.539,809,false,832.866,36.000,false
312.000,4,5.000,4.204,1167,false,1207.521,48.000,false
313.000,0,0.000,0.406,378,false,380.534,9.600,false
313.000,1,0.000,0.492,382,false,385.400,16.800,false
313.000,2,1.000,2.182,565,false,585.298,25.200,false
313.000,3,4.000,2.977,813,false,841.249,36.000,false
313.000,4,3.000,3.843,1170,false,1206.907,48.000,false
314.000,0,0.000,0.284,378,false,379.316,9.600,false
314.000,1,1.000,0.645,383,false,387.923,16.800,false
314.000,2,3.000,2.428,568,false,590.752,25.200,false
314.000,3,2.000,2.684,815,false,840.317,36.000,false
314.000,4,3.000,3.590,1173,false,1207.378,48.000,false
315.000,0,3.000,1.099,380,false,389.464,9.600,true
315.000,1,4.000,1.651,386,false,400.989,16.800,false
315.000,2,2.000,2.299,570,false,591.469,25.200,false
315.000,3,3.000,2.779,818,false,844.265,36.000,false
315.000,4,3.000,3.413,1176,false,1208.607,48.000,false
316.000,0,1.000,1.069,381,false,390.168,9.600,true
316.000,1,0.000,1.156,386,false,396.035,16.800,false
316.000,2,2.000,2.209,572,false,592.571,25.200,false
316.000,3,5.000,3.445,823,false,855.928,36.000,false
316.000,4,9.000,5.089,1175,false,1234.368,48.000,true
317.000,0,1.000,1.048,390,false,398.960,9.600,true
317.000,1,2.000,1.409,390,false,402.567,16.800,false
317.000,2,2.000,2.147,573,false,592.943,25.200,false
317.000,3,3.000,3.312,826,false,857.593,36.000,false
317.000,4,4.000,4.762,1178,false,1224.101,48.000,false
318.000,0,0.000,0.734,390,false,395.815,9.600,false
318.000,1,1.000,1.286,391,false,402.340,16.800,false
318.000,2,1.000,1.803,574,false,590.503,25.200,false
318.000,3,7.000,4.418,833,false,875.658,36.000,true
318.000,4,4.000,4.534,1182,false,1225.813,48.000,false
319.000,0,1.000,0.814,391,false,397.613,9.600,false
319.000,1,3.000,1.800,384,false,410.481,16.800,true
319.000,2,4.000,2.462,578,false,601.095,25.200,false
319.000,3,3.000,3.993,836,false,874.403,36.000,true
319.000,4,5.000,4.674,1186,false,1231.212,48.000,false
320.000,0,1.000,0.870,402,false,409.172,9.600,false
320.000,1,1.000,1.560,385,false,399.079,16.800,false
320.000,2,2.000,2.323,580,false,601.709,25.200,false
320.000,3,4.000,3.995,840,false,878.425,36.000,true
320.000,4,3.000,4.172,1189,false,1229.191,48.000,false
321.000,0,1.000,0.909,402,false,409.563,9.600,false
321.000,1,1.000,1.392,386,false,398.399,16.800,false
321.000,2,1.000,1.926,580,false,597.739,25.200,false
321.000,3,5.000,4.296,845,false,886.440,36.000,true
321.000,4,1.000,3.220,1190,false,1220.677,48.000,false
322.000,0,1.000,0.936,403,false,410.837,9.600,false
322.000,1,1.000,1.275,387,false,398.222,16.800,false
322.000,2,5.000,2.848,585,false,611.960,25.200,true
322.000,3,6.000,4.807,851,false,897.551,36.000,true
322.000,4,2.000,2.854,1192,false,1219.017,48.000,false
323.000,0,0.000,0.655,403,false,408.029,9.600,false
323.000,1,0.000,0.892,386,false,393.398,16.800,false
323.000,2,1.000,2.294,586,false,607.415,25.200,false
323.000,3,1.000,3.665,851,false,886.129,36.000,true
323.000,4,3.000,2.898,1194,false,1221.454,48.000,false
324.000,0,0.000,0.459,403,false,406.063,9.600,false
324.000,1,2.000,1.225,388,false,398.722,16.800,false
324.000,2,2.000,2.206,587,false,607.533,25.200,false
324.000,3,4.000,3.766,855,false,891.133,36.000,true
324.000,4,3.000,2.928,1197,false,1224.761,48.000,false
325.000,0,0.000,0.321,402,false,403.687,9.600,false
325.000,1,2.000,1.457,390,false,403.048,16.800,false
325.000,2,3.000,2.444,590,false,612.916,25.200,false
325.000,3,3.000,3.536,858,false,891.836,36.000,false
325.000,4,2.000,2.650,1199,false,1223.976,48.000,false
326.000,0,0.000,0.225,402,false,402.724,9.600,false
326.000,1,3.000,1.920,392,false,409.676,16.800,true
326.000,2,4.000,2.911,594,false,621.584,25.200,true
326.000,3,1.000,2.775,858,false,884.228,36.000,false
326.000,4,4.000,3.055,1203,false,1232.026,48.000,false
327.000,0,1.000,0.457,403,false,406.050,9.600,false
327.000,1,0.000,1.344,392,false,403.916,16.800,false
327.000,2,3.000,2.938,597,false,624.852,25.200,true
327.000,3,2.000,2.543,860,false,883.902,36.000,false
327.000,4,3.000,3.038,1206,false,1234.861,48.000,false
328.000,0,0.000,0.320,403,false,404.678,9.600,false
328.000,1,4.000,2.141,396,false,415.884,16.800,true
328.000,2,1.000,2.356,598,false,620.039,25.200,false
328.000,3,3.000,2.680,863,false,888.275,36.000,false
328.000,4,5.000,3.627,1211,false,1245.745,48.000,false
329.000,0,0.000,0.224,403,false,403.717,9.600,false
329.000,1,0.000,1.499,396,false,409.462,16.800,false
329.000,2,1.000,1.949,599,false,616.970,25.200,false
329.000,3,3.000,2.776,866,false,892.235,36.000,false
329.000,4,4.000,3.739,1214,false,1249.865,48.000,false
330.000,0,1.000,0.457,404,false,407.045,9.600,false
330.000,1,1.000,1.349,397,false,408.966,16.800,false
330.000,2,0.000,1.365,599,false,611.122,25.200,false
330.000,3,2.000,2.543,868,false,891.907,36.000,false
330.000,4,2.000,3.217,1216,false,1246.648,48.000,false
331.000,0,2.000,0.920,406,false,413.674,9.600,false
331.000,1,0.000,0.944,397,false,404.919,16.800,false
331.000,2,3.000,1.855,602,false,619.028,25.200,false
331.000,3,1.000,2.080,869,false,888.278,36.000,false
331.000,4,8.000,4.652,1224,false,1268.997,48.000,false
332.000,0,0.000,0.644,406,false,410.915,9.600,false
332.000,1,2.000,1.261,399,false,410.086,16.800,false
332.000,2,0.000,1.299,602,false,613.463,25.200,false
332.000,3,5.000,2.956,874,false,902.037,36.000,false
332.000,4,1.000,3.556,1225,false,1259.040,48.000,false
333.000,0,0.000,0.451,405,false,407.983,9.600,false
333.000,1,0.000,0.883,399,false,406.303,16.800,false
333.000,2,3.000,1.809,604,false,620.567,25.200,false
333.000,3,2.000,2.669,876,false,901.169,36.000,false
333.000,4,6.000,4.289,1231,false,1272.371,48.000,false
334.000,0,0.000,0.315,405,false,406.631,9.600,false
334.000,1,2.000,1.218,401,false,411.655,16.800,false
334.000,2,1.000,1.566,605,false,619.140,25.200,false
334.000,3,2.000,2.469,877,false,900.161,36.000,false
334.000,4,5.000,4.503,1236,false,1279.503,48.000,false
335.000,0,0.000,0.221,405,false,405.685,9.600,false
335.000,1,3.000,1.753,404,false,420.001,16.800,true
335.000,2,2.000,1.696,607,false,622.441,25.200,false
335.000,3,5.000,3.228,882,false,912.756,36.000,false
335.000,4,2.000,3.752,1238,false,1273.995,48.000,false
336.000,0,4.000,1.355,398,false,420.022,9.600,true
336.000,1,0.000,1.227,414,false,424.744,16.800,false
336.000,2,4.000,2.388,611,false,633.351,25.200,false
336.000,3,4.000,3.460,886,false,919.072,36.000,false
336.000,4,6.000,4.426,1243,false,1285.739,48.000,false
337.000,0,1.000,1.248,399,false,409.958,9.600,true
337.000,1,2.000,1.459,416,false,429.064,16.800,false
337.000,2,3.000,2.571,613,false,637.189,25.200,true
337.000,3,0.000,2.422,886,false,908.693,36.000,false
337.000,4,1.000,3.398,1244,false,1276.460,48.000,false
338.000,0,1.000,1.174,400,false,410.214,9.600,true
338.000,1,2.000,1.621,418,false,432.687,16.800,false
338.000,2,2.000,2.400,615,false,637.475,25.200,false
338.000,3,6.000,3.495,892,false,925.428,36.000,false
338.000,4,6.000,4.179,1250,false,1290.265,48.000,false
339.000,0,0.000,0.822,400,false,406.692,9.600,false
339.000,1,1.000,1.435,419,false,431.824,16.800,false
339.000,2,2.000,2.280,617,false,638.275,25.200,false
339.000,3,1.000,2.747,892,false,917.943,36.000,false
339.000,4,3.000,3.825,1253,false,1289.728,48.000,false
340.000,0,0.000,0.575,400,false,404.228,9.600,false
340.000,1,1.000,1.304,420,false,431.520,16.800,false
340.000,2,0.000,1.596,617,false,631.436,25.200,false
340.000,3,7.000,4.023,899,false,937.703,36.000,true
340.000,4,3.000,3.578,1256,false,1290.253,48.000,false
341.000,0,0.000,0.403,400,false,402.502,9.600,false
341.000,1,1.000,1.213,420,false,430.607,16.800,false
341.000,2,0.000,1.117,616,false,625.648,25.200,false
341.000,3,4.000,4.016,903,false,941.635,36.000,true
341.000,4,3.000,3.404,1259,false,1291.520,48.000,false
342.000,0,1.000,0.582,400,false,404.294,9.600,false
342.000,1,2.000,1.449,422,false,434.967,16.800,false
342.000,2,3.000,1.682,619,false,634.296,25.200,false
342.000,3,4.000,4.011,907,false,945.587,36.000,true
342.000,4,2.000,2.983,1260,false,1288.307,48.000,false
343.000,0,3.000,1.307,403,false,414.549,9.600,true
343.000,1,1.000,1.314,423,false,434.620,16.800,false
343.000,2,4.000,2.377,623,false,645.250,25.200,false
343.000,3,3.000,3.708,910,false,945.554,36.000,true
343.000,4,5.000,3.588,1265,false,1299.358,48.000,false
344.000,0,0.000,0.915,403,false,410.627,9.600,false
344.000,1,2.000,1.520,424,false,437.677,16.800,false
344.000,2,2.000,2.264,625,false,646.118,25.200,false
344.000,3,4.000,3.795,903,false,949.431,36.000,true
344.000,4,7.000,4.612,1271,false,1315.593,48.000,false
345.000,0,0.000,0.641,413,false,417.882,9.600,false
345.000,1,2.000,1.664,426,false,441.117,16.800,false
345.000,2,7.000,3.685,632,false,667.325,25.200,true
345.000,3,4.000,3.857,907,false,944.044,36.000,true
345.000,4,3.000,4.128,1274,false,1313.758,48.000,false
346.000,0,3.000,1.348,415,false,426.960,9.600,true
346.000,1,0.000,1.165,425,false,435.125,16.800,false
346.000,2,1.000,2.879,632,false,659.271,25.200,true
346.000,3,2.000,3.300,909,false,940.474,36.000,false
346.000,4,11.000,6.190,1285,false,1345.373,48.000,true
347.000,0,0.000,0.944,415,false,422.915,9.600,false
347.000,1,1.000,1.115,426,false,435.630,16.800,false
347.000,2,1.000,2.316,633,false,654.632,25.200,false
347.000,3,4.000,3.510,913,false,946.575,36.000,false
347.000,4,2.000,4.933,1287,false,1334.804,48.000,true
348.000,0,0.000,0.661,415,false,420.083,9.600,false
348.000,1,1.000,1.081,427,false,436.284,16.800,false
348.000,2,3.000,2.521,636,false,659.685,25.200,true
348.000,3,0.000,2.457,912,false,935.045,36.000,false
348.000,4,5.000,4.953,1292,false,1340.006,48.000,true
349.000,0,0.000,0.462,415,false,418.101,9.600,false
349.000,1,0.000,0.757,427,false,433.042,16.800,false
349.000,2,3.000,2.665,639,false,664.123,25.200,true
349.000,3,3.000,2.620,915,false,939.674,36.000,false
349.000,4,6.000,5.267,1298,false,1349.147,48.000,true
350.000,0,3.000,1.224,418,false,428.714,9.600,true
350.000,1,2.000,1.130,429,false,438.772,16.800,false
350.000,2,4.000,3.065,643,false,672.129,25.200,true
350.000,3,4.000,3.034,919,false,947.815,36.000,false
350.000,4,0.000,3.687,1298,false,1333.346,48.000,false
351.000,0,0.000,0.857,418,false,425.042,9.600,false
351.000,1,1.000,1.091,430,false,439.383,16.800,false
351.000,2,3.000,3.046,636,false,674.933,25.200,true
351.000,3,3.000,3.024,922,false,950.713,36.000,false
351.000,4,3.000,3.481,1300,false,1333.285,48.000,false
352.000,0,1.000,0.900,429,false,436.473,9.600,false
352.000,1,3.000,1.663,433,false,448.111,16.800,false
352.000,2,0.000,2.132,635,false,654.796,25.200,false
352.000,3,2.000,2.717,924,false,949.642,36.000,false
352.000,4,3.000,3.337,1303,false,1334.842,48.000,false
353.000,0,1.000,0.930,430,false,437.774,9.600,false
353.000,1,2.000,1.764,435,false,451.121,16.800,true
353.000,2,2.000,2.092,637,false,656.400,25.200,false
353.000,3,7.000,4.002,931,false,969.492,36.000,true
353.000,4,6.000,4.136,1309,false,1348.832,48.000,false
354.000,0,0.000,0.651,430,false,434.984,9.600,false
354.000,1,4.000,2.435,438,false,460.827,16.800,true
354.000,2,4.000,2.665,641,false,666.123,25.200,true
354.000,3,5.000,4.301,935,false,976.488,36.000,true
354.000,4,2.000,3.495,1310,false,1343.426,48.000,false
355.000,0,1.000,0.756,431,false,437.032,9.600,false
355.000,1,1.000,2.005,439,false,457.522,16.800,true
355.000,2,3.000,2.765,644,false,670.129,25.200,true
355.000,3,2.000,3.611,937,false,971.584,36.000,true
355.000,4,3.000,3.346,1313,false,1344.941,48.000,false
356.000,0,2.000,1.129,433,false,442.765,9.600,true
356.000,1,3.000,2.303,442,false,463.508,16.800,true
356.000,2,2.000,2.536,645,false,668.833,25.200,true
356.000,3,5.000,4.028,942,false,980.752,36.000,true
356.000,4,4.000,3.543,1317,false,1350.901,48.000,false
357.000,0,1.000,1.090,434,false,443.379,9.600,true
357.000,1,3.000,2.512,445,false,468.599,16.800,true
357.000,2,1.000,2.075,646,false,665.226,25.200,false
357.000,3,3.000,3.719,945,false,980.669,36.000,true
357.000,4,6.000,4.280,1323,false,1364.274,48.000,false
358.000,0,0.000,0.763,434,false,440.108,9.600,false
358.000,1,0.000,1.759,445,false,461.062,16.800,true
358.000,2,3.000,2.352,649,false,671.001,25.200,false
358.000,3,2.000,3.204,947,false,977.511,36.000,false
358.000,4,7.000,5.096,1320,false,1379.435,48.000,true
359.000,0,2.000,1.134,446,false,455.818,9.600,true
359.000,1,1.000,1.531,446,false,459.786,16.800,false
359.000,2,5.000,3.147,654,false,683.944,25.200,true
359.000,3,4.000,3.442,950,false,982.901,36.000,false
359.000,4,3.000,4.467,1323,false,1366.147,48.000,false
360.000,0,0.000,0.794,446,false,452.416,9.600,false
360.000,1,1.000,1.372,447,false,459.193,16.800,false
360.000,2,2.000,2.803,656,false,682.503,25.200,true
360.000,3,3.000,3.310,953,false,984.573,36.000,false
360.000,4,4.000,4.327,1327,false,1368.746,48.000,false
361.000,0,1.000,0.856,447,false,454.034,9.600,false
361.000,1,0.000,0.960,447,false,455.078,16.800,false
361.000,2,4.000,3.162,660,false,690.095,25.200,true
361.000,3,2.000,2.917,955,false,982.644,36.000,false
361.000,4,5.000,4.529,1331,false,1374.765,48.000,false
362.000,0,0.000,0.599,446,false,450.467,9.600,false
362.000,1,1.000,0.972,448,false,456.198,16.800,false
362.000,2,0.000,2.213,659,false,679.610,25.200,false
362.000,3,2.000,2.642,957,false,981.894,36.000,false
362.000,4,2.000,3.770,1333,false,1369.178,48.000,false
363.000,0,2.000,1.019,448,false,456.669,9.600,true
363.000,1,1.000,0.980,449,false,457.281,16.800,false
363.000,2,2.000,2.149,661,false,680.970,25.200,false
363.000,3,5.000,3.349,962,false,993.969,36.000,false
363.000,4,8.000,5.039,1341,false,1389.868,48.000,true
364.000,0,2.000,1.314,450,false,461.611,9.600,true
364.000,1,0.000,0.686,448,false,453.340,16.800,false
364.000,2,2.000,2.105,663,false,682.522,25.200,false
364.000,3,2.000,2.944,964,false,991.921,36.000,false
364.000,4,3.000,4.427,1344,false,1386.750,48.000,false
365.000,0,2.000,1.519,452,false,465.671,9.600,true
365.000,1,1.000,0.780,449,false,455.281,16.800,false
365.000,2,4.000,2.673,667,false,692.208,25.200,true
365.000,3,0.000,2.061,964,false,983.087,36.000,false
365.000,4,1.000,3.399,1345,false,1377.468,48.000,false
366.000,0,1.000,1.364,453,false,465.112,9.600,true
366.000,1,0.000,0.546,449,false,452.939,16.800,false
366.000,2,1.000,2.171,668,false,688.188,25.200,false
366.000,3,0.000,1.443,963,false,975.904,36.000,false
366.000,4,2.000,2.979,1347,false,1375.270,48.000,false
367.000,0,2.000,1.555,455,false,469.022,9.600,true
367.000,1,0.000,0.382,449,false,451.300,16.800,false
367.000,2,5.000,3.020,673,false,701.675,25.200,true
367.000,3,1.000,1.310,964,false,975.576,36.000,false
367.000,4,2.000,2.686,1349,false,1374.332,48.000,false
368.000,0,1.000,1.388,456,false,468.358,9.600,true
368.000,1,0.000,0.268,449,false,450.153,16.800,false
368.000,2,0.000,2.114,673,false,692.615,25.200,false
368.000,3,3.000,1.817,967,false,983.646,36.000,false
368.000,4,1.000,2.180,1349,false,1369.275,48.000,false
369.000,0,0.000,0.972,456,false,464.193,9.600,true
369.000,1,2.000,0.787,450,false,456.350,16.800,false
369.000,2,1.000,1.780,674,false,690.273,25.200,false
369.000,3,5.000,2.772,972,false,998.195,36.000,false
369.000,4,5.000,3.026,1354,false,1382.736,48.000,false
370.000,0,2.000,1.280,457,false,468.278,9.600,true
370.000,1,2.000,1.151,452,false,461.988,16.800,false
370.000,2,2.000,1.846,676,false,692.934,25.200,false
370.000,3,3.000,2.840,975,false,1001.879,36.000,false
370.000,4,7.000,4.218,1361,false,1401.658,48.000,false
371.000,0,0.000,0.896,457,false,464.438,9.600,false
371.000,1,5.000,2.306,447,false,478.534,16.800,true
371.000,2,3.000,2.192,679,false,699.397,25.200,false
371.000,3,5.000,3.488,980,false,1013.358,36.000,false
371.000,4,4.000,4.153,1365,false,1405.003,48.000,false
372.000,0,3.000,1.527,470,false,483.749,9.600,true
372.000,1,1.000,1.914,448,false,465.617,16.800,true
372.000,2,2.000,2.134,681,false,700.821,25.200,false
372.000,3,3.000,3.342,982,false,1013.894,36.000,false
372.000,4,5.000,4.407,1370,false,1412.545,48.000,false
373.000,0,0.000,1.069,470,false,479.167,9.600,true
373.000,1,2.000,1.940,449,false,466.875,16.800,true
373.000,2,6.000,3.294,687,false,718.417,25.200,true
373.000,3,1.000,2.639,983,false,1007.868,36.000,false
373.000,4,8.000,5.485,1377,false,1430.324,48.000,true
374.000,0,0.000,0.748,470,false,475.960,9.600,false
374.000,1,2.000,1.958,451,false,469.055,16.800,true
374.000,2,2.000,2.906,689,false,716.535,25.200,true
374.000,3,3.000,2.747,986,false,1011.951,36.000,false
374.000,4,3.000,4.739,1380,false,1425.870,48.000,false
375.000,0,0.000,0.524,470,false,473.715,9.600,false
375.000,1,1.000,1.671,452,false,467.181,16.800,false
375.000,2,1.000,2.334,690,false,711.817,25.200,false
375.000,3,4.000,3.123,990,false,1019.708,36.000,false
375.000,4,2.000,3.918,1382,false,1419.652,48.000,false
376.000,0,0.000,0.367,469,false,471.143,9.600,false
376.000,1,1.000,1.469,453,false,466.170,16.800,false
376.000,2,4.000,2.834,694,false,720.815,25.200,true
376.000,3,2.000,2.786,992,false,1018.339,36.000,false
376.000,4,4.000,3.942,1386,false,1423.899,48.000,false
377.000,0,0.000,0.257,469,false,470.043,9.600,false
377.000,1,0.000,1.029,452,false,460.762,16.800,false
377.000,2,3.000,2.884,697,false,724.313,25.200,true
377.000,3,2.000,2.550,994,false,1017.980,36.000,false
377.000,4,5.000,4.260,1391,false,1432.072,48.000,false
378.000,0,0.000,0.180,469,false,469.273,9.600,false
378.000,1,1.000,1.020,453,false,461.676,16.800,false
378.000,2,1.000,2.319,698,false,719.662,25.200,false
378.000,3,3.000,2.685,997,false,1022.329,36.000,false
378.000,4,5.000,4.482,1396,false,1439.293,48.000,false
379.000,0,1.000,0.426,470,false,472.734,9.600,false
379.000,1,0.000,0.714,453,false,458.616,16.800,false
379.000,2,1.000,1.923,699,false,716.706,25.200,false
379.000,3,6.000,3.680,1002,false,1037.273,36.000,true
379.000,4,3.000,4.037,1398,false,1436.848,48.000,false
380.000,0,1.000,0.598,471,false,475.457,9.600,false
380.000,1,1.000,0.800,454,false,460.474,16.800,false
380.000,2,1.000,1.646,700,false,714.937,25.200,false
380.000,3,0.000,2.576,1002,false,1026.234,36.000,false
380.000,4,6.000,4.626,1404,false,1448.737,48.000,false
381.000,0,0.000,0.419,471,false,473.663,9.600,false
381.000,1,2.000,1.160,456,false,466.075,16.800,false
381.000,2,3.000,2.052,703,false,721.999,25.200,false
381.000,3,3.000,2.703,1005,false,1030.507,36.000,false
381.000,4,5.000,4.738,1409,false,1454.859,48.000,false
382.000,0,1.000,0.593,472,false,476.407,9.600,false
382.000,1,1.000,1.112,457,false,466.595,16.800,false
382.000,2,2.000,2.037,705,false,723.842,25.200,false
382.000,3,1.000,2.192,1006,false,1026.398,36.000,false
382.000,4,4.000,4.517,1413,false,1456.644,48.000,false
383.000,0,0.000,0.415,471,false,473.627,9.600,false
383.000,1,0.000,0.778,457,false,463.259,16.800,false
383.000,2,2.000,2.026,707,false,725.732,25.200,false
383.000,3,1.000,1.834,1007,false,1023.821,36.000,false
383.000,4,5.000,4.662,1418,false,1463.094,48.000,false
384.000,0,0.000,0.291,471,false,472.382,9.600,false
384.000,1,1.000,0.845,457,false,463.924,16.800,false
384.000,2,1.000,1.718,708,false,723.656,25.200,false
384.000,3,2.000,1.884,1009,false,1026.318,36.000,false
384.000,4,5.000,4.763,1422,false,1468.108,48.000,false
385.000,0,1.000,0.503,471,false,474.510,9.600,false
385.000,1,0.000,0.591,457,false,461.390,16.800,false
385.000,2,1.000,1.503,709,false,722.502,25.200,false
385.000,3,3.000,2.219,1011,false,1031.665,36.000,false
385.000,4,3.000,4.234,1425,false,1465.819,48.000,false
386.000,0,0.000,0.352,471,false,473.000,9.600,false
386.000,1,1.000,0.714,458,false,463.616,16.800,false
386.000,2,2.000,1.652,710,false,724.994,25.200,false
386.000,3,1.000,1.853,1012,false,1029.008,36.000,false
386.000,4,5.000,4.464,1430,false,1473.116,48.000,false
387.000,0,1.000,0.547,472,false,475.943,9.600,false
387.000,1,2.000,1.100,460,false,469.474,16.800,false
387.000,2,3.000,2.056,713,false,732.039,25.200,false
387.000,3,4.000,2.497,1016,false,1039.449,36.000,false
387.000,4,1.000,3.425,1431,false,1463.724,48.000,false
388.000,0,1.000,0.683,473,false,478.303,9.600,false
388.000,1,1.000,1.070,460,false,469.175,16.800,false
388.000,2,3.000,2.339,716,false,737.870,25.200,false
388.000,3,5.000,3.248,1021,false,1051.957,36.000,false
388.000,4,5.000,3.897,1436,false,1473.450,48.000,false
389.000,0,0.000,0.478,473,false,476.255,9.600,false
389.000,1,0.000,0.749,460,false,465.965,16.800,false
389.000,2,2.000,2.238,718,false,738.852,25.200,false
389.000,3,1.000,2.574,1021,false,1045.213,36.000,false
389.000,4,4.000,3.928,1440,false,1477.758,48.000,false
390.000,0,1.000,0.635,474,false,478.821,9.600,false
390.000,1,0.000,0.524,460,false,463.718,16.800,false
390.000,2,3.000,2.466,721,false,744.139,25.200,false
390.000,3,3.000,2.702,1024,false,1049.492,36.000,false
390.000,4,2.000,3.350,1442,false,1473.973,48.000,false
391.000,0,0.000,0.444,473,false,475.918,9.600,false
391.000,1,3.000,1.267,463,false,474.146,16.800,false
391.000,2,0.000,1.726,721,false,736.740,25.200,false
391.000,3,1.000,2.191,1025,false,1045.387,36.000,false
391.000,4,5.000,3.845,1446,false,1482.924,48.000,false
392.000,0,0.000,0.311,473,false,474.585,9.600,false
392.000,1,2.000,1.487,465,false,478.345,16.800,false
392.000,2,0.000,1.208,721,false,731.561,25.200,false
392.000,3,3.000,2.434,1028,false,1050.814,36.000,false
392.000,4,2.000,3.291,1448,false,1479.390,48.000,false
393.000,0,0.000,0.218,473,false,473.653,9.600,false
393.000,1,2.000,1.641,467,false,481.884,16.800,false
393.000,2,2.000,1.446,723,false,735.936,25.200,false
393.000,3,4.000,2.904,1032,false,1059.513,36.000,false
393.000,4,7.000,4.404,1455,false,1497.516,48.000,false
394.000,0,1.000,0.452,474,false,477.000,9.600,false
394.000,1,2.000,1.749,469,false,484.962,16.800,true
394.000,2,2.000,1.612,725,false,739.598,25.200,false
394.000,3,1.000,2.333,1032,false,1053.802,36.000,false
394.000,4,6.000,4.883,1461,false,1508.304,48.000,true
395.000,0,1.000,0.617,474,false,478.643,9.600,false
395.000,1,1.000,1.524,469,false,482.716,16.800,false
395.000,2,2.000,1.729,727,false,742.761,25.200,false
395.000,3,3.000,2.533,1035,false,1058.804,36.000,false
395.000,4,5.000,4.918,1466,false,1513.656,48.000,true
396.000,0,0.000,0.432,474,false,476.793,9.600,false
396.000,1,2.000,1.667,471,false,486.144,16.800,false
396.000,2,2.000,1.810,728,false,744.576,25.200,false
396.000,3,2.000,2.373,1037,false,1059.206,36.000,false
396.000,4,5.000,4.943,1471,false,1518.902,48.000,true
397.000,0,0.000,0.302,474,false,475.498,9.600,false
397.000,1,0.000,1.167,471,false,481.144,16.800,false
397.000,2,1.000,1.567,729,false,743.146,25.200,false
397.000,3,2.000,2.261,1038,false,1059.087,36.000,false
397.000,4,2.000,4.060,1473,false,1512.074,48.000,false
398.000,0,0.000,0.212,474,false,474.591,9.600,false
398.000,1,0.000,0.817,470,false,476.643,16.800,false
398.000,2,0.000,1.097,729,false,738.445,25.200,false
398.000,3,1.000,1.883,1039,false,1056.304,36.000,false
398.000,4,2.000,3.442,1475,false,1507.895,48.000,false
399.000,0,2.000,0.748,475,false,480.957,9.600,false
399.000,1,2.000,1.172,472,false,482.193,16.800,false
399.000,2,3.000,1.668,732,false,747.154,25.200,false
399.000,3,2.000,1.918,1041,false,1058.655,36.000,false
399.000,4,4.000,3.609,1479,false,1513.569,48.000,false
400.000,0,1.000,0.824,476,false,482.713,9.600,false
400.000,1,1.000,1.120,473,false,482.678,16.800,false
400.000,2,0.000,1.167,732,false,742.151,25.200,false
400.000,3,2.000,1.943,1043,false,1060.902,36.000,false
400.000,4,7.000,4.627,1486,false,1530.741,48.000,false
401.000,0,1.000,0.877,477,false,484.242,9.600,false
401.000,1,0.000,0.784,473,false,479.318,16.800,false
401.000,2,2.000,1.417,734,false,746.648,25.200,false
401.000,3,4.000,2.560,1047,false,1071.074,36.000,false
401.000,4,5.000,4.739,1491,false,1536.862,48.000,false
402.000,0,1.000,0.914,478,false,485.612,9.600,false
402.000,1,0.000,0.549,473,false,476.965,16.800,false
402.000,2,4.000,2.192,738,false,758.397,25.200,false
402.000,3,2.000,2.392,1049,false,1071.395,36.000,false
402.000,4,1.000,3.617,1492,false,1526.646,48.000,false
403.000,0,0.000,0.640,478,false,482.871,9.600,false
403.000,1,2.000,0.984,475,false,483.318,16.800,false
403.000,2,3.000,2.434,740,false,762.821,25.200,false
403.000,3,4.000,2.874,1053,false,1080.219,36.000,false
403.000,4,2.000,3.132,1494,false,1523.795,48.000,false
404.000,0,1.000,0.748,479,false,484.953,9.600,false
404.000,1,1.000,0.989,476,false,484.366,16.800,false
404.000,2,2.000,2.304,742,false,763.517,25.200,false
404.000,3,8.000,4.412,1050,false,1102.596,36.000,true
404.000,4,7.000,4.292,1501,false,1542.399,48.000,false
405.000,0,1.000,0.823,484,false,490.710,9.600,false
405.000,1,0.000,0.692,481,false,486.399,16.800,false
405.000,2,1.000,1.913,743,false,760.605,25.200,false
405.000,3,3.000,3.988,1053,false,1091.360,36.000,true
405.000,4,3.000,3.905,1504,false,1541.522,48.000,false
406.000,0,0.000,0.576,484,false,488.240,9.600,false
406.000,1,0.000,0.485,481,false,484.322,16.800,false
406.000,2,3.000,2.239,745,false,765.866,25.200,false
406.000,3,1.000,3.092,1054,false,1083.395,36.000,false
406.000,4,0.000,2.733,1504,false,1529.809,48.000,false
407.000,0,0.000,0.403,483,false,485.511,9.600,false
407.000,1,1.000,0.639,482,false,486.868,16.800,false
407.000,2,0.000,1.567,745,false,759.149,25.200,false
407.000,3,1.000,2.464,1055,false,1078.119,36.000,false
407.000,4,2.000,2.513,1506,false,1529.609,48.000,false
408.000,0,0.000,0.282,483,false,484.300,9.600,false
408.000,1,0.000,0.447,482,false,484.951,16.800,false
408.000,2,0.000,1.097,744,false,753.447,25.200,false
408.000,3,8.000,4.125,1062,false,1101.726,36.000,true
408.000,4,2.000,2.359,1507,false,1529.069,48.000,false
409.000,0,1.000,0.498,484,false,487.453,9.600,false
409.000,1,0.000,0.313,482,false,483.608,16.800,false
409.000,2,2.000,1.368,746,false,758.156,25.200,false
409.000,3,0.000,2.888,1062,false,1089.351,36.000,false
409.000,4,6.000,3.452,1513,false,1545.991,48.000,false
410.000,0,0.000,0.348,484,false,485.960,9.600,false
410.000,1,1.000,0.519,483,false,486.669,16.800,false
410.000,2,2.000,1.558,748,false,762.052,25.200,false
410.000,3,3.000,2.921,1065,false,1092.689,36.000,false
410.000,4,2.000,3.016,1515,false,1543.637,48.000,false
411.000,0,0.000,0.244,484,false,484.915,9.600,false
411.000,1,2.000,0.963,485,false,493.111,16.800,false
411.000,2,2.000,1.690,750,false,765.379,25.200,false
411.000,3,4.000,3.245,1069,false,1099.925,36.000,false
411.000,4,7.000,4.211,1522,false,1562.589,48.000,false
412.000,0,0.000,0.171,483,false,483.183,9.600,false
412.000,1,2.000,1.274,486,false,497.221,16.800,false
412.000,2,3.000,2.083,753,false,772.308,25.200,false
412.000,3,1.000,2.571,1070,false,1094.190,36.000,false
412.000,4,3.000,3.848,1525,false,1561.955,48.000,false
413.000,0,2.000,0.719,485,false,490.671,9.600,false
413.000,1,2.000,1.492,488,false,501.397,16.800,false
413.000,2,0.000,1.458,753,false,766.059,25.200,false
413.000,3,2.000,2.400,1072,false,1094.476,36.000,false
413.000,4,8.000,5.094,1523,false,1582.411,48.000,true
414.000,0,1.000,0.804,493,false,499.513,9.600,false
414.000,1,0.000,1.044,491,false,499.921,16.800,false
414.000,2,2.000,1.621,755,false,769.684,25.200,false
414.000,3,3.000,2.580,1075,false,1099.276,36.000,false
414.000,4,2.000,4.165,1525,false,1565.131,48.000,false
415.000,0,0.000,0.563,492,false,496.102,9.600,false
415.000,1,1.000,1.031,492,false,500.787,16.800,false
415.000,2,2.000,1.735,757,false,772.822,25.200,false
415.000,3,2.000,2.406,1076,false,1098.536,36.000,false
415.000,4,2.000,3.516,1527,false,1560.634,48.000,false
416.000,0,1.000,0.694,493,false,498.414,9.600,false
416.000,1,0.000,0.722,491,false,496.694,16.800,false
416.000,2,2.000,1.814,758,false,774.618,25.200,false
416.000,3,4.000,2.884,1080,false,1107.318,36.000,false
416.000,4,4.000,3.661,1530,false,1565.087,48.000,false
417.000,0,1.000,0.786,494,false,500.333,9.600,false
417.000,1,0.000,0.505,491,false,494.529,16.800,false
417.000,2,1.000,1.570,759,false,773.175,25.200,false
417.000,3,4.000,3.219,1084,false,1114.666,36.000,false
417.000,4,5.000,4.063,1535,false,1574.104,48.000,false
418.000,0,0.000,0.550,494,false,497.976,9.600,false
418.000,1,2.000,0.954,493,false,501.013,16.800,false
418.000,2,1.000,1.399,760,false,772.466,25.200,false
418.000,3,1.000,2.553,1085,false,1109.009,36.000,false
418.000,4,6.000,4.644,1541,false,1585.915,48.000,false
419.000,0,1.000,0.685,494,false,499.326,9.600,false
419.000,1,2.000,1.268,495,false,506.152,16.800,false
419.000,2,1.000,1.279,761,false,772.269,25.200,false
419.000,3,4.000,2.987,1089,false,1117.349,36.000,false
419.000,4,4.000,4.451,1545,false,1587.984,48.000,false
420.000,0,3.000,1.379,487,false,509.271,9.600,true
420.000,1,4.000,2.087,499,false,528.349,16.800,true
420.000,2,2.000,1.495,763,false,776.431,25.200,false
420.000,3,3.000,2.991,1092,false,1120.387,36.000,false
420.000,4,4.000,4.316,1549,false,1590.631,48.000,false
421.000,0,2.000,1.566,499,false,513.133,9.600,true
421.000,1,2.000,2.061,501,false,520.087,16.800,true
421.000,2,1.000,1.347,764,false,775.945,25.200,false
421.000,3,2.000,2.694,1094,false,1119.414,36.000,false
421.000,4,6.000,4.821,1555,false,1601.685,48.000,true
422.000,0,1.000,1.396,500,false,512.436,9.600,true
422.000,1,1.000,1.743,502,false,517.904,16.800,true
422.000,2,3.000,1.843,767,false,783.904,25.200,false
422.000,3,1.000,2.186,1095,false,1115.333,36.000,false
422.000,4,2.000,3.975,1557,false,1595.222,48.000,false
423.000,0,1.000,1.277,507,false,518.248,9.600,true
423.000,1,1.000,1.520,506,false,519.676,16.800,false
423.000,2,3.000,2.190,759,false,779.376,25.200,false
423.000,3,2.000,2.130,1097,false,1116.776,36.000,false
423.000,4,4.000,3.982,1561,false,1599.298,48.000,false
424.000,0,0.000,0.894,507,false,514.416,9.600,false
424.000,1,1.000,1.364,507,false,519.116,16.800,false
424.000,2,2.000,2.133,761,false,780.806,25.200,false
424.000,3,1.000,1.791,1098,false,1114.386,36.000,false
424.000,4,7.000,4.888,1568,false,1615.352,48.000,true
425.000,0,1.000,0.926,508,false,515.734,9.600,false
425.000,1,4.000,2.155,511,false,531.024,16.800,true
425.000,2,2.000,2.093,763,false,782.407,25.200,false
425.000,3,3.000,2.154,1101,false,1121.013,36.000,false
425.000,4,4.000,4.621,1572,false,1616.689,48.000,false
426.000,0,0.000,0.648,507,false,511.957,9.600,false
426.000,1,2.000,2.108,512,false,531.560,16.800,true
426.000,2,3.000,2.365,766,false,788.128,25.200,false
426.000,3,1.000,1.808,1102,false,1118.552,36.000,false
426.000,4,5.000,4.735,1577,false,1622.825,48.000,false
427.000,0,0.000,0.454,507,false,510.013,9.600,false
427.000,1,2.000,2.076,514,false,533.235,16.800,true
427.000,2,1.000,1.956,767,false,785.032,25.200,false
427.000,3,2.000,1.865,1104,false,1121.129,36.000,false
427.000,4,2.000,3.914,1579,false,1616.621,48.000,false
428.000,0,2.000,0.918,509,false,516.652,9.600,false
428.000,1,0.000,1.453,513,false,526.007,16.800,false
428.000,2,1.000,1.669,768,false,783.165,25.200,false
428.000,3,0.000,1.306,1104,false,1115.533,36.000,false
428.000,4,3.000,3.640,1582,false,1616.877,48.000,false
429.000,0,1.000,0.942,510,false,517.899,9.600,false
429.000,1,2.000,1.617,515,false,529.648,16.800,false
429.000,2,6.000,2.968,774,false,802.159,25.200,true
429.000,3,3.000,1.814,1107,false,1123.616,36.000,false
429.000,4,3.000,3.448,1585,false,1617.957,48.000,false
430.000,0,1.000,0.960,511,false,519.072,9.600,false
430.000,1,3.000,2.032,518,false,536.796,16.800,true
430.000,2,1.000,2.378,775,false,797.254,25.200,false
430.000,3,2.000,1.870,1109,false,1126.174,36.000,false
430.000,4,1.000,2.714,1586,false,1611.613,48.000,false
431.000,0,0.000,0.672,511,false,516.193,9.600,false
431.000,1,4.000,2.622,522,false,546.700,16.800,true
431.000,2,1.000,1.964,776,false,794.121,25.200,false
431.000,3,6.000,3.109,1114,false,1143.565,36.000,false
431.000,4,5.000,3.400,1591,false,1623.472,48.000,false
432.000,0,0.000,0.470,511,false,514.178,9.600,false
432.000,1,1.000,2.136,523,false,542.833,16.800,true
432.000,2,2.000,1.975,778,false,796.227,25.200,false
432.000,3,4.000,3.376,1118,false,1150.238,36.000,false
432.000,4,3.000,3.280,1594,false,1625.273,48.000,false
433.000,0,1.000,0.629,512,false,516.768,9.600,false
433.000,1,1.000,1.795,523,false,539.426,16.800,true
433.000,2,4.000,2.583,782,false,806.302,25.200,true
433.000,3,3.000,3.263,1121,false,1152.110,36.000,false
433.000,4,2.000,2.896,1596,false,1623.434,48.000,false
434.000,0,1.000,0.740,513,false,518.880,9.600,false
434.000,1,3.000,2.156,526,false,546.041,16.800,true
434.000,2,3.000,2.708,785,false,810.554,25.200,true
434.000,3,4.000,3.484,1125,false,1158.320,36.000,false
434.000,4,2.000,2.627,1597,false,1621.747,48.000,false
435.000,0,3.000,1.418,516,false,528.659,9.600,true
435.000,1,1.000,1.810,527,false,543.572,16.800,true
435.000,2,2.000,2.495,787,false,810.431,25.200,false
435.000,3,5.000,3.939,1130,false,1167.867,36.000,true
435.000,4,2.000,2.439,1599,false,1621.866,48.000,false
436.000,0,0.000,0.993,516,false,524.404,9.600,true
436.000,1,4.000,2.467,531,false,554.143,16.800,true
436.000,2,0.000,1.747,787,false,802.944,25.200,false
436.000,3,4.000,3.957,1134,false,1172.049,36.000,true
436.000,4,4.000,2.907,1603,false,1630.549,48.000,false
437.000,0,2.000,1.295,518,false,529.426,9.600,true
437.000,1,1.000,2.027,532,false,550.743,16.800,true
437.000,2,3.000,2.123,789,false,808.704,25.200,false
437.000,3,3.000,3.670,1137,false,1172.177,36.000,true
437.000,4,2.000,2.635,1605,false,1629.827,48.000,false
438.000,0,0.000,0.906,518,false,525.541,9.600,false
438.000,1,0.000,1.419,531,false,543.663,16.800,false
438.000,2,2.000,2.086,791,false,810.336,25.200,false
438.000,3,1.000,2.869,1138,false,1165.167,36.000,false
438.000,4,4.000,3.045,1609,false,1637.922,48.000,false
439.000,0,3.000,1.535,521,false,534.821,9.600,true
439.000,1,2.000,1.593,533,false,547.407,16.800,false
439.000,2,3.000,2.360,794,false,816.078,25.200,false
439.000,3,4.000,3.208,1142,false,1172.560,36.000,false
439.000,4,5.000,3.631,1614,false,1648.788,48.000,false
440.000,0,1.000,1.374,522,false,534.218,9.600,true
440.000,1,2.000,1.715,535,false,550.628,16.800,true
440.000,2,2.000,2.252,796,false,816.997,25.200,false
440.000,3,5.000,3.746,1147,false,1182.935,36.000,true
440.000,4,5.000,4.042,1619,false,1657.895,48.000,false
441.000,0,1.000,1.262,523,false,534.095,9.600,true
441.000,1,2.000,1.801,537,false,553.482,16.800,true
441.000,2,3.000,2.476,799,false,822.241,25.200,false
441.000,3,1.000,2.922,1148,false,1175.697,36.000,false
441.000,4,4.000,4.029,1623,false,1661.769,48.000,false
442.000,0,1.000,1.183,523,false,533.310,9.600,true
442.000,1,0.000,1.260,537,false,548.080,16.800,false
442.000,2,1.000,2.034,800,false,818.812,25.200,false
442.000,3,2.000,2.645,1150,false,1174.931,36.000,false
442.000,4,8.000,5.220,1631,false,1681.681,48.000,true
443.000,0,1.000,1.128,524,false,533.760,9.600,true
443.000,1,1.000,1.182,538,false,548.299,16.800,false
443.000,2,2.000,2.023,802,false,820.711,25.200,false
443.000,3,8.000,4.252,1157,false,1197.994,36.000,true
443.000,4,6.000,5.454,1637,false,1690.020,48.000,true
444.000,0,1.000,1.090,525,false,534.375,9.600,true
444.000,1,3.000,1.728,540,false,555.752,16.800,true
444.000,2,1.000,1.716,802,false,817.641,25.200,false
444.000,3,1.000,3.276,1158,false,1189.239,36.000,false
444.000,4,2.000,4.418,1638,false,1680.657,48.000,false
445.000,0,2.000,1.363,527,false,539.105,9.600,true
445.000,1,0.000,1.209,540,false,550.569,16.800,false
445.000,2,2.000,1.802,804,false,820.491,25.200,false
445.000,3,7.000,4.393,1155,false,1207.410,36.000,true
445.000,4,4.000,4.293,1642,false,1683.402,48.000,false
446.000,0,1.000,1.254,538,false,549.016,9.600,true
446.000,1,3.000,1.747,543,false,558.941,16.800,true
446.000,2,3.000,2.161,807,false,827.087,25.200,false
446.000,3,7.000,5.175,1162,false,1212.230,36.000,true
446.000,4,3.000,3.905,1645,false,1682.525,48.000,false
447.000,0,0.000,0.878,537,false,544.254,9.600,false
447.000,1,3.000,2.123,546,false,565.702,16.800,true
447.000,2,0.000,1.513,807,false,820.604,25.200,false
447.000,3,2.000,4.223,1163,false,1203.704,36.000,true
447.000,4,6.000,4.533,1651,false,1694.810,48.000,false
448.000,0,2.000,1.214,539,false,549.621,9.600,true
448.000,1,2.000,2.086,547,false,566.334,16.800,true
448.000,2,2.000,1.659,809,false,824.065,25.200,false
448.000,3,1.000,3.256,1164,false,1195.036,36.000,false
448.000,4,5.000,4.673,1656,false,1701.210,48.000,false
449.000,0,1.000,1.150,540,false,549.977,9.600,true
449.000,1,1.000,1.760,548,false,564.077,16.800,true
449.000,2,4.000,2.361,813,false,835.089,25.200,false
449.000,3,3.000,3.179,1167,false,1197.268,36.000,false
449.000,4,5.000,4.771,1661,false,1707.190,48.000,false
450.000,0,1.000,1.105,541,false,550.527,9.600,true
450.000,1,1.000,1.532,549,false,562.797,16.800,false
450.000,2,3.000,2.553,816,false,840.005,25.200,true
450.000,3,1.000,2.525,1168,false,1191.730,36.000,false
450.000,4,3.000,4.240,1664,false,1704.876,48.000,false
451.000,0,1.000,1.074,542,false,551.212,9.600,true
451.000,1,2.000,1.672,551,false,566.200,16.800,false
451.000,2,1.000,2.087,817,false,836.346,25.200,false
451.000,3,0.000,1.768,1167,false,1183.154,36.000,false
451.000,4,2.000,3.568,1666,false,1700.156,48.000,false
452.000,0,0.000,0.751,542,false,547.991,9.600,false
452.000,1,1.000,1.471,552,false,565.183,16.800,false
452.000,2,3.000,2.361,820,false,842.085,25.200,false
452.000,3,3.000,2.137,1170,false,1189.851,36.000,false
452.000,4,2.000,3.098,1668,false,1697.452,48.000,false
453.000,0,4.000,1.726,545,false,560.737,9.600,true
453.000,1,4.000,2.229,556,false,576.771,16.800,true
453.000,2,2.000,2.253,821,false,842.003,25.200,false
453.000,3,4.000,2.696,1174,false,1199.438,36.000,false
453.000,4,3.000,3.068,1671,false,1700.159,48.000,false
454.000,0,2.000,1.808,547,false,563.559,9.600,true
454.000,1,2.000,2.161,558,false,578.083,16.800,true
454.000,2,1.000,1.877,822,false,839.245,25.200,false
454.000,3,2.000,2.487,1176,false,1199.350,36.000,false
454.000,4,3.000,3.048,1674,false,1702.954,48.000,false
455.000,0,0.000,1.266,547,false,558.134,9.600,true
455.000,1,2.000,2.112,560,false,579.601,16.800,true
455.000,2,2.000,1.914,824,false,841.614,25.200,false
455.000,3,3.000,2.641,1179,false,1203.888,36.000,false
455.000,4,2.000,2.733,1676,false,1701.811,48.000,false
456.000,0,1.000,1.186,548,false,558.337,9.600,true
456.000,1,3.000,2.379,562,false,584.263,16.800,true
456.000,2,4.000,2.540,828,false,851.873,25.200,true
456.000,3,1.000,2.149,1180,false,1199.964,36.000,false
456.000,4,3.000,2.813,1678,false,1704.610,48.000,false
457.000,0,1.000,1.130,549,false,558.778,9.600,true
457.000,1,2.000,2.265,564,false,585.127,16.800,true
457.000,2,2.000,2.378,829,false,851.254,25.200,false
457.000,3,2.000,2.104,1182,false,1201.518,36.000,false
457.000,4,3.000,2.869,1681,false,1708.170,48.000,false
458.000,0,1.000,1.091,550,false,559.388,9.600,true
458.000,1,2.000,2.186,566,false,586.332,16.800,true
458.000,2,4.000,2.864,833,false,860.120,25.200,true
458.000,3,3.000,2.373,1184,false,1206.205,36.000,false
458.000,4,4.000,3.209,1685,false,1715.562,48.000,false
459.000,0,1.000,1.064,551,false,560.114,9.600,true
459.000,1,1.000,1.830,567,false,583.775,16.800,true
459.000,2,1.000,2.305,834,false,855.527,25.200,false
459.000,3,1.000,1.961,1185,false,1203.087,36.000,false
459.000,4,5.000,3.746,1690,false,1725.936,48.000,false
460.000,0,0.000,0.745,550,false,555.923,9.600,false
460.000,1,1.000,1.581,568,false,582.285,16.800,false
460.000,2,1.000,1.914,835,false,852.612,25.200,false
460.000,3,0.000,1.373,1185,false,1197.203,36.000,false
460.000,4,3.000,3.522,1693,false,1726.698,48.000,false
461.000,0,0.000,0.521,550,false,553.689,9.600,false
461.000,1,2.000,1.707,560,false,585.543,16.800,true
461.000,2,3.000,2.239,837,false,857.871,25.200,false
461.000,3,1.000,1.261,1185,false,1196.085,36.000,false
461.000,4,6.000,4.266,1699,false,1740.132,48.000,false
462.000,0,0.000,0.365,559,false,561.125,9.600,false
462.000,1,1.000,1.495,561,false,574.423,16.800,false
462.000,2,3.000,2.468,840,false,863.153,25.200,false
462.000,3,1.000,1.183,1186,false,1196.303,36.000,false
462.000,4,1.000,3.286,1699,false,1730.335,48.000,false
463.000,0,0.000,0.255,559,false,560.030,9.600,false
463.000,1,3.000,1.946,564,false,581.939,16.800,true
463.000,2,4.000,2.927,834,false,871.750,25.200,true
463.000,3,4.000,2.028,1190,false,1208.755,36.000,false
463.000,4,5.000,3.800,1704,false,1740.477,48.000,false
464.000,0,2.000,0.779,569,false,575.264,9.600,false
464.000,1,2.000,1.962,568,false,586.100,16.800,true
464.000,2,5.000,3.549,839,false,872.968,25.200,true
464.000,3,5.000,2.919,1195,false,1222.671,36.000,false
464.000,4,2.000,3.260,1706,false,1737.077,48.000,false
465.000,0,0.000,0.545,569,false,572.928,9.600,false
465.000,1,4.000,2.574,572,false,596.213,16.800,true
465.000,2,3.000,3.384,841,false,873.320,25.200,true
465.000,3,1.000,2.344,1196,false,1217.913,36.000,false
465.000,4,6.000,4.082,1711,false,1750.297,48.000,false
466.000,0,1.000,0.682,570,false,575.292,9.600,false
466.000,1,1.000,2.102,573,false,592.492,16.800,true
466.000,2,1.000,2.669,842,false,867.167,25.200,true
466.000,3,2.000,2.241,1198,false,1218.882,36.000,false
466.000,4,7.000,4.957,1708,false,1766.051,48.000,true
467.000,0,1.000,0.777,578,false,584.247,9.600,false
467.000,1,4.000,2.671,580,false,605.187,16.800,true
467.000,2,0.000,1.868,842,false,859.160,25.200,false
467.000,3,3.000,2.468,1201,false,1224.160,36.000,false
467.000,4,6.000,5.270,1714,false,1765.178,48.000,true
468.000,0,1.000,0.844,579,false,585.916,9.600,false
468.000,1,1.000,2.170,581,false,601.174,16.800,true
468.000,2,4.000,2.508,846,false,869.555,25.200,false
468.000,3,2.000,2.328,1202,false,1223.755,36.000,false
468.000,4,3.000,4.589,1716,false,1760.368,48.000,false
469.000,0,0.000,0.591,579,false,583.384,9.600,false
469.000,1,0.000,1.519,581,false,594.665,16.800,false
469.000,2,4.000,2.955,850,false,878.031,25.200,true
469.000,3,3.000,2.530,1205,false,1228.771,36.000,false
469.000,4,7.000,5.312,1723,false,1774.600,48.000,true
470.000,0,0.000,0.414,579,false,581.612,9.600,false
470.000,1,0.000,1.063,581,false,590.108,16.800,false
470.000,2,3.000,2.969,853,false,881.165,25.200,true
470.000,3,4.000,2.971,1209,false,1237.183,36.000,false
470.000,4,1.000,4.019,1724,false,1762.663,48.000,false
471.000,0,2.000,0.889,581,false,588.371,9.600,false
471.000,1,1.000,1.044,581,false,589.918,16.800,false
471.000,2,3.000,2.978,856,false,884.258,25.200,true
471.000,3,2.000,2.679,1211,false,1236.271,36.000,false
471.000,4,0.000,2.813,1724,false,1750.607,48.000,false
472.000,0,0.000,0.623,581,false,585.703,9.600,false
472.000,1,2.000,1.331,583,false,594.786,16.800,false
472.000,2,0.000,2.085,855,false,874.324,25.200,false
472.000,3,5.000,3.376,1216,false,1248.232,36.000,false
472.000,4,1.000,2.269,1725,false,1746.168,48.000,false
473.000,0,0.000,0.436,581,false,583.835,9.600,false
473.000,1,0.000,0.932,583,false,590.793,16.800,false
473.000,2,2.000,2.059,857,false,876.069,25.200,false
473.000,3,3.000,3.263,1219,false,1250.106,36.000,false
473.000,4,5.000,3.088,1729,false,1758.360,48.000,false
474.000,0,0.000,0.305,581,false,582.527,9.600,false
474.000,1,0.000,0.652,583,false,587.998,16.800,false
474.000,2,4.000,2.642,861,false,885.891,25.200,true
474.000,3,2.000,2.884,1220,false,1247.317,36.000,false
474.000,4,6.000,3.962,1735,false,1773.095,48.000,false
475.000,0,2.000,0.814,583,false,589.612,9.600,false
475.000,1,1.000,0.757,584,false,590.041,16.800,false
475.000,2,2.000,2.449,862,false,884.967,25.200,false
475.000,3,2.000,2.619,1222,false,1246.665,36.000,false
475.000,4,6.000,4.573,1741,false,1785.209,48.000,false
476.000,0,3.000,1.469,576,false,599.171,9.600,true
476.000,1,2.000,1.130,596,false,605.772,16.800,false
476.000,2,2.000,2.314,864,false,885.620,25.200,false
476.000,3,2.000,2.433,1224,false,1246.808,36.000,false
476.000,4,2.000,3.801,1743,false,1779.489,48.000,false
477.000,0,0.000,1.029,576,false,584.763,9.600,true
477.000,1,2.000,1.391,598,false,610.383,16.800,false
477.000,2,1.000,1.920,865,false,882.677,25.200,false
477.000,3,4.000,2.903,1228,false,1255.508,36.000,false
477.000,4,3.000,3.561,1746,false,1780.085,48.000,false
478.000,0,0.000,0.720,576,false,581.677,9.600,false
478.000,1,3.000,1.873,600,false,617.211,16.800,true
478.000,2,3.000,2.244,868,false,888.916,25.200,false
478.000,3,3.000,2.932,1231,false,1258.799,36.000,false
478.000,4,3.000,3.393,1749,false,1781.403,48.000,false
479.000,0,2.000,1.104,578,false,587.517,9.600,true
479.000,1,1.000,1.611,601,false,615.591,16.800,false
479.000,2,3.000,2.471,870,false,893.184,25.200,false
479.000,3,6.000,3.853,1237,false,1274.002,36.000,true
479.000,4,4.000,3.575,1753,false,1787.225,48.000,false
480.000,0,0.000,0.773,577,false,583.204,9.600,false
480.000,1,2.000,1.728,603,false,618.756,16.800,true
480.000,2,1.000,2.030,871,false,889.772,25.200,false
480.000,3,2.000,3.297,1239,false,1270.444,36.000,false
480.000,4,4.000,3.702,1756,false,1791.500,48.000,false
481.000,0,1.000,0.841,578,false,584.886,9.600,false
481.000,1,2.000,1.810,605,false,621.572,16.800,true
481.000,2,1.000,1.721,872,false,887.683,25.200,false
481.000,3,1.000,2.608,1239,false,1263.554,36.000,false
481.000,4,3.000,3.492,1759,false,1792.393,48.000,false
482.000,0,0.000,0.589,578,false,582.363,9.600,false
482.000,1,1.000,1.567,606,false,620.143,16.800,false
482.000,2,4.000,2.404,876,false,898.521,25.200,false
482.000,3,5.000,3.325,1244,false,1275.731,36.000,false
482.000,4,4.000,3.644,1763,false,1797.918,48.000,false
483.000,0,2.000,1.012,579,false,587.597,9.600,true
483.000,1,1.000,1.397,607,false,619.443,16.800,false
483.000,2,2.000,2.283,878,false,899.308,25.200,false
483.000,3,2.000,2.928,1246,false,1273.754,36.000,false
483.000,4,6.000,4.351,1769,false,1810.985,48.000,false
484.000,0,1.000,1.008,580,false,588.561,9.600,true
484.000,1,2.000,1.578,609,false,623.253,16.800,false
484.000,2,0.000,1.598,878,false,892.458,25.200,false
484.000,3,1.000,2.349,1247,false,1268.971,36.000,false
484.000,4,4.000,4.246,1772,false,1812.933,48.000,false
485.000,0,0.000,0.706,580,false,585.535,9.600,false
485.000,1,0.000,1.104,609,false,618.520,16.800,false
485.000,2,3.000,2.019,881,false,899.664,25.200,false
485.000,3,1.000,1.945,1248,false,1265.922,36.000,false
485.000,4,3.000,3.872,1775,false,1812.196,48.000,false
486.000,0,1.000,0.794,581,false,587.418,9.600,false
486.000,1,1.000,1.073,610,false,619.207,16.800,false
486.000,2,6.000,3.213,886,false,916.607,25.200,true
486.000,3,2.000,1.961,1250,false,1268.089,36.000,false
486.000,4,8.000,5.110,1783,false,1832.580,48.000,true
487.000,0,1.000,0.856,581,false,588.035,9.600,false
487.000,1,1.000,1.051,611,false,619.988,16.800,false
487.000,2,1.000,2.549,887,false,910.968,25.200,true
487.000,3,0.000,1.373,1249,false,1261.205,36.000,false
487.000,4,7.000,5.677,1790,false,1845.249,48.000,true
488.000,0,2.000,1.199,583,false,593.467,9.600,true
488.000,1,2.000,1.336,613,false,624.834,16.800,false
488.000,2,1.000,2.084,888,false,907.320,25.200,false
488.000,3,6.000,2.761,1255,false,1281.086,36.000,false
488.000,4,2.000,4.574,1792,false,1836.217,48.000,false
489.000,0,1.000,1.139,584,false,593.870,9.600,true
489.000,1,1.000,1.235,614,false,624.827,16.800,false
489.000,2,1.000,1.759,889,false,905.067,25.200,false
489.000,3,3.000,2.833,1258,false,1284.803,36.000,false
489.000,4,3.000,4.102,1795,false,1834.495,48.000,false
490.000,0,0.000,0.798,584,false,590.452,9.600,false
490.000,1,1.000,1.165,615,false,625.122,16.800,false
490.000,2,1.000,1.531,889,false,902.790,25.200,false
490.000,3,1.000,2.283,1258,false,1279.305,36.000,false
490.000,4,4.000,4.071,1798,false,1837.189,48.000,false
491.000,0,2.000,1.158,586,false,596.059,9.600,true
491.000,1,0.000,0.815,614,false,620.628,16.800,false
491.000,2,4.000,2.272,893,false,914.196,25.200,false
491.000,3,5.000,3.098,1263,false,1292.456,36.000,false
491.000,4,6.000,4.650,1804,false,1848.975,48.000,false
492.000,0,0.000,0.811,586,false,592.584,9.600,false
492.000,1,4.000,1.771,618,false,634.182,16.800,true
492.000,2,0.000,1.590,893,false,907.380,25.200,false
492.000,3,1.000,2.469,1264,false,1287.162,36.000,false
492.000,4,4.000,4.455,1808,false,1851.026,48.000,false
493.000,0,1.000,0.868,587,false,594.152,9.600,false
493.000,1,2.000,1.839,620,false,636.871,16.800,true
493.000,2,3.000,2.013,896,false,914.609,25.200,false
493.000,3,1.000,2.028,1265,false,1283.757,36.000,false
493.000,4,3.000,4.018,1811,false,1849.661,48.000,false
494.000,0,0.000,0.607,586,false,590.549,9.600,false
494.000,1,1.000,1.588,621,false,635.352,16.800,false
494.000,2,2.000,2.009,898,false,916.569,25.200,false
494.000,3,4.000,2.620,1269,false,1293.672,36.000,false
494.000,4,5.000,4.313,1816,false,1857.605,48.000,false
495.000,0,2.000,1.025,588,false,596.727,9.600,true
495.000,1,0.000,1.111,621,false,630.589,16.800,false
495.000,2,2.000,2.006,900,false,918.541,25.200,false
495.000,3,5.000,3.334,1274,false,1305.814,36.000,false
495.000,4,5.000,4.519,1821,false,1864.667,48.000,false
496.000,0,2.000,1.318,590,false,601.652,9.600,true
496.000,1,2.000,1.378,623,false,635.255,16.800,false
496.000,2,1.000,1.705,901,false,916.522,25.200,false
496.000,3,2.000,2.934,1276,false,1303.812,36.000,false
496.000,4,7.000,5.263,1828,false,1879.109,48.000,true
497.000,0,0.000,0.922,590,false,597.699,9.600,false
497.000,1,2.000,1.565,625,false,639.122,16.800,false
497.000,2,1.000,1.493,902,false,915.408,25.200,false
497.000,3,0.000,2.054,1276,false,1295.011,36.000,false
497.000,4,6.000,5.484,1834,false,1887.320,48.000,true
498.000,0,0.000,0.646,590,false,594.932,9.600,false
498.000,1,0.000,1.095,625,false,634.428,16.800,false
498.000,2,1.000,1.345,903,false,914.928,25.200,false
498.000,3,3.000,2.337,1279,false,1300.851,36.000,false
498.000,4,4.000,5.039,1838,false,1886.867,48.000,true
499.000,0,2.000,1.052,592,false,600.995,9.600,true
499.000,1,0.000,0.767,625,false,631.142,16.800,false
499.000,2,1.000,1.242,904,false,914.893,25.200,false
499.000,3,1.000,1.936,1280,false,1297.838,36.000,false
499.000,4,6.000,5.327,1844,false,1895.749,48.000,true
500.000,0,1.000,1.036,592,false,600.840,9.600,true
500.000,1,3.000,1.437,628,false,640.843,16.800,false
500.000,2,1.000,1.169,905,false,915.168,25.200,false
500.000,3,1.000,1.655,1281,false,1296.030,36.000,false
500.000,4,2.000,4.329,1846,false,1887.767,48.000,false
501.000,0,1.000,1.025,593,false,601.731,9.600,true
501.000,1,0.000,1.006,628,false,636.533,16.800,false
501.000,2,2.000,1.418,907,false,919.660,25.200,false
501.000,3,3.000,2.059,1284,false,1303.064,36.000,false
501.000,4,6.000,4.830,1852,false,1898.780,48.000,true
502.000,0,2.000,1.318,595,false,606.654,9.600,true
502.000,1,2.000,1.304,630,false,641.516,16.800,false
502.000,2,3.000,1.893,910,false,927.405,25.200,false
502.000,3,8.000,3.841,1282,false,1328.887,36.000,true
502.000,4,3.000,4.281,1855,false,1896.289,48.000,false
503.000,0,2.000,1.522,617,false,630.701,9.600,true
503.000,1,1.000,1.213,620,false,630.604,16.800,false
503.000,2,1.000,1.625,911,false,925.726,25.200,false
503.000,3,2.000,3.289,1284,false,1315.364,36.000,false
503.000,4,5.000,4.497,1860,false,1903.445,48.000,false
504.000,0,1.000,1.366,618,false,630.133,9.600,true
504.000,1,1.000,1.149,621,false,630.966,16.800,false
504.000,2,1.000,1.438,912,false,924.851,25.200,false
504.000,3,1.000,2.602,1285,false,1309.498,36.000,false
504.000,4,8.000,5.548,1868,false,1921.954,48.000,true
505.000,0,0.000,0.956,617,false,625.036,9.600,false
505.000,1,1.000,1.104,622,false,631.519,16.800,false
505.000,2,2.000,1.606,914,false,928.539,25.200,false
505.000,3,2.000,2.422,1287,false,1309.691,36.000,false
505.000,4,2.000,4.483,1870,false,1913.311,48.000,false
506.000,0,0.000,0.669,617,false,622.168,9.600,false
506.000,1,1.000,1.073,623,false,632.206,16.800,false
506.000,2,1.000,1.424,915,false,927.720,25.200,false
506.000,3,1.000,1.995,1288,false,1306.427,36.000,false
506.000,4,2.000,3.738,1872,false,1907.861,48.000,false
507.000,0,1.000,0.768,618,false,624.161,9.600,false
507.000,1,0.000,0.751,623,false,628.987,16.800,false
507.000,2,5.000,2.497,920,false,943.447,25.200,false
507.000,3,3.000,2.297,1291,false,1312.442,36.000,false
507.000,4,7.000,4.717,1879,false,1924.645,48.000,false
508.000,0,1.000,0.838,619,false,625.855,9.600,false
508.000,1,0.000,0.526,623,false,626.734,16.800,false
508.000,2,4.000,2.948,914,false,951.956,25.200,true
508.000,3,3.000,2.508,1294,false,1317.552,36.000,false
508.000,4,2.000,3.902,1881,false,1918.495,48.000,false
509.000,0,2.000,1.187,628,false,638.342,9.600,true
509.000,1,0.000,0.368,626,false,628.157,16.800,false
509.000,2,6.000,3.864,919,false,956.112,25.200,true
509.000,3,1.000,2.055,1294,false,1313.029,36.000,false
509.000,4,4.000,3.931,1885,false,1922.789,48.000,false
510.000,0,0.000,0.831,628,false,634.782,9.600,false
510.000,1,3.000,1.158,628,false,638.052,16.800,false
510.000,2,3.000,3.604,922,false,956.521,25.200,true
510.000,3,9.000,4.139,1303,false,1342.863,36.000,true
510.000,4,7.000,4.852,1881,false,1937.995,48.000,true
511.000,0,0.000,0.581,633,false,637.290,9.600,false
511.000,1,1.000,1.110,634,false,643.580,16.800,false
511.000,2,1.000,2.823,922,false,948.708,25.200,true
511.000,3,1.000,3.197,1304,false,1334.447,36.000,false
511.000,4,10.000,6.396,1891,false,1953.439,48.000,true
512.000,0,1.000,0.707,633,false,638.546,9.600,false
512.000,1,1.000,1.077,635,false,644.249,16.800,false
512.000,2,7.000,4.076,929,false,968.238,25.200,true
512.000,3,3.000,3.138,1307,false,1336.856,36.000,false
512.000,4,3.000,5.377,1894,false,1946.250,48.000,true
513.000,0,1.000,0.795,634,false,640.425,9.600,false
513.000,1,1.000,1.054,636,false,645.017,16.800,false
513.000,2,1.000,3.153,930,false,960.010,25.200,true
513.000,3,4.000,3.397,1311,false,1343.442,36.000,false
513.000,4,3.000,4.664,1897,false,1942.118,48.000,false
514.000,0,0.000,0.556,634,false,638.040,9.600,false
514.000,1,2.000,1.338,638,false,649.855,16.800,false
514.000,2,1.000,2.507,931,false,954.550,25.200,false
514.000,3,4.000,3.578,1315,false,1349.252,36.000,false
514.000,4,7.000,5.365,1904,false,1956.126,48.000,true
515.000,0,0.000,0.389,634,false,636.371,9.600,false
515.000,1,0.000,0.936,638,false,645.841,16.800,false
515.000,2,6.000,3.555,936,false,970.028,25.200,true
515.000,3,1.000,2.804,1316,false,1342.519,36.000,false
515.000,4,3.000,4.655,1907,false,1952.031,48.000,false
516.000,0,0.000,0.273,634,false,635.203,9.600,false
516.000,1,0.000,0.656,638,false,643.032,16.800,false
516.000,2,0.000,2.489,936,false,959.362,25.200,false
516.000,3,2.000,2.563,1318,false,1342.106,36.000,false
516.000,4,5.000,4.759,1912,false,1958.064,48.000,false
517.000,0,2.000,0.791,636,false,642.385,9.600,false
517.000,1,0.000,0.459,638,false,641.065,16.800,false
517.000,2,3.000,2.642,939,false,963.896,25.200,true
517.000,3,0.000,1.794,1317,false,1333.417,36.000,false
517.000,4,6.000,5.131,1918,false,1967.788,48.000,true
518.000,0,0.000,0.554,636,false,640.012,9.600,false
518.000,1,1.000,0.621,638,false,642.688,16.800,false
518.000,2,3.000,2.749,942,false,967.970,25.200,true
518.000,3,4.000,2.456,1321,false,1344.035,36.000,false
518.000,4,3.000,4.492,1921,false,1964.394,48.000,false
519.000,0,1.000,0.688,636,false,641.351,9.600,false
519.000,1,1.000,0.735,639,false,644.825,16.800,false
519.000,2,0.000,1.925,942,false,959.722,25.200,false
519.000,3,4.000,2.919,1325,false,1352.667,36.000,false
519.000,4,5.000,4.644,1926,false,1970.919,48.000,false
520.000,0,1.000,0.781,637,false,643.289,9.600,false
520.000,1,1.000,0.814,640,false,646.620,16.800,false
520.000,2,4.000,2.547,946,false,969.948,25.200,true
520.000,3,1.000,2.343,1326,false,1347.910,36.000,false
520.000,4,7.000,5.351,1933,false,1984.986,48.000,true
521.000,0,1.000,0.847,638,false,644.945,9.600,false
521.000,1,0.000,0.570,640,false,644.177,16.800,false
521.000,2,1.000,2.083,947,false,966.307,25.200,false
521.000,3,3.000,2.540,1329,false,1352.880,36.000,false
521.000,4,4.000,4.946,1937,false,1984.933,48.000,true
522.000,0,1.000,0.893,639,false,646.404,9.600,false
522.000,1,1.000,0.699,641,false,646.467,16.800,false
522.000,2,1.000,1.758,947,false,963.058,25.200,false
522.000,3,7.000,3.878,1336,false,1373.259,36.000,true
522.000,4,4.000,4.662,1941,false,1986.096,48.000,false
523.000,0,0.000,0.625,639,false,643.726,9.600,false
523.000,1,1.000,0.789,642,false,648.370,16.800,false
523.000,2,1.000,1.531,948,false,961.783,25.200,false
523.000,3,3.000,3.615,1339,false,1373.624,36.000,true
523.000,4,1.000,3.563,1941,false,1975.110,48.000,false
524.000,0,2.000,1.037,631,false,649.851,9.600,true
524.000,1,0.000,0.553,652,false,656.002,16.800,false
524.000,2,0.000,1.071,948,false,957.191,25.200,false
524.000,3,5.000,4.030,1344,false,1382.780,36.000,true
524.000,4,4.000,3.694,1945,false,1980.420,48.000,false
525.000,0,0.000,0.726,631,false,636.739,9.600,false
525.000,1,1.000,0.687,652,false,657.344,16.800,false
525.000,2,0.000,0.750,948,false,953.977,25.200,false
525.000,3,3.000,3.721,1347,false,1382.689,36.000,true
525.000,4,4.000,3.786,1949,false,1985.337,48.000,false
526.000,0,0.000,0.508,631,false,634.560,9.600,false
526.000,1,2.000,1.081,654,false,663.284,16.800,false
526.000,2,1.000,0.825,949,false,955.726,25.200,false
526.000,3,6.000,4.405,1353,false,1395.525,36.000,true
526.000,4,5.000,4.150,1954,false,1993.979,48.000,false
527.000,0,0.000,0.356,631,false,633.035,9.600,false
527.000,1,6.000,2.557,660,false,684.041,16.800,true
527.000,2,1.000,0.878,950,false,957.251,25.200,false
527.000,3,4.000,4.283,1357,false,1398.310,36.000,true
527.000,4,4.000,4.105,1958,false,1997.528,48.000,false
528.000,0,1.000,0.549,632,false,635.967,9.600,false
528.000,1,2.000,2.390,662,false,684.372,16.800,true
528.000,2,1.000,0.914,950,false,957.619,25.200,false
528.000,3,4.000,4.198,1361,false,1401.460,36.000,true
528.000,4,0.000,2.874,1957,false,1984.212,48.000,false
529.000,0,0.000,0.384,632,false,634.320,9.600,false
529.000,1,1.000,1.973,663,false,681.203,16.800,true
529.000,2,1.000,0.940,951,false,958.876,25.200,false
529.000,3,1.000,3.239,1362,false,1392.865,36.000,false
529.000,4,2.000,2.612,1959,false,1983.592,48.000,false
530.000,0,0.000,0.269,632,false,633.167,9.600,false
530.000,1,1.000,1.681,664,false,679.285,16.800,true
530.000,2,1.000,0.958,952,false,960.056,25.200,false
530.000,3,2.000,2.867,1364,false,1391.148,36.000,false
530.000,4,4.000,3.028,1962,false,1990.757,48.000,false
531.000,0,0.000,0.188,631,false,631.360,9.600,false
531.000,1,2.000,1.777,666,false,682.242,16.800,true
531.000,2,2.000,1.271,954,false,965.182,25.200,false
531.000,3,2.000,2.607,1366,false,1390.547,36.000,false
531.000,4,3.000,3.020,1965,false,1993.673,48.000,false
532.000,0,0.000,0.132,631,false,630.795,9.600,false
532.000,1,1.000,1.544,666,false,679.913,16.800,false
532.000,2,2.000,1.489,956,false,969.370,25.200,false
532.000,3,2.000,2.425,1368,false,1390.726,36.000,false
532.000,4,4.000,3.314,1969,false,2000.614,48.000,false
533.000,0,0.000,0.092,631,false,630.399,9.600,false
533.000,1,2.000,1.681,668,false,683.282,16.800,true
533.000,2,1.000,1.343,956,false,967.902,25.200,false
533.000,3,3.000,2.597,1370,false,1394.451,36.000,false
533.000,4,3.000,3.220,1972,false,2002.672,48.000,false
534.000,0,0.000,0.065,631,false,630.122,9.600,false
534.000,1,0.000,1.176,668,false,678.240,16.800,false
534.000,2,0.000,0.940,956,false,963.874,25.200,false
534.000,3,5.000,3.318,1375,false,1406.658,36.000,false
534.000,4,6.000,4.054,1978,false,2017.014,48.000,false
535.000,0,1.000,0.345,632,false,633.928,9.600,false
535.000,1,3.000,1.723,671,false,686.711,16.800,true
535.000,2,2.000,1.258,958,false,969.055,25.200,false
535.000,3,2.000,2.923,1376,false,1403.704,36.000,false
535.000,4,2.000,3.438,1980,false,2012.852,48.000,false
536.000,0,0.000,0.242,632,false,632.893,9.600,false
536.000,1,0.000,1.206,671,false,681.540,16.800,false
536.000,2,2.000,1.481,960,false,973.281,25.200,false
536.000,3,1.000,2.346,1377,false,1398.935,36.000,false
536.000,4,9.000,5.106,1988,false,2037.540,48.000,true
537.000,0,0.000,0.169,632,false,632.168,9.600,false
537.000,1,0.000,0.844,671,false,677.921,16.800,false
537.000,2,2.000,1.636,962,false,976.840,25.200,false
537.000,3,3.000,2.542,1380,false,1403.898,36.000,false
537.000,4,4.000,4.774,1992,false,2038.221,48.000,false
538.000,0,1.000,0.418,633,false,635.660,9.600,false
538.000,1,2.000,1.191,673,false,683.388,16.800,false
538.000,2,1.000,1.445,963,false,975.931,25.200,false
538.000,3,5.000,3.280,1384,false,1415.271,36.000,false
538.000,4,6.000,5.142,1998,false,2047.897,48.000,true
539.000,0,1.000,0.593,634,false,638.405,9.600,false
539.000,1,3.000,1.734,675,false,690.814,16.800,true
539.000,2,1.000,1.312,964,false,975.594,25.200,false
539.000,3,3.000,3.196,1387,false,1417.433,36.000,false
539.000,4,6.000,5.399,2004,false,2056.471,48.000,true
540.000,0,0.000,0.415,634,false,636.626,9.600,false
540.000,1,1.000,1.514,676,false,689.613,16.800,false
540.000,2,3.000,1.818,966,false,982.659,25.200,false
540.000,3,4.000,3.437,1391,false,1423.846,36.000,false
540.000,4,2.000,4.380,2006,false,2048.272,48.000,false
541.000,0,1.000,0.591,635,false,639.381,9.600,false
541.000,1,1.000,1.360,677,false,689.072,16.800,false
541.000,2,1.000,1.573,967,false,981.204,25.200,false
541.000,3,6.000,4.206,1397,false,1437.535,36.000,true
541.000,4,4.000,4.266,2010,false,2051.134,48.000,false
542.000,0,1.000,0.713,636,false,641.610,9.600,false
542.000,1,2.000,1.552,679,false,692.993,16.800,false
542.000,2,4.000,2.301,971,false,992.486,25.200,false
542.000,3,3.000,3.844,1390,false,1436.917,36.000,true
542.000,4,3.000,3.886,2012,false,2049.336,48.000,false
543.000,0,2.000,1.099,648,false,657.470,9.600,true
543.000,1,4.000,2.286,673,false,704.338,16.800,true
543.000,2,3.000,2.511,974,false,997.583,25.200,false
543.000,3,2.000,3.291,1392,false,1423.385,36.000,false
543.000,4,2.000,3.320,2014,false,2045.678,48.000,false
544.000,0,1.000,1.070,659,false,668.172,9.600,true
544.000,1,5.000,3.100,678,false,707.479,16.800,true
544.000,2,1.000,2.057,975,false,994.051,25.200,false
544.000,3,0.000,2.304,1392,false,1413.512,36.000,false
544.000,4,3.000,3.224,2016,false,2046.718,48.000,false
545.000,0,1.000,1.049,660,false,668.963,9.600,true
545.000,1,1.000,2.470,679,false,702.179,16.800,true
545.000,2,3.000,2.340,978,false,999.878,25.200,false
545.000,3,3.000,2.513,1395,false,1418.601,36.000,false
545.000,4,1.000,2.557,2017,false,2041.045,48.000,false
546.000,0,2.000,1.334,662,false,673.817,9.600,true
546.000,1,0.000,1.729,679,false,694.768,16.800,true
546.000,2,3.000,2.538,981,false,1004.858,25.200,true
546.000,3,1.000,2.059,1395,false,1414.064,36.000,false
546.000,4,7.000,3.890,2023,false,2060.375,48.000,false
547.000,0,0.000,0.934,662,false,669.815,9.600,false
547.000,1,2.000,1.810,680,false,696.580,16.800,true
547.000,2,2.000,2.377,982,false,1004.243,25.200,false
547.000,3,4.000,2.641,1399,false,1423.888,36.000,false
547.000,4,5.000,4.223,2028,false,2068.705,48.000,false
548.000,0,0.000,0.654,661,false,666.013,9.600,false
548.000,1,3.000,2.167,683,false,703.149,16.800,true
548.000,2,0.000,1.664,982,false,997.113,25.200,false
548.000,3,1.000,2.149,1399,false,1418.964,36.000,false
548.000,4,3.000,3.856,2031,false,2068.036,48.000,false
549.000,0,0.000,0.458,661,false,664.052,9.600,false
549.000,1,5.000,3.017,688,false,716.647,16.800,true
549.000,2,1.000,1.465,983,false,996.122,25.200,false
549.000,3,5.000,3.004,1404,false,1432.518,36.000,false
549.000,4,3.000,3.599,2034,false,2068.468,48.000,false
550.000,0,1.000,0.620,662,false,666.679,9.600,false
550.000,1,2.000,2.712,690,false,715.596,16.800,true
550.000,2,2.000,1.625,985,false,999.728,25.200,false
550.000,3,4.000,3.303,1408,false,1439.505,36.000,false
550.000,4,7.000,4.619,2041,false,2085.671,48.000,false
551.000,0,0.000,0.434,672,false,674.818,9.600,false
551.000,1,1.000,2.198,691,false,711.460,16.800,true
551.000,2,4.000,2.338,989,false,1010.853,25.200,false
551.000,3,4.000,3.512,1412,false,1445.597,36.000,false
551.000,4,2.000,3.834,2032,false,2068.812,48.000,false
552.000,0,1.000,0.604,673,false,677.516,9.600,false
552.000,1,0.000,1.539,690,false,703.865,16.800,false
552.000,2,4.000,2.836,983,false,1019.840,25.200,true
552.000,3,1.000,2.758,1413,false,1439.060,36.000,false
552.000,4,5.000,4.184,2037,false,2077.311,48.000,false
553.000,0,0.000,0.423,683,false,685.704,9.600,false
553.000,1,2.000,1.677,692,false,707.248,16.800,false
553.000,2,1.000,2.285,984,false,1005.331,25.200,false
553.000,3,4.000,3.131,1417,false,1446.785,36.000,false
553.000,4,3.000,3.828,2040,false,2076.761,48.000,false
554.000,0,1.000,0.596,684,false,688.436,9.600,false
554.000,1,2.000,1.774,694,false,710.217,16.800,true
554.000,2,0.000,1.600,984,false,998.474,25.200,false
554.000,3,6.000,3.992,1422,false,1460.392,36.000,true
554.000,4,7.000,4.780,2047,false,2093.275,48.000,false
555.000,0,1.000,0.717,685,false,690.648,9.600,false
555.000,1,1.000,1.542,694,false,707.895,16.800,false
555.000,2,3.000,2.020,986,false,1004.675,25.200,false
555.000,3,5.000,4.294,1427,false,1468.418,36.000,true
555.000,4,4.000,4.546,2051,false,2094.936,48.000,false
556.000,0,2.000,1.102,687,false,696.496,9.600,true
556.000,1,0.000,1.079,694,false,703.269,16.800,false
556.000,2,3.000,2.314,989,false,1010.615,25.200,false
556.000,3,1.000,3.306,1428,false,1459.535,36.000,false
556.000,4,3.000,4.082,2054,false,2093.298,48.000,false
557.000,0,1.000,1.071,688,false,697.190,9.600,true
557.000,1,2.000,1.355,696,false,708.031,16.800,false
557.000,2,2.000,2.220,991,false,1011.674,25.200,false
557.000,3,3.000,3.214,1430,false,1460.617,36.000,false
557.000,4,5.000,4.358,2059,false,2101.051,48.000,false
558.000,0,1.000,1.050,689,false,697.976,9.600,true
558.000,1,1.000,1.249,697,false,707.965,16.800,false
558.000,2,3.000,2.454,994,false,1017.014,25.200,false
558.000,3,2.000,2.850,1432,false,1458.975,36.000,false
558.000,4,3.000,3.950,2062,false,2099.979,48.000,false
559.000,0,0.000,0.735,689,false,694.826,9.600,false
559.000,1,1.000,1.174,697,false,707.218,16.800,false
559.000,2,0.000,1.718,993,false,1008.653,25.200,false
559.000,3,2.000,2.595,1434,false,1458.425,36.000,false
559.000,4,10.000,5.765,2072,false,2128.128,48.000,true
560.000,0,1.000,0.814,689,false,695.621,9.600,false
560.000,1,0.000,0.822,697,false,703.696,16.800,false
560.000,2,3.000,2.102,996,false,1015.500,25.200,false
560.000,3,3.000,2.716,1437,false,1462.641,36.000,false
560.000,4,4.000,5.236,2075,false,2125.832,48.000,true
561.000,0,0.000,0.570,689,false,693.178,9.600,false
561.000,1,3.000,1.475,700,false,713.230,16.800,false
561.000,2,1.000,1.772,997,false,1013.193,25.200,false
561.000,3,4.000,3.102,1440,false,1469.491,36.000,false
561.000,4,4.000,4.865,2079,false,2126.126,48.000,true
562.000,0,1.000,0.699,690,false,695.467,9.600,false
562.000,1,1.000,1.333,701,false,712.804,16.800,false
562.000,2,1.000,1.540,998,false,1011.878,25.200,false
562.000,3,3.000,3.071,1443,false,1472.187,36.000,false
562.000,4,7.000,5.505,2086,false,2139.531,48.000,true
563.000,0,0.000,0.489,690,false,693.370,9.600,false
563.000,1,2.000,1.533,703,false,716.805,16.800,false
563.000,2,3.000,1.978,1001,false,1019.257,25.200,false
563.000,3,0.000,2.150,1443,false,1462.974,36.000,false
563.000,4,4.000,5.054,2090,false,2139.014,48.000,true
564.000,0,0.000,0.343,690,false,691.902,9.600,false
564.000,1,2.000,1.673,705,false,720.207,16.800,false
564.000,2,4.000,2.585,1005,false,1029.323,25.200,true
564.000,3,3.000,2.405,1446,false,1468.524,36.000,false
564.000,4,4.000,4.738,2094,false,2139.853,48.000,false
565.000,0,0.000,0.240,689,false,689.874,9.600,false
565.000,1,2.000,1.771,706,false,722.188,16.800,true
565.000,2,2.000,2.409,1007,false,1029.569,25.200,false
565.000,3,2.000,2.283,1447,false,1468.310,36.000,false
565.000,4,5.000,4.816,2099,false,2145.640,48.000,true
566.000,0,2.000,0.768,691,false,697.155,9.600,false
566.000,1,3.000,2.140,709,false,728.874,16.800,true
566.000,2,3.000,2.586,1009,false,1033.341,25.200,true
566.000,3,1.000,1.898,1448,false,1465.460,36.000,false
566.000,4,2.000,3.971,2101,false,2139.191,48.000,false
567.000,0,2.000,1.137,683,false,702.851,9.600,true
567.000,1,2.000,2.098,721,false,740.455,16.800,true
567.000,2,2.000,2.411,1011,false,1033.582,25.200,false
567.000,3,4.000,2.529,1452,false,1475.765,36.000,false
567.000,4,5.000,4.280,2105,false,2146.276,48.000,false
568.000,0,3.000,1.696,686,false,701.439,9.600,true
568.000,1,1.000,1.768,722,false,738.161,16.800,true
568.000,2,0.000,1.687,1011,false,1026.350,25.200,false
568.000,3,4.000,2.970,1455,false,1483.178,36.000,false
568.000,4,1.000,3.296,2106,false,2137.436,48.000,false
569.000,0,2.000,1.787,688,false,704.350,9.600,true
569.000,1,0.000,1.238,721,false,731.856,16.800,false
569.000,2,2.000,1.781,1013,false,1029.288,25.200,false
569.000,3,1.000,2.379,1456,false,1478.268,36.000,false
569.000,4,4.000,3.507,2110,false,2143.548,48.000,false
570.000,0,0.000,1.251,688,false,698.988,9.600,true
570.000,1,0.000,0.867,721,false,728.142,16.800,false
570.000,2,0.000,1.247,1013,false,1023.944,25.200,false
570.000,3,3.000,2.565,1459,false,1483.130,36.000,false
570.000,4,9.000,5.155,2119,false,2169.027,48.000,true
571.000,0,0.000,0.876,688,false,695.234,9.600,false
571.000,1,1.000,0.907,722,false,729.542,16.800,false
571.000,2,2.000,1.473,1015,false,1028.204,25.200,false
571.000,3,2.000,2.396,1461,false,1483.434,36.000,false
571.000,4,4.000,4.809,2123,false,2169.562,48.000,true
572.000,0,2.000,1.213,690,false,700.607,9.600,true
572.000,1,4.000,1.835,726,false,742.822,16.800,true
572.000,2,1.000,1.331,1016,false,1027.786,25.200,false
572.000,3,3.000,2.577,1464,false,1488.247,36.000,false
572.000,4,6.000,5.166,2129,false,2179.136,48.000,true
573.000,0,1.000,1.149,691,false,700.968,9.600,true
573.000,1,0.000,1.284,726,false,737.319,16.800,false
573.000,2,2.000,1.532,1017,false,1030.793,25.200,false
573.000,3,4.000,3.004,1468,false,1496.516,36.000,false
573.000,4,2.000,4.216,2131,false,2171.638,48.000,false
574.000,0,0.000,0.804,691,false,697.520,9.600,false
574.000,1,2.000,1.499,728,false,741.466,16.800,false
574.000,2,2.000,1.672,1019,false,1034.198,25.200,false
574.000,3,4.000,3.303,1471,false,1502.504,36.000,false
574.000,4,5.000,4.451,2135,false,2177.989,48.000,false
575.000,0,0.000,0.563,691,false,695.107,9.600,false
575.000,1,1.000,1.349,729,false,740.969,16.800,false
575.000,2,3.000,2.071,1022,false,1041.181,25.200,false
575.000,3,2.000,2.912,1473,false,1500.595,36.000,false
575.000,4,1.000,3.416,2136,false,2168.635,48.000,false
576.000,0,0.000,0.394,691,false,693.418,9.600,false
576.000,1,1.000,1.244,729,false,739.921,16.800,false
576.000,2,2.000,2.049,1024,false,1042.970,25.200,false
576.000,3,2.000,2.638,1475,false,1499.860,36.000,false
576.000,4,5.000,3.891,2141,false,2178.388,48.000,false
577.000,0,0.000,0.276,691,false,692.235,9.600,false
577.000,1,0.000,0.871,729,false,736.188,16.800,false
577.000,2,1.000,1.735,1025,false,1040.822,25.200,false
577.000,3,2.000,2.447,1477,false,1499.945,36.000,false
577.000,4,5.000,4.224,2145,false,2185.714,48.000,false
578.000,0,0.000,0.193,691,false,691.408,9.600,false
578.000,1,3.000,1.510,732,false,745.574,16.800,false
578.000,2,3.000,2.114,1028,false,1047.618,25.200,false
578.000,3,0.000,1.713,1477,false,1492.604,36.000,false
578.000,4,1.000,3.257,2146,false,2177.043,48.000,false
579.000,0,1.000,0.435,692,false,694.828,9.600,false
579.000,1,2.000,1.657,734,false,749.045,16.800,false
579.000,2,3.000,2.380,1031,false,1053.275,25.200,false
579.000,3,4.000,2.399,1481,false,1503.466,36.000,false
579.000,4,2.000,2.880,2148,false,2175.273,48.000,false
580.000,0,1.000,0.605,693,false,697.523,9.600,false
580.000,1,0.000,1.160,733,false,743.074,16.800,false
580.000,2,4.000,2.866,1034,false,1061.136,25.200,true
580.000,3,4.000,2.879,1484,false,1511.269,36.000,false
580.000,4,5.000,3.516,2153,false,2186.634,48.000,false
581.000,0,0.000,0.423,693,false,695.709,9.600,false
581.000,1,3.000,1.712,736,false,751.595,16.800,true
581.000,2,1.000,2.306,1035,false,1056.538,25.200,false
581.000,3,6.000,3.815,1490,false,1526.631,36.000,true
581.000,4,2.000,3.061,2155,false,2184.087,48.000,false
582.000,0,0.000,0.296,693,false,694.439,9.600,false
582.000,1,3.000,2.098,739,false,758.459,16.800,true
582.000,2,4.000,2.814,1039,false,1065.619,25.200,true
582.000,3,2.000,3.271,1492,false,1523.185,36.000,false
582.000,4,3.000,3.043,2158,false,2186.903,48.000,false
583.000,0,0.000,0.207,693,false,693.550,9.600,false
583.000,1,6.000,3.269,735,false,776.164,16.800,true
583.000,2,1.000,2.270,1040,false,1061.176,25.200,false
583.000,3,3.000,3.190,1494,false,1524.372,36.000,false
583.000,4,10.000,5.130,2168,false,2217.775,48.000,true
584.000,0,0.000,0.145,702,false,701.928,9.600,false
584.000,1,1.000,2.588,735,false,759.358,16.800,true
584.000,2,3.000,2.489,1043,false,1066.366,25.200,false
584.000,3,2.000,2.833,1496,false,1522.803,36.000,false
584.000,4,7.000,5.691,2175,false,2230.386,48.000,true
585.000,0,1.000,0.402,703,false,705.492,9.600,false
585.000,1,4.000,3.012,739,false,767.593,16.800,true
585.000,2,2.000,2.342,1045,false,1066.899,25.200,false
585.000,3,3.000,2.883,1499,false,1526.305,36.000,false
585.000,4,4.000,5.184,2179,false,2229.313,48.000,true
586.000,0,0.000,0.281,703,false,704.288,9.600,false
586.000,1,1.000,2.408,740,false,762.558,16.800,true
586.000,2,3.000,2.540,1048,false,1071.872,25.200,true
586.000,3,1.000,2.318,1500,false,1521.656,36.000,false
586.000,4,4.000,4.829,2183,false,2229.762,48.000,true
587.000,0,1.000,0.497,704,false,707.444,9.600,false
587.000,1,2.000,2.286,742,false,763.334,16.800,true
587.000,2,1.000,2.078,1048,false,1067.254,25.200,false
587.000,3,2.000,2.223,1502,false,1522.702,36.000,false
587.000,4,4.000,4.580,2187,false,2231.276,48.000,false
588.000,0,1.000,0.648,705,false,709.954,9.600,false
588.000,1,2.000,2.200,744,false,764.476,16.800,true
588.000,2,2.000,2.054,1050,false,1069.020,25.200,false
588.000,3,6.000,3.356,1508,false,1540.035,36.000,false
588.000,4,5.000,4.706,2192,false,2237.536,48.000,false
589.000,0,0.000,0.453,705,false,708.010,9.600,false
589.000,1,4.000,2.740,747,false,772.876,16.800,true
589.000,2,1.000,1.738,1051,false,1066.857,25.200,false
589.000,3,3.000,3.249,1511,false,1541.967,36.000,false
589.000,4,4.000,4.494,2196,false,2239.418,48.000,false
590.000,0,1.000,0.617,706,false,710.650,9.600,false
590.000,1,0.000,1.918,747,false,764.656,16.800,true
590.000,2,2.000,1.817,1053,false,1069.643,25.200,false
590.000,3,6.000,4.074,1506,false,1555.220,36.000,true
590.000,4,4.000,4.346,2200,false,2241.936,48.000,false
591.000,0,2.000,1.032,718,false,726.798,9.600,true
591.000,1,0.000,1.343,747,false,758.902,16.800,false
591.000,2,1.000,1.572,1054,false,1068.193,25.200,false
591.000,3,4.000,4.052,1510,false,1548.997,36.000,true
591.000,4,3.000,3.942,2203,false,2240.898,48.000,false
592.000,0,0.000,0.723,717,false,722.701,9.600,false
592.000,1,0.000,0.940,747,false,754.874,16.800,false
592.000,2,3.000,2.000,1057,false,1075.478,25.200,false
592.000,3,3.000,3.736,1513,false,1548.841,36.000,true
592.000,4,2.000,3.360,2205,false,2237.071,48.000,false
593.000,0,1.000,0.806,718,false,724.534,9.600,false
593.000,1,0.000,0.658,747,false,752.055,16.800,false
593.000,2,1.000,1.700,1057,false,1072.477,25.200,false
593.000,3,4.000,3.816,1517,false,1553.631,36.000,true
593.000,4,4.000,3.552,2209,false,2242.993,48.000,false
594.000,0,0.000,0.564,718,false,722.117,9.600,false
594.000,1,2.000,1.061,748,false,757.081,16.800,false
594.000,2,3.000,2.090,1060,false,1079.377,25.200,false
594.000,3,2.000,3.271,1519,false,1550.185,36.000,false
594.000,4,4.000,3.686,2213,false,2248.338,48.000,false
595.000,0,1.000,0.695,719,false,724.424,9.600,false
595.000,1,1.000,1.042,749,false,757.900,16.800,false
595.000,2,2.000,2.063,1062,false,1081.107,25.200,false
595.000,3,5.000,3.790,1524,false,1560.372,36.000,true
595.000,4,3.000,3.480,2216,false,2249.279,48.000,false
596.000,0,0.000,0.486,719,false,722.340,9.600,false
596.000,1,1.000,1.030,750,false,758.773,16.800,false
596.000,2,4.000,2.644,1055,false,1089.918,25.200,true
596.000,3,5.000,4.153,1529,false,1569.003,36.000,true
596.000,4,1.000,2.736,2217,false,2242.838,48.000,false
597.000,0,0.000,0.340,729,false,730.881,9.600,false
597.000,1,1.000,1.021,751,false,759.684,16.800,false
597.000,2,1.000,2.151,1056,false,1075.985,25.200,false
597.000,3,3.000,3.807,1531,false,1567.545,36.000,true
597.000,4,4.000,3.115,2220,false,2249.630,48.000,false
598.000,0,0.000,0.238,729,false,729.859,9.600,false
598.000,1,1.000,1.015,752,false,760.621,16.800,false
598.000,2,2.000,2.106,1058,false,1077.532,25.200,false
598.000,3,3.000,3.565,1534,false,1568.125,36.000,false
598.000,4,4.000,3.381,2224,false,2256.284,48.000,false
599.000,0,0.000,0.167,728,false,728.144,9.600,false
599.000,1,1.000,1.010,753,false,761.578,16.800,false
599.000,2,3.000,2.374,1061,false,1083.216,25.200,false
599.000,3,5.000,3.995,1539,false,1577.430,36.000,true
599.000,4,5.000,3.867,2229,false,2266.141,48.000,false
